<?xml version="1.0" encoding="UTF-8"?>
<alto xmlns:xsi="http://www.w3.org/2001/XMLSchema-instance"
      xmlns="http://www.loc.gov/standards/alto/ns-v4#"
      xsi:schemaLocation="http://www.loc.gov/standards/alto/ns-v4# http://www.loc.gov/standards/alto/v4/alto-4-2.xsd">
  <Description>
    <MeasurementUnit>pixel</MeasurementUnit>
    <sourceImageInformation>
      <fileName>bsb00035303_00012.jpg</fileName>
    </sourceImageInformation>
  </Description>
  <Tags>
    <OtherTag ID="BT7" LABEL="CustomZone" DESCRIPTION="block type CustomZone"/><OtherTag ID="BT8" LABEL="DamageZone" DESCRIPTION="block type DamageZone"/><OtherTag ID="BT9" LABEL="DigitizationArtefactZone" DESCRIPTION="block type DigitizationArtefactZone"/><OtherTag ID="BT10" LABEL="DropCapitalZone" DESCRIPTION="block type DropCapitalZone"/><OtherTag ID="BT11" LABEL="GraphicZone" DESCRIPTION="block type GraphicZone"/><OtherTag ID="BT12" LABEL="MainZone" DESCRIPTION="block type MainZone"/><OtherTag ID="BT13" LABEL="MarginTextZone" DESCRIPTION="block type MarginTextZone"/><OtherTag ID="BT14" LABEL="MusicZone" DESCRIPTION="block type MusicZone"/><OtherTag ID="BT15" LABEL="NumberingZone" DESCRIPTION="block type NumberingZone"/><OtherTag ID="BT17" LABEL="QuireMarksZone" DESCRIPTION="block type QuireMarksZone"/><OtherTag ID="BT18" LABEL="RunningTitleZone" DESCRIPTION="block type RunningTitleZone"/><OtherTag ID="BT19" LABEL="SealZone" DESCRIPTION="block type SealZone"/><OtherTag ID="BT20" LABEL="StampZone" DESCRIPTION="block type StampZone"/><OtherTag ID="BT21" LABEL="TableZone" DESCRIPTION="block type TableZone"/><OtherTag ID="BT22" LABEL="TitlePageZone" DESCRIPTION="block type TitlePageZone"/><OtherTag ID="BT985" LABEL="MainZone-Other" DESCRIPTION="block type MainZone-Other"/><OtherTag ID="BT986" LABEL="MainZone-Signature" DESCRIPTION="block type MainZone-Signature"/><OtherTag ID="BT987" LABEL="MainZone-Head" DESCRIPTION="block type MainZone-Head"/><OtherTag ID="BT988" LABEL="MainZone-P" DESCRIPTION="block type MainZone-P"/><OtherTag ID="BT989" LABEL="MainZone-P-Continued" DESCRIPTION="block type MainZone-P-Continued"/><OtherTag ID="BT990" LABEL="MarginTextZone-Notes" DESCRIPTION="block type MarginTextZone-Notes"/><OtherTag ID="BT991" LABEL="MainZone-Lg" DESCRIPTION="block type MainZone-Lg"/>
    <OtherTag ID="LT7" LABEL="CustomLine" DESCRIPTION="line type CustomLine"/><OtherTag ID="LT8" LABEL="DefaultLine" DESCRIPTION="line type DefaultLine"/><OtherTag ID="LT9" LABEL="DropCapitalLine" DESCRIPTION="line type DropCapitalLine"/><OtherTag ID="LT10" LABEL="HeadingLine" DESCRIPTION="line type HeadingLine"/><OtherTag ID="LT11" LABEL="InterlinearLine" DESCRIPTION="line type InterlinearLine"/><OtherTag ID="LT12" LABEL="MusicLine" DESCRIPTION="line type MusicLine"/>
  </Tags>
  <Layout>
    <Page WIDTH="1128"
          HEIGHT="1876"
          PHYSICAL_IMG_NR="11"
          ID="eSc_dummypage_">
      <PrintSpace HPOS="0"
                  VPOS="0"
                  WIDTH="1128"
                  HEIGHT="1876">
        <TextBlock HPOS="238.62551879882812"
                   VPOS="210.83035278320312"
                   WIDTH="838.7066345214844"
                   HEIGHT="447.9734191894531"
                   ID="block_4"
                   TAGREFS="BT989">
          <Shape><Polygon POINTS="238.626 210.83 1077.33 210.83 1077.33 658.804 238.626 658.804 238.626 210.83"/></Shape>
          <TextLine ID="line_1"
                    TAGREFS="LT8"
                    BASELINE="248 251 1071 251" 
                    HPOS="248"
                    VPOS="219"
                    WIDTH="823"
                    HEIGHT="51">
            <Shape><Polygon POINTS="560 219 550 219 545 219 541 221 537 224 443 224 442 223 438 219 435 219 425 219 414 219 404 219 394 219 383 219 373 219 371 219 353 223 352 223 350 223 334 219 331 219 321 219 312 219 298 223 288 219 279 219 268 219 248 223 248 251 248 262 261 269 262 269 263 270 337 270 337 269 338 269 356 262 361 261 366 262 382 267 383 267 384 267 420 263 434 261 436 263 446 269 447 269 448 269 449 269 480 263 491 261 513 263 579 269 580 270 618 270 618 269 619 269 620 269 628 263 632 261 712 261 719 263 732 269 733 269 734 269 736 269 747 264 752 261 811 261 814 264 821 269 822 269 823 269 824 269 825 269 841 264 850 261 868 264 898 269 899 270 936 270 936 269 937 269 949 264 954 262 958 264 965 269 966 269 967 269 968 269 991 264 1007 261 1015 264 1023 268 1024 268 1025 268 1026 268 1036 264 1043 262 1070 264 1071 251 1070 219 578 223 572 221 561 219 560 219"/></Shape>
	    <String CONTENT="gni eſſent, ut &amp; uentri ſuocibum, item ab illo per miracu"
                    HPOS="248"
                    VPOS="219"
                    WIDTH="823"
                    HEIGHT="51"
                    WC="0.990442296914887"></String>
          </TextLine>
          <TextLine ID="line_2"
                    TAGREFS="LT8"
                    BASELINE="243 299 1071 299" 
                    HPOS="243"
                    VPOS="259"
                    WIDTH="828"
                    HEIGHT="58">
            <Shape><Polygon POINTS="243 299 243 315 270 310 310 310 317 315 319 316 320 316 321 316 322 316 351 315 450 310 459 314 463 316 464 316 466 316 467 316 471 314 481 310 499 314 507 316 508 316 509 316 524 314 552 310 562 314 568 316 569 316 570 317 643 317 643 316 644 316 645 316 648 313 654 310 733 310 740 313 744 316 745 316 746 316 747 317 773 317 773 316 774 316 775 316 779 313 783 310 810 313 832 315 834 315 835 315 844 313 854 310 857 313 862 316 863 316 864 316 865 316 883 312 895 310 917 312 952 316 953 316 1071 311 1071 299 1069 261 1046 269 999 262 998 262 997 262 996 262 986 270 884 270 850 262 839 260 838 260 837 260 831 262 817 269 806 262 801 259 800 259 799 259 739 259 738 259 737 259 728 263 723 265 689 263 624 259 623 259 622 259 606 264 591 268 576 264 560 259 559 259 475 259 474 259 473 259 472 259 462 264 453 270 305 270 286 266 259 260 258 260 257 260 243 265 243 299"/></Shape>
	    <String CONTENT="lumcogerentur expectare, donec diſcerent, non minus ad"
                    HPOS="243"
                    VPOS="259"
                    WIDTH="828"
                    HEIGHT="58"
                    WC="0.995934976471795"></String>
          </TextLine>
          <TextLine ID="line_3"
                    TAGREFS="LT8"
                    BASELINE="246 348 1070 350" 
                    HPOS="246"
                    VPOS="307"
                    WIDTH="824"
                    HEIGHT="59">
            <Shape><Polygon POINTS="246 348 246 364 297 359 341 364 350 365 351 366 388 366 388 365 389 365 391 364 402 359 429 364 435 365 436 365 437 365 440 364 456 359 541 364 560 365 561 365 562 365 567 364 586 359 609 364 616 365 617 365 629 364 666 360 674 364 678 366 679 366 680 366 694 364 719 360 743 364 757 366 758 366 759 366 768 364 783 360 811 364 827 366 828 366 853 364 891 360 909 364 920 366 921 366 1069 363 1070 350 1066 311 1052 319 1037 312 1036 312 1035 312 945 319 932 310 930 309 929 309 928 309 927 309 911 310 869 314 826 310 816 309 815 309 814 309 813 309 813 310 798 321 708 321 664 309 657 308 616 308 615 308 614 308 611 309 591 319 511 319 463 308 462 308 461 308 458 308 436 310 435 310 434 310 423 319 338 319 327 311 326 311 325 311 324 311 293 317 246 307 246 348"/></Shape>
	    <String CONTENT="ſanctameruditionem, noſtrã operam adhibendam, quan"
                    HPOS="246"
                    VPOS="307"
                    WIDTH="824"
                    HEIGHT="59"
                    WC="0.9989348942158269"></String>
          </TextLine>
          <TextLine ID="line_4"
                    TAGREFS="LT8"
                    BASELINE="246 399 1068 397" 
                    HPOS="244"
                    VPOS="359"
                    WIDTH="824"
                    HEIGHT="59">
            <Shape><Polygon POINTS="246 399 246 418 292 409 377 409 387 417 388 417 389 417 390 417 394 417 437 409 474 416 480 417 481 417 491 416 521 412 529 416 532 417 533 417 534 417 535 417 538 416 551 410 593 415 611 417 612 417 614 417 615 417 618 415 628 409 697 409 703 414 705 416 706 416 707 416 708 417 727 417 727 416 728 416 729 416 732 414 741 408 769 413 785 416 786 416 818 413 866 408 912 408 923 412 932 415 933 415 934 415 935 415 948 412 955 410 960 412 971 416 972 416 973 416 1067 410 1068 397 1066 368 990 368 965 361 964 361 963 361 904 367 850 359 849 359 848 359 830 367 822 360 821 360 820 360 795 359 794 359 793 359 792 359 779 367 761 359 759 359 726 359 725 359 677 367 665 359 664 359 663 359 661 359 660 359 659 359 651 365 645 360 644 360 643 360 642 360 616 365 590 360 589 360 587 360 586 360 575 368 413 360 412 360 411 360 410 360 400 369 244 369 246 399"/></Shape>
	    <String CONTENT="quam omnia bona ueraq; doceat ſolus ſpiritus Dei, quam"
                    HPOS="244"
                    VPOS="359"
                    WIDTH="824"
                    HEIGHT="59"
                    WC="0.9957655833827125"></String>
          </TextLine>
          <TextLine ID="line_5"
                    TAGREFS="LT8"
                    BASELINE="246 447 1069 445" 
                    HPOS="244"
                    VPOS="411"
                    WIDTH="825"
                    HEIGHT="54">
            <Shape><Polygon POINTS="246 447 246 459 321 459 335 465 336 465 337 465 338 465 362 459 410 465 411 465 412 465 425 459 505 465 506 465 558 459 568 465 569 465 570 465 571 465 656 458 693 464 694 464 795 458 805 464 806 464 807 464 808 464 810 464 824 458 850 464 851 464 852 464 914 459 960 464 961 464 1069 456 1069 445 1066 420 1001 420 1000 420 984 411 983 411 951 411 950 411 949 411 935 418 919 411 918 411 917 411 831 417 737 411 736 411 734 411 718 420 638 412 636 412 635 412 634 412 624 421 624 422 602 422 601 421 572 412 571 412 570 412 569 412 568 412 555 421 555 422 544 422 475 422 429 412 428 412 427 412 406 421 391 414 390 414 389 414 359 420 339 413 338 413 337 413 292 421 279 413 278 413 277 413 276 413 244 422 246 447"/></Shape>
	    <String CONTENT="ut corpori parentur alimenta, quod &amp; ipſum ſola uir¬"
                    HPOS="244"
                    VPOS="411"
                    WIDTH="825"
                    HEIGHT="54"
                    WC="0.9860844027537566"></String>
          </TextLine>
          <TextLine ID="line_6"
                    TAGREFS="LT8"
                    BASELINE="243 496 1068 498" 
                    HPOS="242"
                    VPOS="457"
                    WIDTH="826"
                    HEIGHT="59">
            <Shape><Polygon POINTS="243 496 242 506 273 512 274 512 329 506 335 506 336 506 346 514 347 514 348 514 349 514 417 509 431 513 432 513 433 513 434 513 447 507 488 514 489 514 491 514 513 506 516 506 554 506 556 506 577 514 578 514 579 514 627 507 657 513 658 513 659 513 674 507 806 507 818 513 819 513 820 513 821 513 822 513 838 507 857 515 859 515 860 516 966 516 966 515 967 515 968 515 976 510 1024 515 1025 515 1067 506 1068 498 1066 458 1028 466 979 459 978 459 945 465 932 459 929 458 928 458 927 458 916 459 861 464 845 459 840 458 839 458 838 458 837 458 836 458 835 459 826 464 782 460 762 458 761 458 750 460 724 466 705 460 697 458 696 458 695 458 694 458 685 460 669 466 585 466 578 461 577 460 576 460 575 460 574 460 557 461 523 465 517 462 509 458 508 458 507 458 506 458 492 462 480 465 470 462 452 457 451 457 385 457 384 457 383 457 382 457 375 463 371 465 355 463 316 458 315 458 286 464 278 465 275 464 260 457 259 457 258 457 257 457 243 463 243 496"/></Shape>
	    <String CONTENT="tus Dei ſustentat. Etenim dum rectis iudicijs plurimi"
                    HPOS="242"
                    VPOS="457"
                    WIDTH="826"
                    HEIGHT="59"
                    WC="0.9969548526799904"></String>
          </TextLine>
          <TextLine ID="line_7"
                    TAGREFS="LT8"
                    BASELINE="242 549 1066 547" 
                    HPOS="241"
                    VPOS="508"
                    WIDTH="825"
                    HEIGHT="58">
            <Shape><Polygon POINTS="242 549 242 566 296 558 382 558 394 563 395 563 396 563 397 563 417 558 427 564 428 564 429 564 430 564 431 564 452 558 503 563 504 563 544 559 553 565 554 565 555 565 556 565 564 565 664 557 699 563 700 563 701 563 714 557 764 564 768 564 769 565 829 565 829 564 830 564 832 563 849 557 874 563 877 564 878 564 879 564 890 563 929 559 939 563 942 564 943 564 944 564 952 563 977 559 1010 563 1024 564 1025 564 1026 564 1031 563 1043 557 1063 562 1066 547 1063 513 1039 515 1035 512 1030 508 1028 508 1027 508 1026 508 1025 508 1008 512 991 517 878 517 844 512 814 508 813 508 812 508 798 512 781 516 759 511 743 508 742 508 741 508 740 508 736 511 729 516 714 511 702 508 701 508 700 508 682 511 652 517 624 511 614 509 612 509 611 509 605 511 586 517 567 511 561 509 560 509 559 509 558 509 557 509 555 511 546 519 406 519 390 510 387 509 386 509 385 509 384 509 382 510 368 517 354 510 352 509 351 509 350 509 241 509 242 549"/></Shape>
	    <String CONTENT="pollebunt, &amp; minus loci inueniet impoſtura, &amp; amplior"
                    HPOS="241"
                    VPOS="508"
                    WIDTH="825"
                    HEIGHT="58"
                    WC="0.9900691183108203"></String>
          </TextLine>
          <TextLine ID="line_8"
                    TAGREFS="LT8"
                    BASELINE="240 596 1065 599" 
                    HPOS="239"
                    VPOS="555"
                    WIDTH="826"
                    HEIGHT="63">
            <Shape><Polygon POINTS="240 596 239 606 283 612 284 612 320 607 324 607 325 607 333 614 334 614 335 614 336 615 430 615 430 614 458 609 470 607 482 609 516 615 517 615 587 610 610 609 628 611 658 614 659 614 660 614 661 614 666 611 671 608 700 611 730 615 731 615 748 612 768 608 780 612 790 616 791 616 792 616 793 616 802 613 813 609 835 613 852 616 853 618 891 618 891 616 892 616 898 614 911 609 937 614 949 616 950 616 1008 615 1019 614 1020 614 1021 614 1027 609 1063 615 1065 599 1065 566 914 559 913 559 888 564 853 557 852 557 851 557 834 564 789 556 788 556 787 556 768 563 757 557 756 557 755 557 754 557 753 557 731 562 721 557 720 557 719 557 691 563 670 556 669 556 668 556 667 556 666 556 656 564 565 564 557 558 556 558 555 558 554 558 517 563 474 555 473 555 435 560 428 555 427 555 426 555 300 555 299 555 298 555 282 563 240 563 240 596"/></Shape>
	    <String CONTENT="in rebus ſingulis bonitatis Dei admiratio atque cognitio,"
                    HPOS="239"
                    VPOS="555"
                    WIDTH="826"
                    HEIGHT="63"
                    WC="0.9979673101190936"></String>
          </TextLine>
          <TextLine ID="line_9"
                    TAGREFS="LT8"
                    BASELINE="243 648 773 645" 
                    HPOS="242"
                    VPOS="608"
                    WIDTH="531"
                    HEIGHT="57">
            <Shape><Polygon POINTS="243 648 244 665 270 658 327 658 338 663 340 664 341 664 342 664 344 664 345 664 345 663 351 658 359 663 360 664 361 664 362 664 363 664 364 664 368 663 377 659 380 662 382 664 382 665 383 665 384 665 385 665 386 665 391 662 400 658 462 661 534 664 535 664 536 664 548 659 553 657 564 659 595 664 596 664 597 664 598 664 608 658 611 656 620 658 648 663 649 663 690 657 743 663 744 663 745 663 773 654 773 645 771 618 706 608 705 608 704 608 687 616 619 610 618 610 574 618 494 618 472 609 471 609 470 609 469 609 468 609 455 618 429 609 428 609 427 609 426 609 425 609 408 620 321 620 300 610 299 610 258 610 257 610 256 610 255 610 242 618 243 648"/></Shape>
	    <String CONTENT="plurimum ad pietatem promouebit."
                    HPOS="242"
                    VPOS="608"
                    WIDTH="531"
                    HEIGHT="57"
                    WC="0.9983507953584194"></String>
          </TextLine>
        </TextBlock>
        <TextBlock HPOS="476.90814208984375"
                   VPOS="140.75868225097656"
                   WIDTH="378.8544921875"
                   HEIGHT="58.381195068359375"
                   ID="block_3"
                   TAGREFS="BT18">
          <Shape><Polygon POINTS="476.908 140.759 855.763 140.759 855.763 199.14 476.908 199.14 476.908 140.759"/></Shape>
          <TextLine ID="line_0"
                    TAGREFS="LT8"
                    BASELINE="484 182 849 181" 
                    HPOS="483"
                    VPOS="140"
                    WIDTH="366"
                    HEIGHT="56">
            <Shape><Polygon POINTS="838 146 827 146 817 146 814 146 808 151 802 146 796 146 786 146 775 146 765 146 754 146 744 146 733 146 724 146 723 147 721 146 713 146 702 146 692 146 683 146 666 152 651 146 650 146 640 146 629 146 619 146 616 146 605 150 600 146 598 146 587 146 578 146 571 153 531 153 523 146 515 146 504 146 503 140 483 140 484 182 484 196 521 195 522 195 523 195 523 194 530 188 576 188 582 194 582 195 583 195 584 195 585 195 586 195 608 188 659 194 660 194 661 194 682 189 700 195 701 195 702 195 703 195 704 195 715 189 734 195 736 195 737 195 775 188 807 195 808 195 810 195 811 195 811 194 819 188 846 195 849 181 847 146 838 146"/></Shape>
	    <String CONTENT="M. BVCERI"
                    HPOS="483"
                    VPOS="140"
                    WIDTH="366"
                    HEIGHT="56"
                    WC="0.9998682472440932"></String>
          </TextLine>
        </TextBlock>
        <TextBlock HPOS="235.91824340820312"
                   VPOS="663.3656005859375"
                   WIDTH="842.1921081542969"
                   HEIGHT="921.15576171875"
                   ID="block_0"
                   TAGREFS="BT988">
          <Shape><Polygon POINTS="235.918 663.366 1078.11 663.366 1078.11 1584.52 235.918 1584.52 235.918 663.366"/></Shape>
          <TextLine ID="line_10"
                    TAGREFS="LT8"
                    BASELINE="289 698 1067 696" 
                    HPOS="288"
                    VPOS="692"
                    WIDTH="779"
                    HEIGHT="25">
            <Shape><Polygon POINTS="1060 692 1049 692 1039 692 1028 692 1018 692 1008 692 997 692 987 692 976 692 966 692 955 692 945 692 935 692 924 692 914 692 903 692 893 692 883 692 872 692 862 692 851 692 841 692 830 692 820 692 810 692 799 692 789 692 778 692 768 692 757 692 747 692 737 692 726 692 716 692 705 692 695 692 684 692 674 692 664 692 653 692 643 692 632 692 622 692 611 692 601 692 591 692 580 692 570 692 559 692 549 692 538 692 528 692 518 692 507 692 497 692 486 692 476 692 466 692 455 692 445 692 434 692 424 692 413 692 403 692 393 692 382 692 372 692 361 692 351 692 340 692 330 692 320 692 309 692 299 692 288 692 289 698 289 708 338 716 339 716 374 709 380 708 456 708 458 709 464 714 466 714 467 714 468 714 520 709 538 708 542 709 553 716 554 716 555 717 615 717 615 716 616 716 626 710 630 708 643 710 676 716 677 716 678 716 691 710 698 707 800 707 812 710 822 714 823 714 824 714 861 711 900 707 920 711 936 714 937 714 938 714 948 711 964 707 985 711 1000 714 1001 714 1015 711 1034 707 1065 711 1067 696 1066 692 1060 692"/></Shape>
	    <String CONTENT="dapuanne dujpimeiauenapaeuta,taujair"
                    HPOS="288"
                    VPOS="692"
                    WIDTH="779"
                    HEIGHT="25"
                    WC="0.9487508883078893"></String>
          </TextLine>
          <TextLine ID="line_11"
                    TAGREFS="LT8"
                    BASELINE="241 744 1064 747" 
                    HPOS="240"
                    VPOS="705"
                    WIDTH="824"
                    HEIGHT="58">
            <Shape><Polygon POINTS="241 744 240 756 393 761 394 761 413 758 426 756 440 758 458 761 459 761 482 759 504 756 520 759 537 762 538 763 625 763 625 762 626 762 632 760 642 757 683 760 708 762 709 762 718 761 734 757 740 761 741 762 742 762 743 762 744 762 758 761 788 758 794 761 798 763 799 763 800 763 801 763 806 761 815 758 999 763 1020 763 1021 763 1022 763 1035 758 1062 763 1064 747 1063 709 1027 707 1026 707 1025 707 1020 709 1004 714 997 709 995 707 994 707 993 707 992 707 976 709 952 712 943 709 938 707 937 707 936 707 935 707 934 707 930 709 921 716 893 716 872 709 863 707 862 707 861 707 824 709 786 712 759 710 722 706 721 706 720 706 709 710 701 713 681 710 656 706 655 706 654 706 645 710 639 713 631 710 621 706 620 706 619 706 618 706 617 706 609 710 605 713 564 713 558 710 549 706 548 706 547 706 515 710 499 705 498 705 497 705 418 711 398 712 396 711 386 705 385 705 384 705 383 705 382 705 381 705 374 711 372 713 324 713 320 711 298 705 297 705 296 705 241 711 241 744"/></Shape>
	    <String CONTENT="ctum &amp; laudatũ Cel.tuæ institutũ, uelint æmulari, ſic"
                    HPOS="240"
                    VPOS="705"
                    WIDTH="824"
                    HEIGHT="58"
                    WC="0.9984090783379295"></String>
          </TextLine>
          <TextLine ID="line_12"
                    TAGREFS="LT8"
                    BASELINE="240 795 1065 795" 
                    HPOS="240"
                    VPOS="755"
                    WIDTH="825"
                    HEIGHT="61">
            <Shape><Polygon POINTS="240 795 240 809 319 807 327 809 344 815 345 815 346 815 347 815 357 809 362 807 404 807 410 809 426 815 427 815 428 816 583 816 583 815 584 815 585 815 594 808 596 807 597 808 608 815 609 815 610 815 644 808 651 807 653 808 667 815 668 815 669 815 758 808 771 807 773 808 781 815 782 815 783 815 785 816 816 816 816 815 817 815 834 807 835 807 850 815 851 815 852 816 890 816 890 815 891 815 915 807 916 807 917 807 945 815 946 815 947 816 1024 816 1024 815 1065 806 1065 795 1064 760 1052 762 1047 760 1038 755 1037 755 1036 755 1009 759 978 764 936 759 901 755 900 755 899 755 890 759 875 766 850 766 841 759 837 755 836 755 835 755 834 755 800 758 765 762 750 758 739 755 738 755 737 755 736 755 734 755 731 758 726 762 608 764 590 757 583 755 582 755 581 755 580 755 576 757 564 764 521 764 509 757 507 755 506 755 505 755 504 755 503 755 498 757 479 766 445 766 429 756 426 755 425 755 424 755 240 755 240 795"/></Shape>
	    <String CONTENT="declaraturi agnoſcere ſe, à Domino ipſius plebi. præfe¬"
                    HPOS="240"
                    VPOS="755"
                    WIDTH="825"
                    HEIGHT="61"
                    WC="0.9934127405285835"></String>
          </TextLine>
          <TextLine ID="line_13"
                    TAGREFS="LT8"
                    BASELINE="239 845 1066 845" 
                    HPOS="239"
                    VPOS="807"
                    WIDTH="827"
                    HEIGHT="52">
            <Shape><Polygon POINTS="239 845 239 858 1064 859 1066 845 1064 813 1017 815 1013 812 1004 808 1003 808 1002 808 1001 808 1000 808 994 812 990 815 981 812 966 809 965 809 946 812 936 813 925 811 900 807 899 807 866 811 847 813 812 811 759 807 758 807 757 807 756 807 752 810 746 815 730 810 718 807 717 807 716 807 715 807 714 807 709 810 702 816 678 816 670 810 667 807 666 807 665 807 583 807 582 807 581 807 576 809 564 815 557 809 556 808 555 808 554 808 553 808 552 808 551 808 550 809 543 816 498 816 485 808 482 807 481 807 480 807 479 807 474 808 451 816 388 816 380 808 379 808 378 808 347 807 346 807 345 807 344 807 326 816 290 816 281 807 280 807 279 807 239 807 239 845"/></Shape>
	    <String CONTENT="ctos, quorum primum ſtudium eße debeat, ut illa bonita¬"
                    HPOS="239"
                    VPOS="807"
                    WIDTH="827"
                    HEIGHT="52"
                    WC="0.9884287086400119"></String>
          </TextLine>
          <TextLine ID="line_14"
                    TAGREFS="LT8"
                    BASELINE="240 896 1070 894" 
                    HPOS="239"
                    VPOS="854"
                    WIDTH="831"
                    HEIGHT="60">
            <Shape><Polygon POINTS="240 896 240 906 350 906 353 907 364 914 365 914 366 914 368 914 389 907 393 907 405 907 505 914 506 914 533 908 544 906 547 908 555 914 556 914 557 914 558 914 559 914 575 908 579 907 584 908 604 914 605 914 606 914 607 914 608 914 614 908 618 906 673 906 677 909 681 912 682 912 683 912 684 912 685 912 698 909 709 906 804 906 817 909 826 912 827 912 828 914 885 914 885 912 886 912 894 910 905 906 915 910 921 912 922 912 923 912 950 910 988 907 1068 910 1070 894 1068 865 978 865 961 856 960 856 959 856 924 864 901 854 900 854 855 854 854 854 853 854 824 864 765 857 764 857 731 864 717 854 716 854 715 854 714 854 677 862 658 857 657 857 656 857 596 865 553 859 552 859 551 859 530 865 519 855 518 855 517 855 516 855 451 865 438 855 437 855 436 855 270 855 268 855 267 855 239 866 240 896"/></Shape>
	    <String CONTENT="tem Dei ſui agnoſcat, &amp; aduoluntatem ipſius ſua uni¬"
                    HPOS="239"
                    VPOS="854"
                    WIDTH="831"
                    HEIGHT="60"
                    WC="0.9846062522668105"></String>
          </TextLine>
          <TextLine ID="line_15"
                    TAGREFS="LT8"
                    BASELINE="239 946 1069 944" 
                    HPOS="238"
                    VPOS="903"
                    WIDTH="831"
                    HEIGHT="62">
            <Shape><Polygon POINTS="239 946 239 959 253 965 254 965 255 965 256 965 265 959 272 956 288 960 309 965 310 965 332 960 351 956 363 960 375 965 376 965 377 965 378 965 379 965 384 960 390 956 562 956 576 961 577 961 578 961 580 961 610 956 618 961 620 964 621 964 622 964 623 965 683 965 683 964 684 964 688 963 703 955 721 963 722 963 723 963 724 963 725 963 726 963 742 955 780 955 807 963 808 963 810 963 811 963 832 955 842 963 842 964 843 964 844 964 845 964 850 963 880 956 896 964 897 964 898 964 899 965 946 965 946 964 947 964 948 964 969 956 981 964 982 964 983 964 984 965 1068 965 1069 944 1066 906 1035 914 935 914 923 907 916 904 915 904 914 904 891 908 866 912 860 908 853 904 852 904 851 904 850 904 849 904 848 904 843 908 838 914 823 914 814 909 800 903 799 903 798 903 797 903 772 909 763 911 753 909 720 903 719 903 718 903 717 903 707 910 703 914 677 914 673 910 666 905 665 905 664 905 663 905 661 905 660 905 653 910 648 915 626 915 621 911 611 905 610 905 609 905 608 905 583 910 528 904 527 904 526 904 525 904 515 912 512 914 503 912 445 906 444 906 401 914 387 905 386 905 385 905 384 905 383 905 373 910 365 904 364 904 363 904 252 904 251 904 250 904 249 904 238 911 239 946"/></Shape>
	    <String CONTENT="uerſa cõparet. Nam haud uulgaris Dei ira exiſtit, ut quoſ"
                    HPOS="238"
                    VPOS="903"
                    WIDTH="831"
                    HEIGHT="62"
                    WC="0.9873297163124742"></String>
          </TextLine>
          <TextLine ID="line_16"
                    TAGREFS="LT8"
                    BASELINE="239 994 1067 996" 
                    HPOS="238"
                    VPOS="955"
                    WIDTH="829"
                    HEIGHT="62">
            <Shape><Polygon POINTS="239 994 238 1004 370 1005 371 1006 380 1014 381 1014 382 1014 383 1014 384 1014 397 1007 398 1006 401 1007 418 1011 419 1011 420 1011 458 1007 474 1006 481 1008 504 1015 505 1015 506 1016 562 1016 562 1015 564 1015 565 1015 573 1009 574 1009 616 1015 617 1015 618 1015 619 1015 626 1009 631 1006 640 1010 653 1016 654 1016 655 1017 682 1017 682 1016 683 1016 684 1016 691 1010 695 1007 712 1011 732 1016 733 1016 734 1016 746 1011 750 1010 798 1013 886 1016 887 1016 888 1016 889 1016 891 1014 900 1007 962 1013 963 1013 964 1013 965 1013 972 1007 1047 1007 1064 1016 1067 996 1066 966 1023 956 1022 956 1021 956 1020 956 1008 965 864 956 863 956 862 956 861 956 850 965 836 965 826 965 823 965 769 956 768 956 767 956 745 965 744 965 724 956 723 956 722 956 690 963 652 955 651 955 611 965 568 965 554 955 553 955 552 955 551 955 457 964 455 964 434 955 433 955 432 955 431 955 399 964 383 956 382 956 381 956 380 956 364 960 321 955 320 955 281 964 279 964 278 964 260 955 259 955 258 955 257 955 239 963 239 994"/></Shape>
	    <String CONTENT="dam omnium cura plus quàm pietatis, apud ſuos excolen"
                    HPOS="238"
                    VPOS="955"
                    WIDTH="829"
                    HEIGHT="62"
                    WC="0.9781028341363978"></String>
          </TextLine>
          <TextLine ID="line_17"
                    TAGREFS="LT8"
                    BASELINE="240 1044 1065 1046" 
                    HPOS="239"
                    VPOS="1004"
                    WIDTH="826"
                    HEIGHT="61">
            <Shape><Polygon POINTS="239 1054 283 1064 284 1064 285 1064 312 1056 329 1064 330 1064 331 1064 386 1056 408 1063 409 1063 410 1063 411 1063 412 1063 423 1056 437 1063 438 1063 439 1063 472 1056 475 1056 476 1056 484 1064 485 1064 486 1064 487 1064 488 1064 512 1057 518 1056 542 1057 661 1065 663 1065 714 1058 730 1057 767 1057 769 1059 776 1065 777 1065 778 1065 779 1065 807 1059 822 1057 828 1059 840 1065 841 1065 842 1065 891 1060 929 1057 942 1060 953 1065 954 1065 955 1065 957 1065 958 1065 962 1062 965 1058 970 1062 978 1065 979 1065 981 1065 996 1062 1015 1057 1063 1062 1065 1046 1064 1016 886 1016 880 1013 874 1009 873 1009 872 1009 852 1013 839 1015 829 1013 810 1006 808 1006 807 1006 806 1006 796 1011 790 1015 733 1010 692 1008 691 1008 680 1010 660 1015 649 1009 636 1004 635 1004 634 1004 633 1004 620 1009 608 1015 562 1015 546 1008 532 1004 531 1004 530 1004 529 1004 520 1008 516 1010 510 1008 502 1004 501 1004 427 1004 426 1004 425 1004 418 1007 404 1011 386 1006 377 1004 376 1004 264 1004 263 1004 262 1004 260 1005 248 1009 242 1004 240 1044 239 1054"/></Shape>
	    <String CONTENT="dæ ſolicitet, &amp; nullorum ſumptuum plus pigeat, quam"
                    HPOS="239"
                    VPOS="1004"
                    WIDTH="826"
                    HEIGHT="61"
                    WC="0.996683935324351"></String>
          </TextLine>
          <TextLine ID="line_18"
                    TAGREFS="LT8"
                    BASELINE="239 1095 1065 1095" 
                    HPOS="239"
                    VPOS="1055"
                    WIDTH="826"
                    HEIGHT="60">
            <Shape><Polygon POINTS="239 1095 239 1112 325 1106 333 1112 335 1114 336 1114 337 1114 338 1115 362 1115 362 1114 374 1112 396 1106 428 1111 450 1114 451 1114 468 1111 491 1106 517 1111 541 1114 542 1114 543 1114 544 1114 548 1111 553 1106 618 1106 630 1109 646 1114 647 1114 648 1114 649 1114 650 1114 655 1109 660 1106 696 1106 703 1109 712 1113 713 1113 789 1114 790 1114 791 1114 802 1108 807 1106 828 1108 863 1112 864 1112 896 1107 910 1106 918 1107 948 1114 949 1114 950 1114 972 1107 976 1106 986 1107 1040 1114 1041 1114 1042 1114 1065 1106 1065 1095 1063 1058 1044 1066 921 1066 910 1059 900 1055 899 1055 898 1055 869 1059 839 1065 825 1060 814 1056 813 1056 812 1056 811 1056 795 1060 779 1065 770 1060 758 1055 757 1055 756 1055 755 1055 734 1060 721 1065 714 1062 703 1056 702 1056 701 1056 700 1056 699 1056 692 1062 687 1065 678 1062 672 1059 671 1059 670 1059 659 1062 646 1065 641 1062 635 1058 634 1058 633 1058 632 1058 607 1062 590 1065 585 1063 575 1055 574 1055 573 1055 572 1055 533 1062 496 1055 495 1055 494 1055 478 1064 477 1064 467 1055 466 1055 464 1055 309 1055 308 1055 307 1055 283 1065 282 1066 239 1066 239 1095"/></Shape>
	    <String CONTENT="qui in optima ſtudia fiunt. Dominus qui omniũm principi"
                    HPOS="239"
                    VPOS="1055"
                    WIDTH="826"
                    HEIGHT="60"
                    WC="0.9870476563061986"></String>
          </TextLine>
          <TextLine ID="line_19"
                    TAGREFS="LT8"
                    BASELINE="239 1144 1069 1146" 
                    HPOS="238"
                    VPOS="1105"
                    WIDTH="831"
                    HEIGHT="58">
            <Shape><Polygon POINTS="239 1144 238 1151 273 1159 274 1159 386 1153 402 1161 403 1161 404 1161 475 1153 525 1161 526 1161 527 1161 543 1154 575 1158 576 1158 615 1153 616 1153 617 1153 655 1162 656 1163 688 1163 688 1162 689 1162 690 1162 699 1154 709 1162 710 1162 712 1162 713 1162 789 1155 802 1162 803 1162 804 1162 805 1162 826 1156 845 1162 846 1162 847 1162 848 1162 871 1154 872 1154 959 1154 960 1154 970 1162 971 1162 972 1162 973 1163 1012 1163 1012 1162 1068 1154 1069 1146 1068 1116 1034 1116 1034 1115 1020 1106 1019 1106 1018 1106 1017 1106 981 1115 979 1116 943 1116 942 1115 926 1106 925 1106 924 1106 923 1106 922 1106 912 1115 911 1116 840 1116 838 1115 816 1108 815 1108 814 1108 813 1108 790 1115 788 1115 781 1115 698 1106 697 1106 696 1106 695 1106 684 1115 683 1116 664 1116 661 1115 650 1105 649 1105 648 1105 560 1105 559 1105 558 1105 557 1105 546 1114 545 1115 506 1115 505 1114 495 1106 494 1106 493 1106 436 1105 435 1105 434 1105 418 1112 399 1106 398 1106 397 1106 396 1106 382 1112 373 1105 372 1105 371 1105 273 1105 272 1105 239 1113 239 1144"/></Shape>
	    <String CONTENT="um corda in ſua manuhabet, dirigat ea, ut rite ipſum"
                    HPOS="238"
                    VPOS="1105"
                    WIDTH="831"
                    HEIGHT="58"
                    WC="0.9952511936426163"></String>
          </TextLine>
          <TextLine ID="line_20"
                    TAGREFS="LT8"
                    BASELINE="240 1195 1065 1193" 
                    HPOS="239"
                    VPOS="1152"
                    WIDTH="826"
                    HEIGHT="64">
            <Shape><Polygon POINTS="240 1195 240 1208 324 1215 325 1215 375 1208 405 1205 411 1208 421 1214 422 1214 423 1214 424 1214 434 1208 442 1205 528 1205 535 1208 545 1215 546 1215 547 1215 548 1216 592 1216 592 1215 593 1215 594 1215 601 1208 603 1207 609 1208 642 1215 643 1215 644 1215 645 1215 655 1208 663 1204 678 1208 698 1214 699 1214 700 1215 717 1215 717 1214 718 1214 719 1214 725 1208 731 1204 793 1205 796 1208 803 1214 804 1214 805 1214 806 1214 865 1208 867 1208 869 1208 905 1214 906 1214 908 1214 929 1208 945 1204 1063 1207 1065 1193 1063 1165 949 1165 901 1153 900 1153 899 1153 885 1158 864 1154 863 1154 862 1154 834 1164 806 1154 805 1154 804 1154 733 1163 707 1152 706 1152 705 1152 704 1152 691 1158 646 1156 645 1156 644 1156 643 1156 632 1165 582 1156 581 1156 580 1156 556 1165 535 1155 534 1155 533 1155 532 1155 513 1165 478 1153 477 1153 476 1153 397 1165 378 1153 377 1153 376 1153 273 1153 272 1153 271 1153 270 1153 255 1166 239 1166 240 1195"/></Shape>
	    <String CONTENT="agnoſcant &amp; colant, quo placidamubi &amp; quietamui¬"
                    HPOS="239"
                    VPOS="1152"
                    WIDTH="826"
                    HEIGHT="64"
                    WC="0.9794485739299229"></String>
          </TextLine>
          <TextLine ID="line_21"
                    TAGREFS="LT8"
                    BASELINE="238 1245 1067 1245" 
                    HPOS="238"
                    VPOS="1206"
                    WIDTH="829"
                    HEIGHT="59">
            <Shape><Polygon POINTS="238 1245 238 1256 280 1265 281 1265 332 1257 334 1257 404 1257 405 1257 422 1265 423 1265 424 1265 425 1265 451 1257 453 1257 457 1257 505 1265 506 1265 507 1265 533 1259 565 1265 566 1265 621 1260 646 1265 647 1265 648 1265 649 1265 656 1259 657 1257 660 1259 674 1264 675 1264 676 1264 677 1264 694 1259 699 1257 757 1257 762 1259 774 1265 775 1265 776 1265 802 1260 834 1265 835 1265 836 1265 848 1260 852 1257 864 1260 896 1265 897 1265 1067 1260 1067 1245 1067 1215 1036 1215 1024 1206 1023 1206 1022 1206 1021 1206 1020 1206 1000 1214 976 1206 975 1206 974 1206 973 1206 947 1215 818 1215 802 1206 801 1206 800 1206 799 1206 772 1214 758 1206 757 1206 724 1206 723 1206 554 1214 522 1206 521 1206 474 1212 329 1206 328 1206 327 1206 301 1214 292 1206 291 1206 290 1206 261 1206 260 1206 259 1206 238 1214 238 1245"/></Shape>
	    <String CONTENT="tam electi degant, cum pietate &amp; honeſtate·Is &amp; ſanctos"
                    HPOS="238"
                    VPOS="1206"
                    WIDTH="829"
                    HEIGHT="59"
                    WC="0.996067476272583"></String>
          </TextLine>
          <TextLine ID="line_22"
                    TAGREFS="LT8"
                    BASELINE="290 1294 1015 1296" 
                    HPOS="290"
                    VPOS="1256"
                    WIDTH="725"
                    HEIGHT="59">
            <Shape><Polygon POINTS="290 1294 290 1310 381 1305 389 1311 391 1312 393 1312 394 1312 435 1313 436 1313 452 1311 479 1305 497 1311 505 1313 506 1313 507 1313 525 1311 558 1305 574 1311 581 1313 582 1313 583 1313 584 1313 593 1311 610 1305 620 1311 624 1313 625 1313 626 1313 627 1313 632 1311 639 1307 647 1311 655 1314 656 1314 657 1315 733 1315 733 1314 734 1314 736 1314 736 1313 739 1311 744 1306 781 1311 801 1313 802 1313 803 1313 810 1311 824 1306 845 1311 860 1314 861 1314 884 1311 918 1306 936 1311 942 1313 943 1313 944 1313 945 1313 949 1311 959 1306 1013 1311 1015 1296 1012 1257 992 1266 859 1266 845 1259 842 1257 841 1257 840 1257 832 1259 806 1265 799 1259 798 1259 798 1257 797 1257 796 1257 737 1257 736 1257 734 1257 733 1257 731 1260 724 1266 664 1266 657 1261 653 1256 652 1256 651 1256 650 1256 627 1261 614 1263 603 1261 583 1256 582 1256 581 1256 580 1256 574 1261 570 1264 558 1261 538 1256 537 1256 495 1262 482 1263 477 1262 458 1256 457 1256 456 1256 455 1256 454 1256 446 1262 443 1264 422 1262 381 1259 380 1259 379 1259 370 1263 368 1264 364 1263 351 1256 350 1256 349 1256 290 1263 290 1294"/></Shape>
	    <String CONTENT="C.T. conatus ſecundet, eamq́; cũ liberis, &amp; omni"
                    HPOS="290"
                    VPOS="1256"
                    WIDTH="725"
                    HEIGHT="59"
                    WC="0.9907528502600533"></String>
          </TextLine>
          <TextLine ID="line_23"
                    TAGREFS="LT8"
                    BASELINE="332 1346 965 1344" 
                    HPOS="331"
                    VPOS="1303"
                    WIDTH="634"
                    HEIGHT="61">
            <Shape><Polygon POINTS="332 1346 332 1356 368 1356 376 1363 376 1364 377 1364 378 1364 379 1364 418 1356 420 1356 421 1356 436 1364 437 1364 438 1364 439 1364 462 1356 466 1356 505 1356 506 1358 511 1362 512 1362 513 1362 515 1362 516 1362 524 1358 530 1364 531 1364 532 1364 533 1364 534 1364 547 1358 550 1356 606 1356 609 1358 621 1364 622 1364 623 1364 658 1359 674 1355 678 1359 681 1362 682 1362 683 1362 684 1362 685 1362 695 1359 703 1355 780 1355 789 1359 798 1363 799 1363 800 1364 900 1364 900 1363 915 1360 936 1355 964 1360 965 1344 962 1307 869 1314 850 1309 830 1303 829 1303 828 1303 827 1303 808 1310 800 1312 785 1310 737 1303 736 1303 734 1303 733 1303 722 1311 717 1314 705 1311 691 1307 690 1307 689 1307 688 1307 687 1307 682 1312 678 1315 623 1315 620 1313 615 1307 615 1306 614 1306 612 1306 611 1306 610 1306 585 1313 578 1306 578 1305 577 1305 576 1305 537 1304 536 1304 535 1304 534 1304 523 1314 522 1315 486 1315 485 1315 475 1305 475 1304 474 1304 473 1304 452 1304 451 1304 450 1304 449 1304 437 1315 407 1315 396 1305 396 1304 395 1304 394 1304 354 1304 353 1304 352 1304 331 1315 332 1346"/></Shape>
	    <String CONTENT="ditione ſeruet, bonisq́ omnibus exornet· Illi"
                    HPOS="331"
                    VPOS="1303"
                    WIDTH="634"
                    HEIGHT="61"
                    WC="0.9822330276171366"></String>
          </TextLine>
          <TextLine ID="line_24"
                    TAGREFS="LT8"
                    BASELINE="396 1397 883 1393" 
                    HPOS="395"
                    VPOS="1353"
                    WIDTH="488"
                    HEIGHT="62">
            <Shape><Polygon POINTS="396 1397 396 1412 457 1415 458 1415 459 1415 469 1411 477 1407 544 1407 557 1409 581 1414 582 1414 624 1408 640 1405 672 1405 673 1407 678 1411 678 1412 679 1412 680 1412 681 1412 682 1412 695 1407 697 1405 700 1405 731 1413 732 1413 777 1407 788 1412 789 1412 790 1413 869 1413 869 1412 870 1412 871 1412 883 1403 883 1393 880 1365 853 1359 852 1359 822 1364 818 1364 817 1364 801 1355 800 1355 799 1355 798 1355 783 1363 781 1364 772 1363 733 1356 732 1356 731 1356 730 1356 724 1362 720 1365 703 1362 688 1359 687 1359 685 1359 680 1361 672 1365 665 1361 651 1353 650 1353 649 1353 648 1353 647 1353 640 1361 632 1366 602 1364 599 1360 594 1355 594 1354 593 1354 592 1354 570 1354 569 1354 568 1354 567 1354 561 1359 554 1366 530 1359 518 1354 517 1354 516 1354 470 1355 469 1355 468 1355 468 1356 467 1358 458 1366 447 1366 437 1356 436 1356 436 1355 435 1355 434 1355 433 1355 395 1355 396 1397"/></Shape>
	    <String CONTENT="ſit gloria in ſæcula omnia, Amen¬"
                    HPOS="395"
                    VPOS="1353"
                    WIDTH="488"
                    HEIGHT="62"
                    WC="0.9923907373890732"></String>
          </TextLine>
          <TextLine ID="line_25"
                    TAGREFS="LT8"
                    BASELINE="439 1447 859 1443" 
                    HPOS="438"
                    VPOS="1402"
                    WIDTH="421"
                    HEIGHT="58">
            <Shape><Polygon POINTS="439 1447 439 1460 859 1457 859 1443 856 1413 795 1403 794 1403 793 1403 771 1412 756 1404 755 1404 754 1404 753 1404 743 1409 725 1402 724 1402 668 1402 667 1402 666 1402 644 1410 607 1403 606 1403 605 1403 604 1403 590 1415 572 1415 562 1407 561 1407 560 1407 559 1407 558 1407 541 1416 494 1416 471 1405 470 1405 469 1405 468 1405 438 1416 439 1447"/></Shape>
	    <String CONTENT="Argentorati pridie Calend."
                    HPOS="438"
                    VPOS="1402"
                    WIDTH="421"
                    HEIGHT="58"
                    WC="0.9976665996588193"></String>
          </TextLine>
          <TextLine ID="line_26"
                    TAGREFS="LT8"
                    BASELINE="491 1495 836 1495" 
                    HPOS="491"
                    VPOS="1453"
                    WIDTH="345"
                    HEIGHT="62">
            <Shape><Polygon POINTS="491 1495 491 1512 544 1515 545 1515 546 1515 547 1515 552 1511 559 1507 568 1511 571 1512 572 1512 573 1512 574 1512 575 1512 576 1511 582 1506 633 1506 655 1509 681 1513 682 1513 708 1508 719 1506 721 1508 731 1515 732 1515 733 1515 734 1515 771 1509 803 1515 804 1515 805 1515 836 1504 836 1495 835 1457 664 1460 651 1459 619 1453 618 1453 593 1459 587 1460 582 1459 551 1453 550 1453 549 1453 548 1453 537 1460 536 1461 491 1461 491 1495"/></Shape>
	    <String CONTENT="Septemb. Anno Chriſti"
                    HPOS="491"
                    VPOS="1453"
                    WIDTH="345"
                    HEIGHT="62"
                    WC="0.97734572773888"></String>
          </TextLine>
          <TextLine ID="line_27"
                    TAGREFS="LT8"
                    BASELINE="510 1545 811 1544" 
                    HPOS="509"
                    VPOS="1509"
                    WIDTH="302"
                    HEIGHT="58">
            <Shape><Polygon POINTS="510 1545 510 1556 543 1556 544 1556 555 1566 556 1566 557 1566 558 1567 587 1567 587 1566 589 1566 611 1556 612 1556 650 1556 651 1556 669 1566 670 1566 671 1566 672 1567 756 1567 756 1566 757 1566 758 1566 773 1556 810 1556 811 1544 808 1510 509 1509 510 1545"/></Shape>
	    <String CONTENT="M. D. XXVII."
                    HPOS="509"
                    VPOS="1509"
                    WIDTH="302"
                    HEIGHT="58"
                    WC="0.9910389433304468"></String>
          </TextLine>
        </TextBlock>
        <TextBlock HPOS="947.611572265625"
                   VPOS="1612.0592041015625"
                   WIDTH="121.10302734375"
                   HEIGHT="51.9251708984375"
                   ID="block_2"
                   TAGREFS="BT17">
          <Shape><Polygon POINTS="947.612 1612.06 1068.71 1612.06 1068.71 1663.98 947.612 1663.98 947.612 1612.06"/></Shape>
          <TextLine ID="line_28"
                    TAGREFS="LT8"
                    BASELINE="943 1645 1065 1645" 
                    HPOS="943"
                    VPOS="1603"
                    WIDTH="122"
                    HEIGHT="63">
            <Shape><Polygon POINTS="1065 1645 1065 1613 1039 1603 1038 1603 1037 1603 1004 1609 976 1613 944 1603 943 1645 944 1666 961 1660 978 1665 983 1666 984 1666 985 1666 1065 1661 1065 1645"/></Shape>
	    <String CONTENT="In Epi¬"
                    HPOS="943"
                    VPOS="1603"
                    WIDTH="122"
                    HEIGHT="63"
                    WC="0.9912086214338031"></String>
          </TextLine>
        </TextBlock>
      </PrintSpace>
    </Page>
  </Layout>
</alto>
