<?xml version="1.0" encoding="UTF-8"?>
<alto xmlns:xsi="http://www.w3.org/2001/XMLSchema-instance"
      xmlns="http://www.loc.gov/standards/alto/ns-v4#"
      xsi:schemaLocation="http://www.loc.gov/standards/alto/ns-v4# http://www.loc.gov/standards/alto/v4/alto-4-2.xsd">
  <Description>
    <MeasurementUnit>pixel</MeasurementUnit>
    <sourceImageInformation>
      <fileName>bsb00035303_00009.jpg</fileName>
    </sourceImageInformation>
  </Description>
  <Tags>
    <OtherTag ID="BT7" LABEL="CustomZone" DESCRIPTION="block type CustomZone"/><OtherTag ID="BT8" LABEL="DamageZone" DESCRIPTION="block type DamageZone"/><OtherTag ID="BT9" LABEL="DigitizationArtefactZone" DESCRIPTION="block type DigitizationArtefactZone"/><OtherTag ID="BT10" LABEL="DropCapitalZone" DESCRIPTION="block type DropCapitalZone"/><OtherTag ID="BT11" LABEL="GraphicZone" DESCRIPTION="block type GraphicZone"/><OtherTag ID="BT12" LABEL="MainZone" DESCRIPTION="block type MainZone"/><OtherTag ID="BT13" LABEL="MarginTextZone" DESCRIPTION="block type MarginTextZone"/><OtherTag ID="BT14" LABEL="MusicZone" DESCRIPTION="block type MusicZone"/><OtherTag ID="BT15" LABEL="NumberingZone" DESCRIPTION="block type NumberingZone"/><OtherTag ID="BT17" LABEL="QuireMarksZone" DESCRIPTION="block type QuireMarksZone"/><OtherTag ID="BT18" LABEL="RunningTitleZone" DESCRIPTION="block type RunningTitleZone"/><OtherTag ID="BT19" LABEL="SealZone" DESCRIPTION="block type SealZone"/><OtherTag ID="BT20" LABEL="StampZone" DESCRIPTION="block type StampZone"/><OtherTag ID="BT21" LABEL="TableZone" DESCRIPTION="block type TableZone"/><OtherTag ID="BT22" LABEL="TitlePageZone" DESCRIPTION="block type TitlePageZone"/><OtherTag ID="BT853" LABEL="MainZone-Head" DESCRIPTION="block type MainZone-Head"/><OtherTag ID="BT854" LABEL="MainZone-P" DESCRIPTION="block type MainZone-P"/><OtherTag ID="BT855" LABEL="MainZone-Entry-Continued" DESCRIPTION="block type MainZone-Entry-Continued"/><OtherTag ID="BT856" LABEL="MainZone-P-Continued" DESCRIPTION="block type MainZone-P-Continued"/><OtherTag ID="BT857" LABEL="MainZone-Entry" DESCRIPTION="block type MainZone-Entry"/><OtherTag ID="BT858" LABEL="MarginTextZone-Notes" DESCRIPTION="block type MarginTextZone-Notes"/><OtherTag ID="BT859" LABEL="MainZone-Other" DESCRIPTION="block type MainZone-Other"/><OtherTag ID="BT860" LABEL="MainZone-Signature" DESCRIPTION="block type MainZone-Signature"/><OtherTag ID="BT861" LABEL="GraphicZone-Head" DESCRIPTION="block type GraphicZone-Head"/><OtherTag ID="BT906" LABEL="MainZone-Sp-Continued" DESCRIPTION="block type MainZone-Sp-Continued"/><OtherTag ID="BT907" LABEL="MainZone-Sp" DESCRIPTION="block type MainZone-Sp"/>
    <OtherTag ID="LT7" LABEL="CustomLine" DESCRIPTION="line type CustomLine"/><OtherTag ID="LT8" LABEL="DefaultLine" DESCRIPTION="line type DefaultLine"/><OtherTag ID="LT9" LABEL="DropCapitalLine" DESCRIPTION="line type DropCapitalLine"/><OtherTag ID="LT10" LABEL="HeadingLine" DESCRIPTION="line type HeadingLine"/><OtherTag ID="LT11" LABEL="InterlinearLine" DESCRIPTION="line type InterlinearLine"/><OtherTag ID="LT12" LABEL="MusicLine" DESCRIPTION="line type MusicLine"/>
  </Tags>
  <Layout>
    <Page WIDTH="1128"
          HEIGHT="1876"
          PHYSICAL_IMG_NR="48"
          ID="eSc_dummypage_">
      <PrintSpace HPOS="0"
                  VPOS="0"
                  WIDTH="1128"
                  HEIGHT="1876">
        <TextBlock HPOS="45.0"
                   VPOS="175.0"
                   WIDTH="835.0"
                   HEIGHT="502.0"
                   ID="block_2"
                   TAGREFS="BT854">
          <Shape><Polygon POINTS="880 175 880 653 857 653 857 677 45 677 45 175"/></Shape>
          <TextLine ID="line_1"
                    TAGREFS="LT8"
                    BASELINE="89 211 873 214" 
                    HPOS="88"
                    VPOS="182"
                    WIDTH="785"
                    HEIGHT="53">
            <Shape><Polygon POINTS="849 182 839 182 830 182 813 184 812 184 787 182 776 182 766 182 755 182 745 182 742 182 739 184 733 186 624 186 621 183 619 182 609 182 599 182 589 182 578 182 568 182 557 182 547 182 536 182 530 182 529 183 525 185 520 182 516 182 505 182 495 182 487 182 474 186 385 186 379 182 370 182 361 182 359 184 356 182 349 182 338 182 328 182 317 182 311 182 303 183 299 182 297 182 286 182 276 182 275 182 272 184 260 182 255 182 244 182 234 182 225 182 219 184 154 182 151 182 140 182 130 182 119 182 109 182 99 182 89 182 89 211 88 221 115 232 116 232 117 233 148 233 148 232 149 232 150 232 158 225 169 231 170 231 172 231 173 231 174 231 184 224 222 224 238 232 239 232 240 232 241 232 261 224 285 232 286 232 287 232 288 232 289 232 302 224 330 230 331 230 332 230 350 224 359 231 360 231 361 231 362 231 363 231 364 231 373 225 408 233 409 233 410 233 433 228 468 231 469 231 470 231 471 231 480 225 526 233 527 233 577 229 612 234 614 235 648 235 648 234 649 234 666 226 684 234 685 234 687 234 727 226 872 226 873 214 873 185 866 182 860 182"/></Shape>
	    <String CONTENT="Equidẽ igitur ut huc fratribus ſcripturarũ rudiorib·"
                    HPOS="88"
                    VPOS="182"
                    WIDTH="785"
                    HEIGHT="53"
                    WC="0.9876048211698178"></String>
          </TextLine>
          <TextLine ID="line_2"
                    TAGREFS="LT8"
                    BASELINE="44 261 878 265" 
                    HPOS="44"
                    VPOS="224"
                    WIDTH="834"
                    HEIGHT="59">
            <Shape><Polygon POINTS="44 261 44 275 163 273 168 276 174 280 175 280 176 280 177 281 202 281 202 280 203 280 211 276 215 274 221 276 233 280 234 280 299 281 300 281 301 281 313 276 315 275 321 276 340 280 341 280 342 280 359 276 369 274 447 274 455 276 476 282 477 282 478 282 479 282 498 276 502 275 505 276 525 282 526 282 527 283 581 283 581 282 582 282 595 276 598 275 600 276 612 282 614 282 672 283 673 283 731 276 738 276 741 276 766 283 767 283 768 283 877 276 878 265 878 235 829 227 828 227 827 227 810 234 807 235 730 235 729 234 722 228 721 228 720 228 719 228 718 228 706 234 703 235 695 234 668 229 667 229 666 229 665 229 658 233 656 235 517 235 515 233 505 226 504 226 503 226 502 226 456 233 450 233 439 232 390 228 389 228 388 228 378 232 376 233 374 232 360 225 359 225 358 225 275 232 254 233 252 232 239 224 238 224 237 224 178 224 177 224 176 224 175 224 163 231 161 232 153 231 103 224 102 224 44 230 44 261"/></Shape>
	    <String CONTENT="adiutor eſſem, quibus et V. Fab·Capito paratis nuper in"
                    HPOS="44"
                    VPOS="224"
                    WIDTH="834"
                    HEIGHT="59"
                    WC="0.9934377009218389"></String>
          </TextLine>
          <TextLine ID="line_3"
                    TAGREFS="LT8"
                    BASELINE="44 310 878 314" 
                    HPOS="43"
                    VPOS="275"
                    WIDTH="835"
                    HEIGHT="59">
            <Shape><Polygon POINTS="44 310 43 322 90 331 91 331 92 331 118 324 138 329 139 329 140 329 207 323 211 323 213 323 253 332 254 332 394 324 397 324 399 324 462 333 463 333 589 325 602 333 603 333 604 333 605 333 677 332 678 332 679 332 688 327 704 334 705 334 706 334 877 325 878 314 877 285 844 279 843 279 761 283 744 284 739 283 718 278 717 278 716 278 685 283 675 284 607 284 605 282 599 277 598 277 597 277 596 277 572 282 564 283 548 281 509 277 508 277 480 281 462 283 455 280 444 276 443 276 413 276 412 276 411 276 410 276 405 280 402 283 272 283 262 279 253 275 252 275 251 275 250 275 238 278 228 281 209 278 189 275 188 275 160 278 134 280 129 277 124 275 123 275 121 275 44 276 44 310"/></Shape>
	    <String CONTENT="Hoſeam haudquaquam uulgaribus cõmentarijs, &amp; M¬"
                    HPOS="43"
                    VPOS="275"
                    WIDTH="835"
                    HEIGHT="59"
                    WC="0.9985396154224873"></String>
          </TextLine>
          <TextLine ID="line_4"
                    TAGREFS="LT8"
                    BASELINE="47 358 876 364" 
                    HPOS="47"
                    VPOS="323"
                    WIDTH="829"
                    HEIGHT="59">
            <Shape><Polygon POINTS="47 358 47 371 131 371 134 371 151 377 152 377 153 377 154 377 155 377 163 372 165 371 167 372 186 378 187 378 188 378 262 373 278 372 280 373 287 378 288 378 289 378 290 378 338 374 349 373 359 374 400 379 401 379 422 375 429 373 431 375 436 379 437 379 438 379 439 379 468 375 470 375 471 375 477 380 478 380 479 380 480 380 532 376 556 374 572 376 601 381 602 382 679 382 679 381 680 381 694 378 704 375 722 378 742 381 743 381 762 378 777 376 874 379 876 364 876 333 869 328 868 328 867 328 824 328 823 328 822 328 810 334 806 335 803 334 793 328 792 328 763 328 762 328 761 328 751 333 747 335 740 333 723 328 722 328 721 328 720 328 705 332 703 333 702 332 695 327 694 327 693 327 692 327 632 332 600 334 549 331 503 328 502 328 501 328 492 330 479 333 471 330 457 325 456 325 431 325 430 325 429 325 428 325 422 329 417 332 384 329 338 325 337 325 336 325 325 328 315 331 165 331 160 327 155 323 154 323 153 323 152 323 47 325 47 358"/></Shape>
	    <String CONTENT="Cellarius opere, de Operibus Dei in quo diuina bonitas"
                    HPOS="47"
                    VPOS="323"
                    WIDTH="829"
                    HEIGHT="59"
                    WC="0.9843626894332744"></String>
          </TextLine>
          <TextLine ID="line_5"
                    TAGREFS="LT8"
                    BASELINE="43 409 870 411" 
                    HPOS="40"
                    VPOS="367"
                    WIDTH="829"
                    HEIGHT="67">
            <Shape><Polygon POINTS="42 408 40 423 95 434 172 426 183 434 219 426 298 434 328 426 378 434 436 426 542 426 556 434 633 426 707 434 868 429 869 409 866 370 613 376 581 368 524 376 491 368 483 378 430 378 397 368 389 378 297 378 280 368 273 368 262 378 200 378 132 368 90 376 42 367 42 408"/></Shape>
	    <String CONTENT="magnifice prædicatur, plurimũ conſuluerunt, Epiſtolam"
                    HPOS="40"
                    VPOS="367"
                    WIDTH="829"
                    HEIGHT="67"
                    WC="0.9977836675114102"></String>
          </TextLine>
          <TextLine ID="line_6"
                    TAGREFS="LT8"
                    BASELINE="48 460 726 463 851 461 870 457" 
                    HPOS="45"
                    VPOS="418"
                    WIDTH="824"
                    HEIGHT="58">
            <Shape><Polygon POINTS="46 459 45 476 868 476 869 456 866 429 840 420 766 428 733 420 702 428 621 420 613 429 467 429 422 418 391 426 372 418 317 426 265 418 237 426 214 418 195 426 170 418 137 426 46 423 46 459"/></Shape>
	    <String CONTENT="illus ad Epheſios, hiſce diebus enarrandam mihi deſum- ad Epheſ¬"
                    HPOS="45"
                    VPOS="418"
                    WIDTH="824"
                    HEIGHT="58"
                    WC="0.9812451517209411"></String>
          </TextLine>
          <TextLine ID="line_7"
                    TAGREFS="LT8"
                    BASELINE="45 514 798 512 862 510 870 508" 
                    HPOS="42"
                    VPOS="467"
                    WIDTH="827"
                    HEIGHT="59">
            <Shape><Polygon POINTS="43 512 43 526 868 526 869 506 863 476 752 476 735 467 733 467 732 467 688 476 680 476 655 476 528 469 527 469 480 476 472 476 469 476 452 469 450 469 449 469 447 469 427 476 422 476 417 476 386 469 384 469 383 469 359 476 355 476 342 476 270 469 269 469 267 469 250 476 247 476 242 476 215 469 214 469 212 469 42 475 43 512"/></Shape>
	    <String CONTENT="pſi* Viſumenim mihi est, doctrinam Chriſti, breui-iotius ſcri"
                    HPOS="42"
                    VPOS="467"
                    WIDTH="827"
                    HEIGHT="59"
                    WC="0.9927433103811546"></String>
          </TextLine>
          <TextLine ID="line_8"
                    TAGREFS="LT8"
                    BASELINE="44 558 759 563 865 561 870 560" 
                    HPOS="42"
                    VPOS="515"
                    WIDTH="827"
                    HEIGHT="71">
            <Shape><Polygon POINTS="43 556 42 570 142 581 164 573 480 584 508 576 517 584 655 576 678 586 868 578 869 559 868 528 766 520 736 529 710 520 704 520 696 529 633 529 581 519 577 519 566 528 544 519 492 528 352 528 300 519 278 526 253 515 222 526 159 526 137 515 43 523 43 556"/></Shape>
	    <String CONTENT="ter iuxta &amp; luculenter, atq; copioſe adeo cõplexa eſſe, ut pturæ cõ¬"
                    HPOS="42"
                    VPOS="515"
                    WIDTH="827"
                    HEIGHT="71"
                    WC="0.982371860742569"></String>
          </TextLine>
          <TextLine ID="line_9"
                    TAGREFS="LT8"
                    BASELINE="44 607 847 612 872 609" 
                    HPOS="42"
                    VPOS="565"
                    WIDTH="829"
                    HEIGHT="68">
            <Shape><Polygon POINTS="43 606 42 623 868 633 871 608 868 570 617 578 599 569 597 569 596 569 594 569 578 576 323 567 322 567 320 567 319 567 301 575 212 567 211 567 209 567 208 567 195 576 98 576 43 565 43 606"/></Shape>
	    <String CONTENT="his nominibus, nullã aliã ei præferendã exiſtimẽ, totiusq́; pendium."
                    HPOS="42"
                    VPOS="565"
                    WIDTH="829"
                    HEIGHT="68"
                    WC="0.9954135227534506"></String>
          </TextLine>
          <TextLine ID="line_10"
                    TAGREFS="LT8"
                    BASELINE="50 661 802 661" 
                    HPOS="50"
                    VPOS="624"
                    WIDTH="752"
                    HEIGHT="57">
            <Shape><Polygon POINTS="50 661 50 681 66 681 66 680 67 680 68 680 79 672 132 679 139 680 140 681 157 681 157 680 158 680 159 680 160 679 168 672 187 679 188 679 189 679 190 679 191 679 192 679 203 672 251 678 254 678 255 678 258 678 298 672 308 677 313 680 314 680 315 680 316 680 325 677 340 672 395 676 420 678 421 678 440 676 469 672 476 675 483 679 484 679 485 679 552 674 586 672 591 674 596 678 597 678 598 678 599 678 628 673 632 673 641 679 642 679 643 679 644 679 645 679 664 674 673 680 674 680 675 680 676 681 778 681 778 680 779 680 802 671 802 661 802 634 744 634 743 633 728 624 727 624 726 624 725 624 724 624 723 624 713 632 701 632 683 633 678 632 651 624 650 624 649 624 609 631 599 633 594 631 581 625 580 625 579 625 578 625 566 631 564 632 561 631 552 624 551 624 550 624 549 624 518 630 517 630 503 624 502 624 501 624 500 624 486 630 478 633 436 632 433 629 428 625 428 624 427 624 426 624 380 624 379 624 378 624 369 628 358 634 336 634 329 628 324 624 323 624 322 624 300 624 299 624 298 624 297 624 292 627 284 634 265 634 254 627 250 624 249 624 248 624 247 624 229 627 189 633 176 626 172 624 170 624 169 624 168 624 162 626 139 633 99 625 90 624 89 624 50 624 50 661"/></Shape>
	    <String CONTENT="ſacræ ſcientiæ, cõpendium recte habendũ cenſeam."
                    HPOS="50"
                    VPOS="624"
                    WIDTH="752"
                    HEIGHT="57"
                    WC="0.9925592958927154"></String>
          </TextLine>
        </TextBlock>
        <TextBlock HPOS="256.0"
                   VPOS="108.0"
                   WIDTH="386.0"
                   HEIGHT="50.0"
                   ID="block_8"
                   TAGREFS="BT18">
          <Shape><Polygon POINTS="642 108 642 158 256 158 256 108"/></Shape>
          <TextLine ID="line_0"
                    TAGREFS="LT10"
                    BASELINE="262 143 638 145" 
                    HPOS="261"
                    VPOS="105"
                    WIDTH="377"
                    HEIGHT="54">
            <Shape><Polygon POINTS="626 113 616 113 605 113 595 113 584 113 574 113 564 113 553 113 543 113 532 113 522 113 511 113 501 113 491 113 480 113 470 113 459 113 449 113 438 113 428 113 418 113 407 113 397 113 386 113 376 113 365 113 355 113 345 113 334 113 324 113 313 113 303 113 292 113 282 113 272 113 271 106 262 105 262 143 261 153 293 159 295 159 296 159 305 154 313 159 314 159 315 159 316 159 337 154 339 154 340 155 346 159 347 159 348 159 349 159 636 158 638 145 638 113 636 113"/></Shape>
	    <String CONTENT="EPISTOLA."
                    HPOS="261"
                    VPOS="105"
                    WIDTH="377"
                    HEIGHT="54"
                    WC="0.9983778662151761"></String>
          </TextLine>
        </TextBlock>
        <TextBlock HPOS="42"
                   VPOS="678"
                   WIDTH="836"
                   HEIGHT="595"
                   ID="block_1"
                   TAGREFS="BT854">
          <Shape><Polygon POINTS="878 1273 42 1273 42 678 857 678 871 691 878 906"/></Shape>
          <TextLine ID="line_11"
                    TAGREFS="LT8"
                    BASELINE="88 710 829 712 868 709" 
                    HPOS="86"
                    VPOS="669"
                    WIDTH="780"
                    HEIGHT="64">
            <Shape><Polygon POINTS="87 709 86 725 863 733 866 708 863 678 497 669 495 669 494 669 475 676 455 669 453 669 452 669 402 676 394 670 394 669 392 669 391 669 330 669 328 669 281 676 255 669 253 669 251 669 250 669 222 676 193 669 192 669 190 669 87 676 87 709"/></Shape>
	    <String CONTENT="Docet quidem fuſius etſcripturis cõmunitius, ea quæ"
                    HPOS="86"
                    VPOS="669"
                    WIDTH="780"
                    HEIGHT="64"
                    WC="0.9973304248773135"></String>
          </TextLine>
          <TextLine ID="line_12"
                    TAGREFS="LT8"
                    BASELINE="45 759 851 761 868 758" 
                    HPOS="42"
                    VPOS="720"
                    WIDTH="824"
                    HEIGHT="63">
            <Shape><Polygon POINTS="43 758 42 772 107 781 109 781 111 781 129 773 131 773 136 773 179 781 181 783 181 781 220 775 229 773 233 775 242 781 244 781 245 781 247 781 300 775 323 773 344 776 378 781 380 781 417 776 450 773 863 781 866 756 860 725 281 728 170 720 161 720 159 720 154 720 100 728 43 720 43 758"/></Shape>
	    <String CONTENT="Romams ſcripta extat, omnem carnem peccato obnoxiã,"
                    HPOS="42"
                    VPOS="720"
                    WIDTH="824"
                    HEIGHT="63"
                    WC="0.9996701203859769"></String>
          </TextLine>
          <TextLine ID="line_13"
                    TAGREFS="LT8"
                    BASELINE="44 808 799 812 865 810 868 809" 
                    HPOS="42"
                    VPOS="767"
                    WIDTH="824"
                    HEIGHT="67">
            <Shape><Polygon POINTS="43 806 42 820 84 831 86 831 265 823 280 831 281 831 283 831 284 831 433 825 472 833 474 833 475 833 508 825 605 834 607 834 608 834 625 827 664 834 666 834 865 825 866 808 858 780 805 770 804 770 660 776 607 778 599 775 583 769 581 769 580 769 450 773 359 776 341 772 322 767 320 767 319 767 294 772 273 775 259 770 247 767 245 767 244 767 242 767 229 770 212 775 43 769 43 806"/></Shape>
	    <String CONTENT="à lege non eſſe niſi peccati cognitionẽ, non iuſtitiam, à gra"
                    HPOS="42"
                    VPOS="767"
                    WIDTH="824"
                    HEIGHT="67"
                    WC="0.9942600997164845"></String>
          </TextLine>
          <TextLine ID="line_14"
                    TAGREFS="LT8"
                    BASELINE="44 858 752 862 864 860 868 859" 
                    HPOS="42"
                    VPOS="816"
                    WIDTH="824"
                    HEIGHT="61">
            <Shape><Polygon POINTS="43 856 42 872 863 877 866 858 857 820 697 828 503 822 397 819 395 819 394 819 380 822 367 827 362 823 358 819 358 817 356 817 355 817 353 817 352 817 333 823 323 825 309 823 273 817 272 817 270 817 269 817 262 823 259 827 167 827 150 823 64 816 62 816 61 816 43 823 43 856"/></Shape>
	    <String CONTENT="tia Dei, &amp; merito Chriſti hanc prouenire, omnia ab ele¬"
                    HPOS="42"
                    VPOS="816"
                    WIDTH="824"
                    HEIGHT="61"
                    WC="0.996373759616505"></String>
          </TextLine>
          <TextLine ID="line_15"
                    TAGREFS="LT8"
                    BASELINE="44 907 873 911" 
                    HPOS="44"
                    VPOS="874"
                    WIDTH="829"
                    HEIGHT="55">
            <Shape><Polygon POINTS="44 907 44 924 125 921 182 925 195 926 197 926 204 925 240 921 326 926 346 927 347 927 354 926 382 922 397 927 399 927 400 927 401 927 408 927 446 923 470 927 477 928 478 928 479 928 480 928 481 927 488 923 522 927 529 928 530 928 548 928 639 923 647 928 648 928 649 928 650 928 657 928 767 924 779 929 780 929 781 929 782 929 787 929 828 924 871 929 873 911 872 878 44 874 44 907"/></Shape>
	    <String CONTENT="ctione libera Dei pendere, abnegatione noſtri, et dilcctio"
                    HPOS="44"
                    VPOS="874"
                    WIDTH="829"
                    HEIGHT="55"
                    WC="0.9943298563875002"></String>
          </TextLine>
          <TextLine ID="line_16"
                    TAGREFS="LT8"
                    BASELINE="45 958 869 963" 
                    HPOS="44"
                    VPOS="923"
                    WIDTH="825"
                    HEIGHT="58">
            <Shape><Polygon POINTS="45 958 44 970 93 977 94 977 95 977 112 971 114 971 251 971 261 973 285 979 286 979 287 979 316 974 328 972 347 974 387 979 388 979 389 979 390 979 397 975 402 972 425 972 438 975 457 980 458 980 459 980 460 980 470 976 474 974 480 976 495 980 496 980 497 980 498 980 510 976 521 973 544 977 567 980 568 980 593 977 611 975 621 977 630 980 631 980 632 980 633 980 640 978 650 974 663 978 673 981 674 981 675 981 726 979 823 974 867 980 869 963 869 933 854 926 853 926 783 926 782 926 781 926 768 933 765 935 718 935 714 932 699 926 698 926 671 926 670 926 642 932 636 933 631 932 608 925 607 925 606 925 605 925 578 932 571 934 474 934 470 931 458 924 457 924 456 924 432 924 431 924 430 924 407 931 404 932 403 931 395 924 394 924 393 924 359 924 358 924 357 924 338 931 333 932 325 931 299 926 298 926 265 930 252 932 248 930 232 923 231 923 230 923 229 923 212 930 210 931 45 930 45 958"/></Shape>
	    <String CONTENT="ne proximi Deo gratificandum, magiſtratui parendum,"
                    HPOS="44"
                    VPOS="923"
                    WIDTH="825"
                    HEIGHT="58"
                    WC="0.9994629060520845"></String>
          </TextLine>
          <TextLine ID="line_17"
                    TAGREFS="LT8"
                    BASELINE="45 1008 872 1011" 
                    HPOS="44"
                    VPOS="972"
                    WIDTH="828"
                    HEIGHT="57">
            <Shape><Polygon POINTS="44 1022 52 1027 53 1027 54 1027 55 1027 107 1021 110 1021 111 1021 125 1027 126 1027 127 1027 128 1027 129 1027 137 1021 138 1021 192 1021 193 1021 204 1027 205 1027 206 1027 207 1027 236 1021 239 1021 317 1021 321 1021 342 1027 344 1027 345 1027 418 1022 435 1028 436 1028 437 1028 532 1022 534 1022 535 1022 543 1028 544 1028 545 1028 597 1029 598 1029 599 1029 624 1023 646 1029 647 1029 648 1029 681 1023 728 1029 729 1029 730 1029 749 1024 797 1029 798 1029 871 1022 872 1011 871 982 816 981 807 974 806 974 805 974 804 974 803 974 780 981 778 981 775 981 751 976 750 976 749 976 731 980 727 981 635 981 633 980 625 974 624 974 623 974 622 974 554 979 536 980 533 979 526 973 525 973 524 973 523 973 494 978 484 981 433 981 429 978 423 973 422 973 421 973 420 973 419 973 408 978 403 981 324 981 320 977 314 973 314 972 313 972 312 972 311 972 310 972 290 977 289 977 288 977 281 972 280 972 279 972 278 972 227 976 216 977 214 976 208 972 207 972 206 972 205 972 183 976 177 977 169 976 151 972 69 972 68 972 67 972 66 972 62 975 56 979 46 975 45 1008 44 1022"/></Shape>
	    <String CONTENT="offendicula fratrũ cauenda, eandem eſſe Gentium &amp; Iu¬"
                    HPOS="44"
                    VPOS="972"
                    WIDTH="828"
                    HEIGHT="57"
                    WC="0.9952626603621023"></String>
          </TextLine>
          <TextLine ID="line_18"
                    TAGREFS="LT8"
                    BASELINE="45 1057 870 1063" 
                    HPOS="44"
                    VPOS="1020"
                    WIDTH="826"
                    HEIGHT="60">
            <Shape><Polygon POINTS="45 1057 44 1068 96 1074 97 1074 136 1070 138 1070 139 1070 160 1076 161 1076 162 1076 202 1071 210 1070 221 1071 268 1077 270 1077 347 1073 369 1072 375 1073 391 1078 393 1078 394 1078 423 1074 438 1072 468 1075 504 1078 505 1078 506 1078 517 1075 531 1072 554 1076 574 1079 575 1079 619 1077 690 1073 704 1078 710 1080 712 1080 713 1080 723 1078 747 1074 791 1079 799 1080 800 1080 801 1080 803 1080 824 1074 868 1080 870 1063 870 1033 843 1025 842 1025 789 1025 788 1025 787 1025 775 1031 772 1033 730 1033 724 1030 705 1024 704 1024 703 1024 672 1029 657 1024 656 1024 655 1024 654 1024 653 1024 646 1029 644 1031 635 1029 619 1025 618 1025 617 1025 616 1025 602 1028 592 1031 585 1028 576 1024 575 1024 574 1024 573 1024 564 1028 556 1031 520 1031 511 1027 502 1023 501 1023 422 1023 421 1023 420 1023 410 1025 391 1030 252 1030 241 1023 240 1022 239 1022 238 1022 237 1022 236 1022 234 1023 213 1029 187 1024 186 1024 82 1028 45 1020 45 1057"/></Shape>
	    <String CONTENT="dæorum redemptionem, ſedhæc nostra, de his omnibus,"
                    HPOS="44"
                    VPOS="1020"
                    WIDTH="826"
                    HEIGHT="60"
                    WC="0.9970336720055225"></String>
          </TextLine>
          <TextLine ID="line_19"
                    TAGREFS="LT8"
                    BASELINE="46 1113 875 1111" 
                    HPOS="45"
                    VPOS="1072"
                    WIDTH="830"
                    HEIGHT="55">
            <Shape><Polygon POINTS="46 1113 46 1125 203 1121 224 1124 243 1127 244 1127 246 1127 252 1124 259 1121 303 1121 327 1123 368 1127 369 1127 436 1122 470 1120 491 1122 534 1126 535 1126 565 1121 572 1120 579 1121 605 1126 606 1126 646 1121 802 1126 803 1126 875 1118 875 1111 873 1082 844 1082 829 1074 828 1074 827 1074 826 1074 825 1074 815 1081 774 1076 773 1076 677 1081 661 1072 660 1072 659 1072 609 1072 608 1072 607 1072 606 1072 593 1082 567 1082 555 1073 554 1073 553 1073 506 1072 505 1072 504 1072 483 1082 467 1082 452 1082 451 1082 436 1073 435 1073 434 1073 433 1073 432 1073 414 1082 399 1082 375 1082 354 1073 353 1073 352 1073 351 1073 321 1082 320 1082 302 1077 301 1077 300 1077 299 1077 298 1077 290 1082 290 1083 217 1083 217 1082 185 1073 184 1073 183 1073 182 1073 152 1081 100 1073 99 1073 45 1082 46 1113"/></Shape>
	    <String CONTENT="&amp; breuius, &amp; ut uidetur luce maiore dißerit, tum maie¬"
                    HPOS="45"
                    VPOS="1072"
                    WIDTH="830"
                    HEIGHT="55"
                    WC="0.9777402292799067"></String>
          </TextLine>
          <TextLine ID="line_20"
                    TAGREFS="LT8"
                    BASELINE="45 1158 873 1161" 
                    HPOS="44"
                    VPOS="1121"
                    WIDTH="829"
                    HEIGHT="56">
            <Shape><Polygon POINTS="45 1158 44 1170 249 1176 250 1176 251 1176 252 1176 260 1171 342 1175 344 1175 345 1175 362 1170 364 1170 372 1176 373 1176 374 1176 375 1176 398 1172 460 1177 461 1177 462 1177 479 1172 754 1177 755 1177 756 1177 773 1171 814 1177 815 1177 872 1170 873 1161 873 1131 854 1122 853 1122 789 1122 788 1122 787 1122 767 1131 703 1131 685 1122 684 1122 656 1122 655 1122 654 1122 653 1122 641 1130 640 1131 595 1131 595 1130 587 1125 586 1125 585 1125 584 1125 532 1129 524 1124 523 1124 522 1124 521 1124 520 1124 508 1129 480 1122 479 1122 478 1122 375 1129 346 1121 345 1121 344 1121 342 1121 316 1129 264 1121 263 1121 102 1129 95 1129 94 1129 62 1121 61 1121 60 1121 59 1121 45 1127 45 1158"/></Shape>
	    <String CONTENT="statem Chriſti Paulo magnificentius prædicat, &amp; de ui¬"
                    HPOS="44"
                    VPOS="1121"
                    WIDTH="829"
                    HEIGHT="56"
                    WC="0.9902783610202648"></String>
          </TextLine>
          <TextLine ID="line_21"
                    TAGREFS="LT8"
                    BASELINE="45 1208 874 1212" 
                    HPOS="44"
                    VPOS="1170"
                    WIDTH="830"
                    HEIGHT="65">
            <Shape><Polygon POINTS="44 1219 93 1220 106 1228 107 1228 108 1228 109 1228 110 1228 129 1221 251 1222 275 1231 276 1231 322 1232 323 1233 362 1233 362 1232 363 1232 364 1232 377 1223 391 1232 393 1232 394 1232 395 1233 424 1233 424 1232 425 1232 426 1232 436 1225 452 1230 453 1230 454 1230 496 1222 575 1227 576 1227 577 1227 587 1222 669 1233 670 1235 704 1235 704 1233 705 1233 706 1233 717 1225 742 1225 751 1231 752 1231 753 1231 754 1231 799 1223 841 1228 842 1228 873 1222 874 1212 874 1181 856 1172 855 1172 813 1172 812 1172 811 1172 795 1180 793 1180 749 1172 748 1172 747 1172 724 1179 723 1180 611 1180 607 1178 603 1174 602 1174 601 1174 600 1174 584 1177 576 1179 574 1177 566 1171 565 1171 564 1171 562 1171 561 1171 550 1177 549 1177 546 1177 504 1171 503 1171 502 1171 501 1171 495 1176 493 1178 488 1176 481 1173 480 1173 479 1173 478 1173 472 1176 464 1180 427 1180 404 1175 379 1171 378 1171 355 1175 329 1179 315 1174 304 1170 303 1170 302 1170 301 1170 286 1174 268 1178 213 1173 181 1170 180 1170 179 1170 169 1172 146 1178 128 1172 123 1170 121 1170 120 1170 119 1170 115 1172 102 1179 68 1179 46 1171 45 1208 44 1219"/></Shape>
	    <String CONTENT="tæ Christianæ officijs diſputat distinctius, &amp; admodum"
                    HPOS="44"
                    VPOS="1170"
                    WIDTH="830"
                    HEIGHT="65"
                    WC="0.9781997325243773"></String>
          </TextLine>
          <TextLine ID="line_22"
                    TAGREFS="LT8"
                    BASELINE="46 1260 210 1257" 
                    HPOS="45"
                    VPOS="1220"
                    WIDTH="165"
                    HEIGHT="57">
            <Shape><Polygon POINTS="46 1260 46 1271 100 1271 101 1271 106 1276 106 1277 107 1277 108 1277 109 1277 160 1276 161 1276 162 1276 166 1273 172 1269 208 1273 210 1257 208 1230 130 1220 129 1220 128 1220 127 1220 112 1229 105 1224 104 1224 103 1224 102 1224 101 1224 87 1230 57 1221 56 1221 55 1221 54 1221 53 1221 53 1222 45 1229 46 1260"/></Shape>
	    <String CONTENT="locuplete."
                    HPOS="45"
                    VPOS="1220"
                    WIDTH="165"
                    HEIGHT="57"
                    WC="0.9998568415641784"></String>
          </TextLine>
        </TextBlock>
        <TextBlock HPOS="883.0"
                   VPOS="367.0"
                   WIDTH="160.0"
                   HEIGHT="253.0"
                   ID="block_4"
                   TAGREFS="BT858">
          <Shape><Polygon POINTS="1043 367 1043 620 883 620 883 367"/></Shape>
          <TextLine ID="line_23"
                    TAGREFS="LT8"
                    BASELINE="891 405 1017 402" 
                    HPOS="888"
                    VPOS="343"
                    WIDTH="128"
                    HEIGHT="74">
            <Shape><Polygon POINTS="890 404 890 417 1016 414 1016 401 1012 343 888 350 890 404"/></Shape>
	    <String CONTENT="Epiſtola"
                    HPOS="888"
                    VPOS="343"
                    WIDTH="128"
                    HEIGHT="74"
                    WC="0.9992916211485863"></String>
          </TextLine>
          <TextLine ID="eSc_line_b4614587"
                    TAGREFS="LT8"
                    BASELINE="891 453 897 452 1039 452" 
                    HPOS="890"
                    VPOS="406"
                    WIDTH="148"
                    HEIGHT="70">
            <Shape><Polygon POINTS="890 451 890 464 955 475 957 476 1024 476 1024 475 1026 475 1027 475 1038 465 1038 451 1037 406 890 414 890 451"/></Shape>
	    <String CONTENT="ad Epheſ"
                    HPOS="890"
                    VPOS="406"
                    WIDTH="148"
                    HEIGHT="70"></String>
          </TextLine>
          <TextLine ID="eSc_line_8f2915f5"
                    TAGREFS="LT8"
                    BASELINE="891 504 898 502 1046 503" 
                    HPOS="888"
                    VPOS="458"
                    WIDTH="157"
                    HEIGHT="64">
            <Shape><Polygon POINTS="890 503 890 514 998 522 999 522 1043 512 1045 501 1041 458 888 458 890 503"/></Shape>
	    <String CONTENT="totius ſcri"
                    HPOS="888"
                    VPOS="458"
                    WIDTH="157"
                    HEIGHT="64"></String>
          </TextLine>
          <TextLine ID="eSc_line_d8ec7b0c"
                    TAGREFS="LT8"
                    BASELINE="891 557 914 553 1045 553" 
                    HPOS="888"
                    VPOS="517"
                    WIDTH="155"
                    HEIGHT="53">
            <Shape><Polygon POINTS="890 556 890 570 1041 562 1043 551 1040 517 888 517 890 556"/></Shape>
	    <String CONTENT="pturæ cõ¬"
                    HPOS="888"
                    VPOS="517"
                    WIDTH="155"
                    HEIGHT="53"></String>
          </TextLine>
          <TextLine ID="eSc_line_9dd372e9"
                    TAGREFS="LT8"
                    BASELINE="891 606 921 602 1037 603" 
                    HPOS="888"
                    VPOS="562"
                    WIDTH="147"
                    HEIGHT="63">
            <Shape><Polygon POINTS="890 605 891 625 921 617 1032 623 1035 601 1034 572 888 562 890 605"/></Shape>
	    <String CONTENT="pendium·"
                    HPOS="888"
                    VPOS="562"
                    WIDTH="147"
                    HEIGHT="63"></String>
          </TextLine>
        </TextBlock>
        <TextBlock HPOS="878"
                   VPOS="671"
                   WIDTH="180"
                   HEIGHT="219"
                   ID="eSc_textblock_f0b4ae68"
                   TAGREFS="BT858">
          <Shape><Polygon POINTS="1042 671 1058 888 892 890 878 673"/></Shape>
          <TextLine ID="eSc_line_e45b91e4"
                    TAGREFS="LT8"
                    BASELINE="891 707 913 706 1040 706" 
                    HPOS="888"
                    VPOS="661"
                    WIDTH="150"
                    HEIGHT="56">
            <Shape><Polygon POINTS="890 717 1037 716 1038 705 1035 661 888 665 890 706"/></Shape>
	    <String CONTENT="Quæ Epi"
                    HPOS="888"
                    VPOS="661"
                    WIDTH="150"
                    HEIGHT="56"
                    WC="0.9999860184533256"></String>
          </TextLine>
          <TextLine ID="eSc_line_3579909a"
                    TAGREFS="LT8"
                    BASELINE="891 754 897 753 1028 751" 
                    HPOS="888"
                    VPOS="709"
                    WIDTH="139"
                    HEIGHT="61">
            <Shape><Polygon POINTS="890 753 890 770 954 761 971 764 1001 769 1002 769 1004 769 1027 758 1027 750 1023 712 952 720 940 711 940 709 938 709 937 709 935 709 934 709 932 709 915 717 888 709 890 753"/></Shape>
	    <String CONTENT="ſtola ad"
                    HPOS="888"
                    VPOS="709"
                    WIDTH="139"
                    HEIGHT="61"
                    WC="0.979141540825367"></String>
          </TextLine>
          <TextLine ID="eSc_line_5d840f22"
                    TAGREFS="LT8"
                    BASELINE="891 803 896 802 1046 803" 
                    HPOS="890"
                    VPOS="764"
                    WIDTH="155"
                    HEIGHT="63">
            <Shape><Polygon POINTS="890 827 1045 825 1045 801 1045 770 1001 764 999 764 998 764 985 767 963 773 941 766 937 764 935 764 934 764 932 764 929 766 916 772 891 764 890 801 890 827"/></Shape>
	    <String CONTENT="Rom- con"
                    HPOS="890"
                    VPOS="764"
                    WIDTH="155"
                    HEIGHT="63"
                    WC="0.9998507723212242"></String>
          </TextLine>
          <TextLine ID="eSc_line_1ea39051"
                    TAGREFS="LT8"
                    BASELINE="891 855 913 851 992 851" 
                    HPOS="888"
                    VPOS="819"
                    WIDTH="103"
                    HEIGHT="61">
            <Shape><Polygon POINTS="890 853 890 870 990 880 991 850 990 819 888 819 890 853"/></Shape>
	    <String CONTENT="tincat."
                    HPOS="888"
                    VPOS="819"
                    WIDTH="103"
                    HEIGHT="61"
                    WC="0.9989675198282514"></String>
          </TextLine>
        </TextBlock>
        <TextBlock HPOS="41"
                   VPOS="1283"
                   WIDTH="845"
                   HEIGHT="298"
                   ID="eSc_textblock_67c14bdc"
                   TAGREFS="BT854">
          <Shape><Polygon POINTS="49 1285 41 1581 874 1581 886 1283"/></Shape>
          <TextLine ID="line_24"
                    TAGREFS="LT8"
                    BASELINE="93 1311 873 1313" 
                    HPOS="92"
                    VPOS="1271"
                    WIDTH="781"
                    HEIGHT="57">
            <Shape><Polygon POINTS="93 1311 92 1322 284 1327 285 1327 286 1327 299 1322 303 1321 306 1322 319 1327 320 1327 321 1327 352 1322 362 1321 372 1322 407 1327 408 1327 409 1327 410 1327 415 1322 424 1326 425 1326 426 1326 456 1322 466 1321 469 1322 485 1328 486 1328 487 1328 488 1328 509 1322 510 1322 549 1322 562 1328 564 1328 565 1328 566 1328 585 1323 813 1328 814 1328 872 1321 873 1313 873 1279 855 1272 854 1272 817 1272 816 1272 815 1272 802 1279 801 1279 789 1272 788 1272 753 1272 752 1272 751 1272 750 1272 742 1279 741 1280 697 1280 696 1279 688 1272 687 1272 685 1272 638 1272 636 1272 635 1272 618 1278 616 1279 611 1278 576 1272 575 1272 535 1278 530 1279 528 1278 521 1272 520 1272 519 1272 496 1272 495 1272 494 1272 493 1272 484 1278 483 1279 477 1278 437 1271 364 1271 363 1271 362 1271 348 1278 347 1279 241 1279 240 1278 231 1272 230 1272 229 1272 228 1272 227 1272 226 1272 218 1278 217 1279 151 1279 149 1278 130 1271 129 1271 128 1271 93 1277 93 1311"/></Shape>
	    <String CONTENT="Hanc ergo quam uel ſolam, ſi recte intelligatur, ſatis"
                    HPOS="92"
                    VPOS="1271"
                    WIDTH="781"
                    HEIGHT="57"
                    WC="0.9923014188254321"></String>
          </TextLine>
          <TextLine ID="line_25"
                    TAGREFS="LT8"
                    BASELINE="48 1360 873 1362" 
                    HPOS="47"
                    VPOS="1330"
                    WIDTH="826"
                    HEIGHT="48">
            <Shape><Polygon POINTS="872 1333 862 1333 851 1333 841 1333 830 1333 820 1333 810 1333 799 1333 789 1333 778 1333 768 1333 757 1333 747 1333 737 1333 726 1333 716 1333 705 1333 695 1333 684 1333 674 1333 664 1333 653 1333 643 1333 632 1333 622 1333 611 1333 601 1333 591 1333 580 1333 570 1333 559 1333 549 1333 538 1333 528 1333 518 1333 507 1333 497 1333 486 1333 476 1333 466 1333 455 1333 445 1333 434 1333 424 1333 413 1333 403 1333 393 1333 382 1333 372 1333 361 1333 351 1333 340 1333 330 1333 320 1333 309 1333 299 1333 288 1333 278 1333 267 1333 257 1333 247 1333 236 1333 226 1333 215 1333 205 1333 194 1333 184 1333 174 1333 163 1333 153 1333 142 1333 132 1333 121 1333 111 1333 101 1333 90 1333 80 1333 69 1333 59 1333 48 1330 48 1360 47 1375 121 1377 123 1377 124 1377 125 1377 127 1375 133 1371 163 1371 189 1375 207 1377 208 1377 209 1377 215 1375 225 1371 272 1371 285 1374 297 1377 298 1377 299 1377 300 1377 309 1374 320 1371 331 1374 344 1377 345 1377 346 1377 380 1374 406 1371 418 1373 435 1377 436 1377 437 1377 452 1373 460 1371 468 1373 482 1378 483 1378 484 1378 510 1373 516 1372 517 1373 525 1378 526 1378 527 1378 528 1378 529 1378 548 1373 550 1372 552 1373 567 1378 568 1378 569 1378 614 1373 673 1378 674 1378 753 1373 779 1378 780 1378 781 1378 782 1378 791 1372 843 1372 861 1378 862 1378 863 1378 864 1378 865 1378 872 1371 873 1362 872 1333 872 1333"/></Shape>
	    <String CONTENT="eſſe puto, &amp; ad gratiam Christi cõmendandam, &amp; uitã"
                    HPOS="47"
                    VPOS="1330"
                    WIDTH="826"
                    HEIGHT="48"
                    WC="0.9826715746015873"></String>
          </TextLine>
          <TextLine ID="line_26"
                    TAGREFS="LT8"
                    BASELINE="46 1408 868 1410" 
                    HPOS="43"
                    VPOS="1377"
                    WIDTH="823"
                    HEIGHT="55">
            <Shape><Polygon POINTS="45 1407 43 1427 50 1432 51 1432 53 1432 54 1432 865 1425 866 1408 865 1378 45 1377 45 1407"/></Shape>
	    <String CONTENT="quam pientißime instituendam, tum errores quoſq; con- Præstite¬"
                    HPOS="43"
                    VPOS="1377"
                    WIDTH="823"
                    HEIGHT="55"
                    WC="0.9884394397811284"></String>
          </TextLine>
          <TextLine ID="line_27"
                    TAGREFS="LT8"
                    BASELINE="45 1459 868 1461" 
                    HPOS="42"
                    VPOS="1424"
                    WIDTH="824"
                    HEIGHT="59">
            <Shape><Polygon POINTS="43 1458 42 1471 203 1482 204 1482 206 1482 240 1474 283 1482 284 1483 444 1483 444 1482 445 1482 470 1474 480 1482 481 1482 483 1482 484 1482 486 1482 511 1474 566 1482 567 1482 569 1482 600 1474 630 1482 632 1482 633 1483 854 1483 854 1482 855 1482 857 1482 865 1474 866 1460 865 1427 43 1424 43 1458"/></Shape>
	    <String CONTENT="uincendos, uerti primum, paulo liberius, ne idiotiſmi par rat ſacra li£"
                    HPOS="42"
                    VPOS="1424"
                    WIDTH="824"
                    HEIGHT="59"
                    WC="0.9826559038229392"></String>
          </TextLine>
          <TextLine ID="line_28"
                    TAGREFS="LT8"
                    BASELINE="44 1508 868 1511" 
                    HPOS="42"
                    VPOS="1472"
                    WIDTH="824"
                    HEIGHT="58">
            <Shape><Polygon POINTS="43 1507 42 1522 445 1522 450 1522 495 1530 497 1530 865 1522 866 1510 865 1478 43 1472 43 1507"/></Shape>
	    <String CONTENT="tim Ebræi, partim peculiariter Paulini, rudioribus ne- berius uer"
                    HPOS="42"
                    VPOS="1472"
                    WIDTH="824"
                    HEIGHT="58"
                    WC="0.9941412384693439"></String>
          </TextLine>
          <TextLine ID="line_29"
                    TAGREFS="LT8"
                    BASELINE="45 1560 868 1562" 
                    HPOS="42"
                    VPOS="1516"
                    WIDTH="824"
                    HEIGHT="80">
            <Shape><Polygon POINTS="43 1558 42 1593 87 1594 140 1578 159 1578 178 1594 192 1593 211 1586 233 1596 367 1596 416 1578 453 1578 491 1596 497 1596 522 1580 569 1580 592 1596 599 1596 628 1580 752 1596 771 1580 863 1585 866 1561 863 1524 367 1524 297 1516 292 1516 284 1525 200 1525 172 1516 112 1524 56 1516 43 1522 43 1558"/></Shape>
	    <String CONTENT="bulam aliquam offunderent. Optarim enimut dum extat tere¬"
                    HPOS="42"
                    VPOS="1516"
                    WIDTH="824"
                    HEIGHT="80"
                    WC="0.9953030640618843"></String>
          </TextLine>
        </TextBlock>
        <TextBlock HPOS="890"
                   VPOS="1372"
                   WIDTH="160"
                   HEIGHT="207"
                   ID="eSc_textblock_46db8a5b"
                   TAGREFS="BT858">
          <Shape><Polygon POINTS="1050 1372 1050 1579 940 1579 891 1579 891 1551 890 1551 890 1372"/></Shape>
          <TextLine ID="eSc_line_2a2f3339"
                    TAGREFS="LT8"
                    BASELINE="893 1411 1040 1411" 
                    HPOS="891"
                    VPOS="1353"
                    WIDTH="147"
                    HEIGHT="75">
            <Shape><Polygon POINTS="891 1410 891 1428 1038 1424 1038 1410 1038 1369 921 1353 919 1353 918 1353 891 1366 891 1410"/></Shape>
	    <String CONTENT="Præstite¬"
                    HPOS="891"
                    VPOS="1353"
                    WIDTH="147"
                    HEIGHT="75"></String>
          </TextLine>
          <TextLine ID="eSc_line_1c29bd20"
                    TAGREFS="LT8"
                    BASELINE="893 1462 1044 1462" 
                    HPOS="891"
                    VPOS="1416"
                    WIDTH="152"
                    HEIGHT="67">
            <Shape><Polygon POINTS="891 1461 891 1483 1043 1475 1043 1461 1043 1421 944 1416 943 1416 891 1425 891 1461"/></Shape>
	    <String CONTENT="rat ſacrali"
                    HPOS="891"
                    VPOS="1416"
                    WIDTH="152"
                    HEIGHT="67"></String>
          </TextLine>
          <TextLine ID="eSc_line_b0fadbdb"
                    TAGREFS="LT8"
                    BASELINE="893 1511 1044 1512" 
                    HPOS="890"
                    VPOS="1471"
                    WIDTH="153"
                    HEIGHT="84">
            <Shape><Polygon POINTS="890 1533 1040 1555 1043 1511 1040 1471 918 1480 893 1471 891 1510 890 1533"/></Shape>
	    <String CONTENT="breius uer"
                    HPOS="890"
                    VPOS="1471"
                    WIDTH="153"
                    HEIGHT="84"></String>
          </TextLine>
          <TextLine ID="eSc_line_680f1b7d"
                    TAGREFS="LT8"
                    BASELINE="893 1562 961 1562" 
                    HPOS="891"
                    VPOS="1527"
                    WIDTH="69"
                    HEIGHT="64">
            <Shape><Polygon POINTS="891 1561 894 1591 907 1583 959 1586 960 1561 960 1530 891 1527 891 1561"/></Shape>
	    <String CONTENT="tere·"
                    HPOS="891"
                    VPOS="1527"
                    WIDTH="69"
                    HEIGHT="64"></String>
          </TextLine>
        </TextBlock>
        <TextBlock HPOS="535.0"
                   VPOS="1578.0"
                   WIDTH="124.0"
                   HEIGHT="57.0"
                   ID="block_6"
                   TAGREFS="BT17">
          <Shape><Polygon POINTS="659 1578 659 1635 535 1635 535 1578"/></Shape>
          <TextLine ID="line_30"
                    TAGREFS="LT8"
                    BASELINE="557 1617 651 1615" 
                    HPOS="555"
                    VPOS="1578"
                    WIDTH="96"
                    HEIGHT="55">
            <Shape><Polygon POINTS="557 1617 559 1633 571 1625 584 1632 585 1632 586 1632 587 1632 589 1632 590 1632 590 1631 604 1622 625 1630 629 1631 630 1631 631 1631 651 1627 651 1615 647 1585 601 1597 585 1584 580 1578 579 1578 578 1578 577 1578 555 1583 557 1617"/></Shape>
	    <String CONTENT="A 5"
                    HPOS="555"
                    VPOS="1578"
                    WIDTH="96"
                    HEIGHT="55"
                    WC="0.9998963475227356"></String>
          </TextLine>
        </TextBlock>
        <TextBlock HPOS="744"
                   VPOS="1582"
                   WIDTH="136"
                   HEIGHT="59"
                   ID="block_7"
                   TAGREFS="BT17">
          <Shape><Polygon POINTS="880 1641 744 1641 744 1582 877 1582 877 1601 880 1601"/></Shape>
          <TextLine ID="line_31"
                    TAGREFS="LT8"
                    BASELINE="740 1613 867 1615" 
                    HPOS="739"
                    VPOS="1575"
                    WIDTH="128"
                    HEIGHT="67">
            <Shape><Polygon POINTS="740 1613 739 1624 773 1633 774 1633 787 1632 811 1627 825 1636 832 1641 834 1641 835 1641 836 1642 866 1642 867 1615 866 1577 824 1586 801 1581 778 1575 777 1575 776 1575 775 1575 767 1583 764 1585 740 1585 740 1613"/></Shape>
	    <String CONTENT="utrunq;"
                    HPOS="739"
                    VPOS="1575"
                    WIDTH="128"
                    HEIGHT="67"></String>
          </TextLine>
        </TextBlock>
      </PrintSpace>
    </Page>
  </Layout>
</alto>
