<?xml version="1.0" encoding="UTF-8"?>
<alto xmlns:xsi="http://www.w3.org/2001/XMLSchema-instance"
      xmlns="http://www.loc.gov/standards/alto/ns-v4#"
      xsi:schemaLocation="http://www.loc.gov/standards/alto/ns-v4# http://www.loc.gov/standards/alto/v4/alto-4-2.xsd">
  <Description>
    <MeasurementUnit>pixel</MeasurementUnit>
    <sourceImageInformation>
      <fileName>bsb00035303_00031.jpg</fileName>
    </sourceImageInformation>
  </Description>
  <Tags>
    <OtherTag ID="BT7" LABEL="CustomZone" DESCRIPTION="block type CustomZone"/><OtherTag ID="BT8" LABEL="DamageZone" DESCRIPTION="block type DamageZone"/><OtherTag ID="BT9" LABEL="DigitizationArtefactZone" DESCRIPTION="block type DigitizationArtefactZone"/><OtherTag ID="BT10" LABEL="DropCapitalZone" DESCRIPTION="block type DropCapitalZone"/><OtherTag ID="BT11" LABEL="GraphicZone" DESCRIPTION="block type GraphicZone"/><OtherTag ID="BT12" LABEL="MainZone" DESCRIPTION="block type MainZone"/><OtherTag ID="BT13" LABEL="MarginTextZone" DESCRIPTION="block type MarginTextZone"/><OtherTag ID="BT14" LABEL="MusicZone" DESCRIPTION="block type MusicZone"/><OtherTag ID="BT15" LABEL="NumberingZone" DESCRIPTION="block type NumberingZone"/><OtherTag ID="BT17" LABEL="QuireMarksZone" DESCRIPTION="block type QuireMarksZone"/><OtherTag ID="BT18" LABEL="RunningTitleZone" DESCRIPTION="block type RunningTitleZone"/><OtherTag ID="BT19" LABEL="SealZone" DESCRIPTION="block type SealZone"/><OtherTag ID="BT20" LABEL="StampZone" DESCRIPTION="block type StampZone"/><OtherTag ID="BT21" LABEL="TableZone" DESCRIPTION="block type TableZone"/><OtherTag ID="BT22" LABEL="TitlePageZone" DESCRIPTION="block type TitlePageZone"/><OtherTag ID="BT1790" LABEL="MainZone-Head" DESCRIPTION="block type MainZone-Head"/><OtherTag ID="BT1791" LABEL="MainZone-P" DESCRIPTION="block type MainZone-P"/><OtherTag ID="BT1792" LABEL="MarginTextZone-Notes" DESCRIPTION="block type MarginTextZone-Notes"/><OtherTag ID="BT1793" LABEL="MainZone-P-Continued" DESCRIPTION="block type MainZone-P-Continued"/>
    <OtherTag ID="LT7" LABEL="CustomLine" DESCRIPTION="line type CustomLine"/><OtherTag ID="LT8" LABEL="DefaultLine" DESCRIPTION="line type DefaultLine"/><OtherTag ID="LT9" LABEL="DropCapitalLine" DESCRIPTION="line type DropCapitalLine"/><OtherTag ID="LT10" LABEL="HeadingLine" DESCRIPTION="line type HeadingLine"/><OtherTag ID="LT11" LABEL="InterlinearLine" DESCRIPTION="line type InterlinearLine"/><OtherTag ID="LT12" LABEL="MusicLine" DESCRIPTION="line type MusicLine"/>
  </Tags>
  <Layout>
    <Page WIDTH="1128"
          HEIGHT="1876"
          PHYSICAL_IMG_NR="20"
          ID="eSc_dummypage_">
      <PrintSpace HPOS="0"
                  VPOS="0"
                  WIDTH="1128"
                  HEIGHT="1876">
        <TextBlock HPOS="236.0"
                   VPOS="116.0"
                   WIDTH="398.0"
                   HEIGHT="56.0"
                   ID="block_4"
                   TAGREFS="BT18">
          <Shape><Polygon POINTS="634 116 634 172 236 172 236 116"/></Shape>
          <TextLine ID="line_0"
                    TAGREFS="LT10"
                    BASELINE="238 161 633 151" 
                    HPOS="236"
                    VPOS="121"
                    WIDTH="397"
                    HEIGHT="54">
            <Shape><Polygon POINTS="612 121 602 121 592 121 581 121 571 121 560 121 550 121 540 121 529 121 519 121 508 121 497 121 486 121 476 121 466 121 455 121 445 121 434 121 424 121 413 121 403 121 393 121 236 122 238 161 238 168 276 175 277 175 313 174 314 174 327 167 329 166 331 167 345 170 346 170 347 170 373 166 378 165 379 166 386 170 387 170 388 170 389 170 390 170 391 170 398 165 400 164 407 165 433 169 434 169 463 164 475 162 483 163 504 168 505 168 506 168 519 163 523 161 530 162 549 167 550 167 551 167 552 167 553 167 560 162 561 161 562 162 573 166 574 166 575 166 576 166 593 161 601 159 604 161 609 165 610 165 611 165 612 165 633 160 633 151 630 121 623 121"/></Shape>
	    <String CONTENT="EPISTOLA·"
                    HPOS="236"
                    VPOS="121"
                    WIDTH="397"
                    HEIGHT="54"></String>
          </TextLine>
        </TextBlock>
        <TextBlock HPOS="829.0"
                   VPOS="120.0"
                   WIDTH="52.0"
                   HEIGHT="46.0"
                   ID="block_5"
                   TAGREFS="BT15">
          <Shape><Polygon POINTS="881 120 881 166 829 166 829 120"/></Shape>
          <TextLine ID="line_1"
                    TAGREFS="LT8"
                    BASELINE="828 152 876 152" 
                    HPOS="828.0"
                    VPOS="106.0"
                    WIDTH="48.0"
                    HEIGHT="65.0">
            <Shape><Polygon POINTS="828 165 857 171 859 171 860 171 861 171 876 162 876 152 876 112 860 106 859 106 857 106 828 107 828 152"/></Shape>
	    <String CONTENT="16"
                    HPOS="828.0"
                    VPOS="106.0"
                    WIDTH="48.0"
                    HEIGHT="65.0"></String>
          </TextLine>
        </TextBlock>
        <TextBlock HPOS="38.0"
                   VPOS="188.0"
                   WIDTH="849.0"
                   HEIGHT="152.0"
                   ID="block_6"
                   TAGREFS="BT1793">
          <Shape><Polygon POINTS="887 188 887 340 38 340 38 188"/></Shape>
          <TextLine ID="line_2"
                    TAGREFS="LT8"
                    BASELINE="39 239 395 224 880 218" 
                    HPOS="38"
                    VPOS="196"
                    WIDTH="842"
                    HEIGHT="55">
            <Shape><Polygon POINTS="862 196 851 196 841 196 830 196 820 196 810 196 799 196 789 196 778 196 768 196 757 196 747 196 737 196 726 196 716 196 705 196 695 196 684 196 674 196 664 196 653 196 643 196 632 196 622 196 611 196 601 196 591 196 580 196 570 196 559 196 549 196 538 196 528 196 518 196 507 196 497 196 486 196 476 196 466 196 455 196 445 196 434 196 424 196 413 196 402 196 391 196 381 196 371 196 360 196 350 196 339 196 329 196 319 196 308 196 298 196 287 196 277 196 266 196 256 196 246 196 235 196 225 196 214 196 210 196 201 203 132 196 131 196 130 196 105 207 50 200 48 200 47 200 46 200 42 202 38 209 39 239 39 251 160 251 160 250 161 250 168 248 187 241 212 247 221 248 222 248 223 248 228 245 243 240 364 237 422 241 424 241 425 241 426 241 427 241 435 236 547 239 578 239 579 239 589 238 611 234 629 237 644 239 645 239 660 236 692 230 700 235 702 237 703 237 704 237 705 237 717 235 745 229 762 234 769 236 770 236 771 236 880 231 880 218 877 196 872 196"/></Shape>
	    <String CONTENT="tes, aduerſus Dominos mundi, tenebrarum"
                    HPOS="38"
                    VPOS="196"
                    WIDTH="842"
                    HEIGHT="55"
                    WC="0.9912619758874942"></String>
          </TextLine>
          <TextLine ID="line_3"
                    TAGREFS="LT8"
                    BASELINE="38 288 403 273 878 269" 
                    HPOS="37.0"
                    VPOS="228.0"
                    WIDTH="841.0"
                    HEIGHT="74.0">
            <Shape><Polygon POINTS="38 288 38 302 133 300 134 300 158 290 173 298 174 298 175 298 239 290 275 297 276 297 277 297 303 287 315 292 316 292 317 292 451 285 486 292 487 292 488 292 609 281 643 289 644 289 645 289 646 289 675 280 708 287 709 287 710 287 712 287 712 286 720 279 737 287 738 287 739 287 878 284 878 269 875 235 761 237 758 237 746 228 745 228 744 228 743 228 680 229 679 229 643 239 641 239 640 239 618 230 617 230 616 230 615 230 614 230 600 240 599 240 598 240 573 231 572 231 571 231 570 231 550 240 549 241 548 240 533 232 532 232 531 232 503 232 502 232 455 233 454 233 430 242 400 234 399 234 398 234 397 234 371 243 312 236 311 236 310 236 272 245 267 248 235 248 233 247 221 238 219 238 218 238 217 238 216 238 191 248 187 249 184 248 164 240 163 240 162 240 161 240 131 249 126 251 71 251 67 250 52 244 51 244 50 244 48 244 37 249 38 288"/></Shape>
	    <String CONTENT="ſæculi huius, aduerſus ſpiritales uerſutias, quę"
                    HPOS="37.0"
                    VPOS="228.0"
                    WIDTH="841.0"
                    HEIGHT="74.0"
                    WC="0.9957039721158086"></String>
          </TextLine>
          <TextLine ID="line_4"
                    TAGREFS="LT8"
                    BASELINE="39 336 374 323" 
                    HPOS="38.0"
                    VPOS="284.0"
                    WIDTH="336.0"
                    HEIGHT="65.0">
            <Shape><Polygon POINTS="38 317 39 336 39 343 63 349 64 349 374 331 374 323 372 291 354 284 353 284 352 284 351 284 314 293 297 284 296 284 295 284 257 286 256 286 255 286 247 293 218 287 217 287 216 287 190 299 190 300 177 300 153 300 135 291 134 291 133 291 132 291 131 291 114 302 113 302 64 293 63 293 62 293 42 302 38 317"/></Shape>
	    <String CONTENT="ſunt in cæleſtibus"
                    HPOS="38.0"
                    VPOS="284.0"
                    WIDTH="336.0"
                    HEIGHT="65.0"
                    WC="0.9703118287854724"></String>
          </TextLine>
        </TextBlock>
        <TextBlock HPOS="40.0"
                   VPOS="337.0"
                   WIDTH="851.0"
                   HEIGHT="490.0"
                   ID="block_0"
                   TAGREFS="BT1791">
          <Shape><Polygon POINTS="891 337 891 827 40 827 40 337"/></Shape>
          <TextLine ID="line_5"
                    TAGREFS="LT8"
                    BASELINE="48 381 420 368 881 364" 
                    HPOS="45.0"
                    VPOS="337.0"
                    WIDTH="835.0"
                    HEIGHT="52.0">
            <Shape><Polygon POINTS="874 337 858 337 843 337 827 337 811 337 796 337 780 337 765 337 749 337 733 337 718 337 702 337 686 337 671 337 655 337 639 337 624 337 608 337 592 337 577 337 561 337 546 337 530 337 514 337 499 337 483 337 467 337 452 337 436 337 420 337 405 337 389 337 373 337 358 337 342 337 326 337 311 337 298 337 45 347 46 379 46 389 879 373 880 362 877 337 874 337"/></Shape>
	    <String CONTENT="Quaproptér anumſte Iotain afſſaturani"
                    HPOS="45.0"
                    VPOS="337.0"
                    WIDTH="835.0"
                    HEIGHT="52.0"
                    WC="0.9981207941707811"></String>
          </TextLine>
          <TextLine ID="line_6"
                    TAGREFS="LT8"
                    BASELINE="39 435 382 418 880 412" 
                    HPOS="37.0"
                    VPOS="373.0"
                    WIDTH="843.0"
                    HEIGHT="72.0">
            <Shape><Polygon POINTS="39 435 39 445 199 442 200 442 201 442 204 440 211 436 242 439 247 439 248 439 255 439 308 431 480 428 491 431 497 433 498 433 499 433 500 433 506 430 515 427 523 430 534 434 535 434 536 434 537 434 557 429 569 426 576 428 583 431 584 431 585 431 586 431 600 427 607 426 623 427 685 431 687 431 737 424 846 427 847 427 848 427 849 427 860 418 861 418 879 418 880 412 877 381 753 382 749 382 710 373 709 373 708 373 683 382 675 385 668 382 649 374 648 374 647 374 646 374 645 374 632 383 630 384 626 383 619 380 618 380 617 380 599 383 574 387 566 383 551 376 550 376 549 376 512 384 505 385 498 384 472 378 471 378 470 378 469 378 461 384 457 388 448 384 439 381 438 381 347 381 346 381 345 381 344 381 337 385 327 391 295 392 262 386 248 383 247 383 246 383 236 386 202 398 117 399 37 388 39 435"/></Shape>
	    <String CONTENT="Dei, ut poſſitis reſiſtere in die malo, &amp; omni¬"
                    HPOS="37.0"
                    VPOS="373.0"
                    WIDTH="843.0"
                    HEIGHT="72.0"
                    WC="0.9677550501011788"></String>
          </TextLine>
          <TextLine ID="line_7"
                    TAGREFS="LT8"
                    BASELINE="41 483 436 466 885 462" 
                    HPOS="40.0"
                    VPOS="420.0"
                    WIDTH="845.0"
                    HEIGHT="74.0">
            <Shape><Polygon POINTS="40 449 41 483 41 490 127 494 128 494 166 487 178 486 187 487 215 491 216 491 217 491 234 486 241 483 347 481 351 483 355 486 356 486 357 486 358 486 359 486 360 486 364 483 370 479 481 477 506 479 550 483 551 483 552 483 562 478 566 476 579 477 596 479 597 479 598 479 605 477 615 474 622 476 633 480 634 480 635 480 876 476 877 476 878 476 885 471 885 462 880 424 871 428 856 425 836 420 835 420 834 420 832 420 824 426 817 430 799 426 782 423 781 423 780 423 771 427 762 431 705 429 687 429 685 429 678 430 656 434 646 431 635 428 634 428 633 428 615 432 601 435 592 433 581 430 580 430 579 430 578 430 570 433 562 436 555 434 534 427 533 427 532 427 489 436 486 436 481 436 406 430 405 430 404 430 403 430 391 439 389 441 338 441 338 440 320 432 319 432 317 432 264 438 217 434 216 434 215 434 214 434 198 446 109 447 51 440 50 440 48 440 47 440 47 441 41 447 40 449"/></Shape>
	    <String CONTENT="bus peractis ſtare. State igitur circumcinctis"
                    HPOS="40.0"
                    VPOS="420.0"
                    WIDTH="845.0"
                    HEIGHT="74.0"
                    WC="0.98086068422898"></String>
          </TextLine>
          <TextLine ID="line_8"
                    TAGREFS="LT8"
                    BASELINE="41 532 417 515 883 511" 
                    HPOS="40.0"
                    VPOS="473.0"
                    WIDTH="843.0"
                    HEIGHT="67.0">
            <Shape><Polygon POINTS="40 498 41 532 41 540 160 540 160 539 161 539 168 537 180 534 203 536 219 538 221 538 235 536 270 530 301 535 312 536 313 536 314 536 319 534 330 528 450 526 484 531 494 532 495 532 496 532 497 532 498 531 506 525 535 529 536 529 594 523 665 528 676 528 677 528 678 528 681 527 698 522 707 527 708 527 709 527 710 527 881 523 883 511 879 479 733 481 717 473 716 473 677 473 676 473 675 473 654 481 638 474 636 474 635 474 634 474 604 482 582 476 581 476 580 476 518 477 517 477 516 477 500 487 475 487 405 479 404 479 311 491 232 483 231 483 230 483 229 483 216 491 159 485 158 485 157 485 137 495 76 497 61 487 60 487 59 487 58 487 57 487 56 487 40 496 40 498"/></Shape>
	    <String CONTENT="lumbis ueſtris, ueritate, &amp; induti thoracem"
                    HPOS="40.0"
                    VPOS="473.0"
                    WIDTH="843.0"
                    HEIGHT="67.0"
                    WC="0.9960814686708672"></String>
          </TextLine>
          <TextLine ID="line_9"
                    TAGREFS="LT8"
                    BASELINE="42 580 419 564 885 560" 
                    HPOS="41.0"
                    VPOS="520.0"
                    WIDTH="844.0"
                    HEIGHT="71.0">
            <Shape><Polygon POINTS="42 580 42 591 184 591 184 590 185 590 199 587 216 581 329 579 350 583 362 585 363 585 364 585 375 582 391 578 406 581 423 585 424 585 425 585 426 585 431 581 437 576 472 576 511 579 556 582 557 582 558 582 559 582 566 577 572 573 616 573 625 576 636 580 638 580 639 580 676 575 677 575 709 579 710 579 712 579 728 573 736 571 764 572 820 576 821 576 885 569 885 560 881 522 803 529 777 524 757 520 756 520 755 520 740 525 721 530 696 526 674 522 673 522 672 522 664 526 655 531 549 532 544 529 542 527 541 527 540 527 538 527 517 530 500 532 491 530 471 526 470 526 469 526 468 526 459 531 453 535 430 532 423 531 422 531 407 532 356 538 320 534 279 530 278 530 231 531 230 531 229 531 222 536 213 542 132 544 118 539 105 534 104 534 103 534 102 534 86 540 80 542 77 540 69 535 68 535 67 535 66 535 41 540 42 580"/></Shape>
	    <String CONTENT="iuſtitiæ, &amp; calceati pedes, promptitudinean"
                    HPOS="41.0"
                    VPOS="520.0"
                    WIDTH="844.0"
                    HEIGHT="71.0"
                    WC="0.9965563998665921"></String>
          </TextLine>
          <TextLine ID="line_10"
                    TAGREFS="LT8"
                    BASELINE="41 628 423 613 885 608" 
                    HPOS="40.0"
                    VPOS="566.0"
                    WIDTH="845.0"
                    HEIGHT="74.0">
            <Shape><Polygon POINTS="41 628 41 633 51 639 52 639 53 639 54 640 87 640 87 639 283 629 322 627 332 628 368 633 369 633 463 626 512 622 573 622 581 625 591 628 592 628 593 628 654 624 706 620 724 623 739 625 740 625 885 620 885 608 883 573 857 566 856 566 855 566 854 566 839 575 831 579 684 581 680 579 674 576 673 576 672 576 653 580 641 582 638 580 628 574 627 574 626 574 625 574 624 574 607 580 596 573 595 573 594 573 560 573 559 573 558 573 557 573 547 582 529 583 492 585 483 584 439 576 438 576 353 586 229 580 228 580 227 580 190 593 170 593 154 582 153 582 152 582 151 582 150 582 127 594 126 595 40 596 41 628"/></Shape>
	    <String CONTENT="nunciandi Euangelij pacis. Super omnia aſ¬"
                    HPOS="40.0"
                    VPOS="566.0"
                    WIDTH="845.0"
                    HEIGHT="74.0"
                    WC="0.9967195902551923"></String>
          </TextLine>
          <TextLine ID="line_11"
                    TAGREFS="LT8"
                    BASELINE="44 677 372 662 884 658" 
                    HPOS="43.0"
                    VPOS="616.0"
                    WIDTH="841.0"
                    HEIGHT="71.0">
            <Shape><Polygon POINTS="44 677 44 687 436 674 470 674 474 676 480 680 481 680 482 680 483 680 484 680 504 675 513 673 522 675 536 679 537 679 538 679 540 679 557 674 560 673 561 674 569 678 570 678 571 678 572 678 639 677 640 677 653 671 657 670 659 671 672 676 673 676 674 676 675 676 676 676 683 671 684 670 691 670 734 674 736 674 737 674 752 669 763 675 764 675 765 675 766 675 821 667 823 667 824 667 866 672 867 672 868 672 884 664 884 658 881 627 862 627 848 616 847 616 846 616 845 616 844 616 814 627 814 628 751 629 749 628 732 618 731 618 730 618 714 618 713 618 656 619 655 619 654 619 638 630 635 631 628 630 595 625 594 625 593 625 578 630 570 624 569 624 568 624 567 624 566 624 565 624 557 630 517 632 469 634 463 633 434 623 433 623 432 623 380 624 379 624 378 624 369 632 340 634 320 636 316 635 307 630 306 630 305 630 304 630 303 630 296 635 293 635 243 627 242 627 241 627 216 636 208 640 177 640 172 637 162 632 161 632 160 632 120 638 103 640 95 638 71 630 70 630 69 630 68 630 43 638 44 677"/></Shape>
	    <String CONTENT="ſumentes ſcutumfidei, quo poſſitis cuncta"
                    HPOS="43.0"
                    VPOS="616.0"
                    WIDTH="841.0"
                    HEIGHT="71.0"
                    WC="0.9914680908365947"></String>
          </TextLine>
          <TextLine ID="line_12"
                    TAGREFS="LT8"
                    BASELINE="45 725 382 711 884 707" 
                    HPOS="44.0"
                    VPOS="668.0"
                    WIDTH="840.0"
                    HEIGHT="66.0">
            <Shape><Polygon POINTS="45 725 45 734 237 734 237 733 253 731 274 727 290 730 303 732 304 732 305 732 315 730 332 726 363 729 386 731 387 731 447 728 529 723 547 726 557 728 558 728 577 726 617 721 656 725 672 726 673 726 674 726 679 724 694 720 719 724 729 725 730 725 747 723 797 718 883 721 884 707 880 676 828 676 827 676 788 668 787 668 786 668 766 677 765 677 764 677 732 669 731 669 730 669 689 670 688 670 687 670 673 678 671 679 667 678 635 671 634 671 633 671 617 679 614 680 605 679 575 675 574 675 573 675 572 675 567 680 566 680 544 680 445 678 444 678 427 681 420 683 415 682 403 677 402 677 401 677 359 682 352 683 350 682 335 677 334 677 274 677 273 677 232 678 231 678 230 678 219 684 214 687 187 685 166 683 165 683 164 683 158 685 149 688 143 685 135 681 134 681 133 681 132 681 131 681 125 685 120 688 44 687 45 725"/></Shape>
	    <String CONTENT="iacula mali illius ignita extinguere, &amp; galeam"
                    HPOS="44.0"
                    VPOS="668.0"
                    WIDTH="840.0"
                    HEIGHT="66.0"
                    WC="0.9939047059287196"></String>
          </TextLine>
          <TextLine ID="line_13"
                    TAGREFS="LT8"
                    BASELINE="46 775 419 760 885 757" 
                    HPOS="45.0"
                    VPOS="716.0"
                    WIDTH="840.0"
                    HEIGHT="74.0">
            <Shape><Polygon POINTS="46 775 46 782 92 790 93 790 127 782 136 788 137 788 138 788 139 788 173 781 175 781 178 781 204 787 205 787 206 787 224 781 230 779 237 781 259 786 260 786 261 786 262 786 263 786 273 780 277 778 301 780 335 783 336 783 353 780 370 776 374 779 378 783 379 783 380 783 381 784 422 784 422 783 449 779 478 773 538 773 557 778 568 780 569 780 570 780 596 777 649 771 694 776 703 777 704 777 716 776 770 770 884 774 885 757 883 720 810 716 808 716 807 716 806 716 798 722 791 726 772 722 761 720 759 720 718 724 666 728 638 725 583 720 582 720 581 720 566 727 561 729 550 728 510 722 509 722 422 723 421 723 420 723 411 729 369 724 368 724 366 724 349 733 345 734 326 733 291 731 290 731 187 736 151 738 129 738 82 737 66 730 65 730 64 730 63 730 45 738 46 775"/></Shape>
	    <String CONTENT="ſalutis accipite, &amp; gladium ſpiritus, quod eſt"
                    HPOS="45.0"
                    VPOS="716.0"
                    WIDTH="840.0"
                    HEIGHT="74.0"
                    WC="0.9903612279373667"></String>
          </TextLine>
          <TextLine ID="line_14"
                    TAGREFS="LT8"
                    BASELINE="46 824 303 813" 
                    HPOS="44.0"
                    VPOS="777.0"
                    WIDTH="259.0"
                    HEIGHT="58.0">
            <Shape><Polygon POINTS="46 824 46 831 89 835 90 835 303 822 303 813 300 783 255 784 223 777 222 777 221 777 204 785 173 780 172 780 170 780 169 780 169 781 160 788 94 782 93 782 92 782 91 782 79 792 53 787 52 787 51 787 50 787 44 791 46 824"/></Shape>
	    <String CONTENT="uerbum Dei."
                    HPOS="44.0"
                    VPOS="777.0"
                    WIDTH="259.0"
                    HEIGHT="58.0"
                    WC="0.9998815168033947"></String>
          </TextLine>
        </TextBlock>
        <TextBlock HPOS="53.0"
                   VPOS="826.0"
                   WIDTH="850.0"
                   HEIGHT="441.0"
                   ID="block_1"
                   TAGREFS="BT1791">
          <Shape><Polygon POINTS="903 826 903 1267 53 1267 53 826"/></Shape>
          <TextLine ID="line_15"
                    TAGREFS="LT8"
                    BASELINE="61 868 592 856 891 857" 
                    HPOS="104.0"
                    VPOS="816.0"
                    WIDTH="787.0"
                    HEIGHT="66.0">
            <Shape><Polygon POINTS="406 859 396 859 385 859 375 859 364 859 354 859 344 859 333 861 323 861 312 861 302 861 291 861 281 861 271 861 260 861 250 861 239 861 229 861 218 861 208 861 198 861 187 861 177 861 166 861 156 861 145 861 135 861 125 861 114 861 104 861 105 868 105 875 134 882 135 882 202 877 232 881 233 881 271 874 327 878 328 878 363 872 385 878 386 878 387 878 434 870 436 870 439 870 541 876 542 876 543 876 544 876 557 868 559 868 612 872 614 872 643 867 651 873 652 873 653 873 654 873 693 867 701 873 702 873 703 873 704 874 746 874 746 873 747 873 748 873 748 872 756 866 813 872 814 872 848 866 866 871 867 871 868 871 869 871 891 861 891 857 888 821 869 827 857 822 844 816 843 816 842 816 810 823 802 817 801 817 800 817 752 817 751 817 750 817 749 817 738 827 734 830 727 827 703 818 702 818 701 818 534 827 495 821 494 821 477 822 476 822 475 822 454 838 449 844 437 840 428 836 427 836 426 836 425 836 424 836 419 841 418 841 417 859"/></Shape>
	    <String CONTENT="Omni oratione &amp; deprecatione, orantes"
                    HPOS="104.0"
                    VPOS="816.0"
                    WIDTH="787.0"
                    HEIGHT="66.0"></String>
          </TextLine>
          <TextLine ID="line_16"
                    TAGREFS="LT8"
                    BASELINE="51 922 509 906 890 902" 
                    HPOS="48.0"
                    VPOS="864.0"
                    WIDTH="842.0"
                    HEIGHT="72.0">
            <Shape><Polygon POINTS="51 922 51 931 119 936 120 936 121 936 123 936 134 929 137 928 185 928 186 928 204 934 205 934 206 934 207 934 223 927 228 924 261 924 267 926 286 932 287 932 288 932 333 927 387 930 388 930 389 930 390 930 401 922 404 920 529 918 536 919 580 925 581 925 582 925 583 925 595 918 634 920 635 920 636 920 638 920 642 916 643 915 646 916 673 923 674 923 675 923 716 914 717 914 718 914 736 920 737 920 738 920 772 915 852 919 853 919 854 919 890 908 890 902 888 870 861 864 860 864 859 864 857 864 848 870 847 871 733 872 730 871 713 864 712 864 710 864 709 864 708 864 697 872 696 872 695 872 679 865 678 865 641 865 640 865 639 865 621 872 619 873 618 872 600 866 599 866 598 866 562 867 561 867 544 873 532 877 506 874 471 869 470 869 409 871 408 871 399 875 383 881 366 876 365 876 364 876 319 882 305 876 303 875 302 875 301 875 300 875 297 876 277 883 143 886 48 879 51 922"/></Shape>
	    <String CONTENT="in omni tempore, &amp; ſpiritu, in idipſum uigi¬"
                    HPOS="48.0"
                    VPOS="864.0"
                    WIDTH="842.0"
                    HEIGHT="72.0"
                    WC="0.998925657434897"></String>
          </TextLine>
          <TextLine ID="line_17"
                    TAGREFS="LT8"
                    BASELINE="52 970 524 955 894 953" 
                    HPOS="51.0"
                    VPOS="917.0"
                    WIDTH="843.0"
                    HEIGHT="65.0">
            <Shape><Polygon POINTS="52 970 52 982 192 982 192 981 193 981 202 979 222 973 305 971 323 977 325 977 326 977 327 977 328 977 330 977 346 969 394 969 458 973 459 973 511 968 531 973 535 974 536 974 537 974 538 974 542 973 556 966 597 972 601 972 602 972 603 972 604 972 615 965 656 971 661 971 663 971 670 970 726 963 773 969 779 969 780 969 781 969 785 968 804 963 817 968 818 968 819 968 820 968 894 966 894 953 891 921 745 923 743 923 714 918 713 918 681 923 673 917 672 917 671 917 643 917 642 917 560 924 543 919 542 919 541 919 509 924 463 921 462 921 428 928 420 930 395 929 313 925 312 925 311 925 298 931 295 932 289 931 268 926 267 926 266 926 237 932 224 934 183 933 134 931 133 931 116 934 99 938 86 934 62 929 61 929 60 929 51 933 52 970"/></Shape>
	    <String CONTENT="lantes, cum omni inſtantia &amp; deprecatione"
                    HPOS="51.0"
                    VPOS="917.0"
                    WIDTH="843.0"
                    HEIGHT="65.0"
                    WC="0.9975965880766148"></String>
          </TextLine>
          <TextLine ID="line_18"
                    TAGREFS="LT8"
                    BASELINE="57 1018 320 1008 895 1000" 
                    HPOS="56.0"
                    VPOS="961.0"
                    WIDTH="839.0"
                    HEIGHT="70.0">
            <Shape><Polygon POINTS="57 1018 57 1031 113 1031 113 1030 114 1030 116 1029 130 1023 145 1028 149 1029 150 1029 151 1029 152 1029 157 1028 179 1023 212 1027 228 1028 229 1028 230 1028 236 1026 251 1021 364 1023 450 1024 451 1024 469 1020 483 1017 496 1019 515 1023 516 1023 517 1023 526 1019 532 1016 544 1018 557 1021 558 1021 594 1017 615 1015 630 1016 675 1020 676 1020 677 1020 691 1015 695 1013 721 1014 796 1017 797 1017 798 1017 799 1017 808 1011 810 1010 815 1010 849 1016 850 1016 895 1008 895 1000 892 970 795 971 794 971 776 961 775 961 774 961 773 961 752 971 734 963 733 963 700 963 699 963 698 963 697 963 681 972 680 973 630 974 627 973 621 969 620 969 619 969 618 969 617 969 605 973 601 974 593 973 553 967 552 967 521 974 520 974 519 974 504 967 503 967 458 967 457 967 456 967 455 967 446 975 443 978 393 978 389 976 381 969 380 969 379 969 358 969 357 969 356 969 334 976 328 978 311 976 278 973 277 973 276 973 264 977 255 980 247 977 229 971 228 971 227 971 205 972 204 972 203 972 194 978 189 982 165 982 157 978 145 973 144 973 143 973 142 973 125 979 111 983 56 980 57 1018"/></Shape>
	    <String CONTENT="pro ſanctis omnibus, &amp; pro me, ut detur mi¬"
                    HPOS="56.0"
                    VPOS="961.0"
                    WIDTH="839.0"
                    HEIGHT="70.0"
                    WC="0.9921037319094635"></String>
          </TextLine>
          <TextLine ID="line_19"
                    TAGREFS="LT8"
                    BASELINE="54 1067 461 1054 897 1050" 
                    HPOS="53.0"
                    VPOS="1008.0"
                    WIDTH="844.0"
                    HEIGHT="71.0">
            <Shape><Polygon POINTS="54 1067 54 1079 157 1073 238 1076 253 1076 254 1076 255 1076 257 1075 275 1070 348 1073 374 1074 375 1074 386 1072 409 1068 422 1071 425 1072 426 1072 427 1072 436 1071 461 1067 469 1070 473 1072 474 1072 475 1072 476 1072 480 1070 488 1066 540 1068 579 1070 580 1070 611 1067 644 1063 659 1065 676 1068 677 1068 695 1064 708 1060 759 1060 764 1063 771 1066 772 1066 773 1066 774 1066 775 1066 779 1062 782 1060 800 1062 853 1065 854 1065 896 1058 897 1050 895 1008 860 1008 859 1008 857 1008 856 1008 856 1009 847 1016 815 1010 807 1009 806 1009 805 1009 804 1009 803 1010 793 1017 779 1011 776 1010 775 1010 774 1010 767 1011 733 1019 708 1014 698 1011 697 1011 682 1015 642 1023 610 1017 601 1015 600 1015 599 1015 595 1017 584 1022 568 1018 567 1018 566 1018 564 1018 528 1025 520 1019 519 1018 518 1018 517 1018 516 1018 507 1020 479 1027 375 1028 329 1025 268 1020 267 1020 266 1020 265 1020 254 1027 248 1030 216 1028 190 1026 189 1026 173 1029 158 1032 146 1030 115 1023 114 1023 113 1023 112 1023 102 1030 53 1032 54 1067"/></Shape>
	    <String CONTENT="hi ſermo, dum os meum aperiendum eſt, cũ"
                    HPOS="53.0"
                    VPOS="1008.0"
                    WIDTH="844.0"
                    HEIGHT="71.0"
                    WC="0.9853629382645211"></String>
          </TextLine>
          <TextLine ID="line_20"
                    TAGREFS="LT8"
                    BASELINE="56 1115 518 1102 897 1099" 
                    HPOS="55.0"
                    VPOS="1057.0"
                    WIDTH="842.0"
                    HEIGHT="67.0">
            <Shape><Polygon POINTS="56 1115 56 1124 897 1111 897 1099 895 1059 872 1057 871 1057 870 1057 869 1057 866 1059 854 1068 823 1064 822 1064 748 1070 692 1070 678 1065 666 1062 665 1062 664 1062 663 1062 653 1066 639 1072 618 1067 601 1063 600 1063 599 1063 598 1063 597 1063 590 1068 581 1073 573 1068 564 1064 562 1064 561 1064 503 1065 502 1065 488 1071 480 1074 461 1071 445 1069 444 1069 443 1069 435 1072 427 1076 419 1073 405 1067 404 1067 376 1067 375 1067 374 1067 352 1074 344 1078 267 1079 259 1077 235 1070 234 1070 233 1070 161 1071 160 1071 159 1071 144 1080 143 1080 123 1076 121 1076 120 1076 107 1081 104 1083 55 1083 56 1115"/></Shape>
	    <String CONTENT="omni fidutia, ad notum faciendum arcanũ"
                    HPOS="55.0"
                    VPOS="1057.0"
                    WIDTH="842.0"
                    HEIGHT="67.0"
                    WC="0.975663198530674"></String>
          </TextLine>
          <TextLine ID="line_21"
                    TAGREFS="LT8"
                    BASELINE="58 1165 469 1152 895 1146" 
                    HPOS="56.0"
                    VPOS="1105.0"
                    WIDTH="839.0"
                    HEIGHT="73.0">
            <Shape><Polygon POINTS="58 1165 58 1174 195 1178 197 1178 198 1178 215 1172 243 1177 244 1177 291 1169 300 1168 304 1169 323 1175 324 1175 325 1175 326 1175 347 1168 351 1167 362 1168 430 1173 431 1173 432 1173 454 1165 457 1164 533 1163 537 1164 558 1169 559 1169 560 1169 561 1169 573 1163 575 1162 584 1163 643 1168 644 1168 699 1162 710 1167 712 1167 713 1167 755 1158 761 1157 765 1157 804 1165 805 1165 895 1154 895 1146 894 1111 887 1105 886 1105 885 1105 884 1105 818 1106 817 1106 804 1113 797 1117 779 1114 769 1112 768 1112 767 1112 757 1114 740 1118 713 1115 699 1113 698 1113 697 1113 696 1113 694 1115 685 1119 673 1115 669 1114 668 1114 667 1114 666 1114 660 1115 643 1119 617 1116 586 1112 585 1112 584 1112 583 1112 577 1116 568 1122 512 1117 478 1114 477 1114 476 1114 469 1117 456 1124 414 1118 397 1116 396 1116 395 1116 394 1116 390 1118 377 1127 288 1129 258 1129 247 1120 246 1119 244 1119 243 1119 242 1119 205 1120 199 1121 148 1131 56 1123 58 1165"/></Shape>
	    <String CONTENT="Euangelij, cuius legatione fungor, conſtri¬"
                    HPOS="56.0"
                    VPOS="1105.0"
                    WIDTH="839.0"
                    HEIGHT="73.0"
                    WC="0.9987970244052798"></String>
          </TextLine>
          <TextLine ID="line_22"
                    TAGREFS="LT8"
                    BASELINE="58 1212 519 1200 892 1198" 
                    HPOS="57.0"
                    VPOS="1158.0"
                    WIDTH="835.0"
                    HEIGHT="68.0">
            <Shape><Polygon POINTS="58 1212 58 1224 101 1226 102 1226 103 1226 112 1224 135 1218 177 1223 188 1224 189 1224 201 1223 241 1216 252 1222 253 1223 254 1223 255 1223 256 1224 299 1224 299 1223 300 1223 304 1221 317 1214 498 1212 509 1217 510 1217 511 1217 603 1210 890 1213 892 1198 890 1167 826 1166 813 1158 812 1158 791 1158 790 1158 789 1158 788 1158 775 1168 741 1162 740 1162 692 1170 658 1170 647 1162 646 1162 645 1162 644 1162 643 1162 623 1167 511 1164 510 1164 509 1164 508 1164 499 1170 420 1165 419 1165 297 1176 193 1173 192 1173 113 1179 76 1171 75 1171 74 1171 57 1179 58 1212"/></Shape>
	    <String CONTENT="ctus catena, ut confidenter illud annunciem,"
                    HPOS="57.0"
                    VPOS="1158.0"
                    WIDTH="835.0"
                    HEIGHT="68.0"
                    WC="0.9976472962986339"></String>
          </TextLine>
          <TextLine ID="line_23"
                    TAGREFS="LT8"
                    BASELINE="59 1261 501 1250" 
                    HPOS="57.0"
                    VPOS="1213.0"
                    WIDTH="444.0"
                    HEIGHT="62.0">
            <Shape><Polygon POINTS="59 1261 59 1270 68 1275 69 1275 70 1275 136 1268 146 1267 154 1268 190 1273 191 1273 192 1273 207 1267 209 1266 213 1267 231 1270 232 1270 253 1266 259 1265 263 1266 277 1271 278 1271 279 1271 280 1271 281 1271 281 1270 287 1266 289 1264 297 1265 322 1270 323 1270 355 1265 371 1262 374 1264 377 1267 377 1268 378 1268 379 1268 380 1268 500 1262 501 1250 499 1219 426 1216 425 1216 403 1220 398 1221 397 1220 382 1213 381 1213 380 1213 379 1213 346 1221 342 1222 339 1221 316 1215 315 1215 314 1215 313 1215 312 1215 303 1222 301 1223 295 1222 246 1216 244 1216 243 1216 221 1223 190 1217 189 1217 157 1224 77 1220 76 1220 75 1220 57 1226 59 1261"/></Shape>
	    <String CONTENT="ſicut oportet me loqui."
                    HPOS="57.0"
                    VPOS="1213.0"
                    WIDTH="444.0"
                    HEIGHT="62.0"
                    WC="0.9989099321158036"></String>
          </TextLine>
        </TextBlock>
        <TextBlock HPOS="62.0"
                   VPOS="1268.0"
                   WIDTH="845.0"
                   HEIGHT="250.0"
                   ID="block_2"
                   TAGREFS="BT1791">
          <Shape><Polygon POINTS="907 1268 907 1518 62 1518 62 1268"/></Shape>
          <TextLine ID="line_24"
                    TAGREFS="LT8"
                    BASELINE="76 1305 895 1294" 
                    HPOS="118.0"
                    VPOS="1253.0"
                    WIDTH="777.0"
                    HEIGHT="63.0">
            <Shape><Polygon POINTS="119 1316 895 1306 895 1294 892 1253 852 1263 746 1264 733 1257 731 1256 730 1256 683 1255 682 1255 681 1255 672 1259 655 1265 630 1261 625 1260 624 1260 623 1260 621 1261 609 1267 542 1267 520 1263 503 1261 502 1261 501 1261 494 1264 486 1268 437 1268 432 1266 421 1260 420 1260 419 1260 418 1260 396 1265 363 1261 362 1261 361 1261 336 1268 330 1270 328 1269 317 1262 316 1262 315 1262 289 1262 288 1262 287 1262 286 1262 273 1270 267 1270 203 1267 202 1267 174 1272 134 1264 133 1264 132 1264 131 1264 118 1271 119 1305"/></Shape>
	    <String CONTENT="Vt uero ſciatis &amp; uos, quomodo res meæ"
                    HPOS="118.0"
                    VPOS="1253.0"
                    WIDTH="777.0"
                    HEIGHT="63.0"
                    WC="0.9930618609252729"></String>
          </TextLine>
          <TextLine ID="line_25"
                    TAGREFS="LT8"
                    BASELINE="60 1361 300 1351 898 1341" 
                    HPOS="59.0"
                    VPOS="1322.0"
                    WIDTH="839.0"
                    HEIGHT="47.0">
            <Shape><Polygon POINTS="872 1322 862 1322 851 1322 841 1322 830 1322 820 1322 810 1322 799 1322 789 1322 778 1322 768 1322 757 1322 747 1322 737 1322 726 1322 716 1322 705 1322 695 1322 684 1322 674 1322 664 1322 653 1322 643 1322 632 1322 622 1322 611 1322 601 1322 591 1322 580 1322 570 1322 559 1322 549 1322 538 1322 528 1322 518 1322 507 1322 497 1322 486 1322 476 1322 471 1322 466 1323 463 1322 455 1322 445 1322 434 1322 424 1322 413 1322 403 1322 393 1322 382 1322 372 1322 361 1322 351 1322 340 1322 330 1322 321 1322 312 1323 301 1322 299 1322 288 1322 278 1322 267 1322 266 1322 259 1328 232 1328 224 1322 215 1322 205 1322 194 1322 184 1322 174 1322 163 1322 153 1322 142 1322 132 1322 121 1322 111 1322 109 1322 108 1322 107 1322 96 1329 88 1323 87 1323 86 1323 59 1323 60 1361 60 1368 212 1364 216 1366 221 1369 222 1369 223 1369 224 1369 314 1368 315 1368 330 1363 335 1362 353 1363 404 1366 405 1366 406 1366 407 1366 414 1361 418 1360 443 1361 516 1364 517 1364 518 1364 519 1364 524 1359 526 1358 548 1358 624 1361 625 1361 667 1355 676 1354 682 1354 720 1360 721 1360 791 1352 794 1352 795 1352 817 1358 818 1358 819 1358 898 1349 898 1341 879 1322 872 1322"/></Shape>
	    <String CONTENT="habeant, quid agam, omnia uobis nota fa¬"
                    HPOS="59.0"
                    VPOS="1322.0"
                    WIDTH="839.0"
                    HEIGHT="47.0"
                    WC="0.9904747873544693"></String>
          </TextLine>
          <TextLine ID="line_26"
                    TAGREFS="LT8"
                    BASELINE="62 1408 900 1390" 
                    HPOS="61.0"
                    VPOS="1353.0"
                    WIDTH="839.0"
                    HEIGHT="67.0">
            <Shape><Polygon POINTS="62 1408 62 1420 900 1401 900 1390 897 1360 749 1362 732 1353 731 1353 702 1353 701 1353 602 1365 562 1360 561 1360 560 1360 536 1366 506 1358 505 1358 504 1358 457 1366 412 1360 411 1360 410 1360 388 1368 357 1361 356 1361 355 1361 334 1369 317 1365 316 1365 315 1365 257 1372 235 1364 234 1364 233 1364 162 1365 161 1365 128 1374 96 1367 95 1367 94 1367 61 1376 62 1408"/></Shape>
	    <String CONTENT="ciet Tychicus dilectus frater, &amp; fidus in ne¬"
                    HPOS="61.0"
                    VPOS="1353.0"
                    WIDTH="839.0"
                    HEIGHT="67.0"
                    WC="0.9992288880878024"></String>
          </TextLine>
          <TextLine ID="line_27"
                    TAGREFS="LT8"
                    BASELINE="66 1457 374 1447 902 1441" 
                    HPOS="65.0"
                    VPOS="1403.0"
                    WIDTH="837.0"
                    HEIGHT="66.0">
            <Shape><Polygon POINTS="66 1457 66 1469 136 1464 168 1467 177 1468 178 1468 179 1468 180 1468 181 1467 194 1457 224 1457 282 1465 284 1465 285 1465 286 1465 287 1465 319 1454 370 1462 371 1462 372 1462 373 1462 387 1453 423 1453 434 1460 435 1460 436 1460 437 1460 438 1460 468 1452 487 1461 491 1462 492 1462 493 1462 500 1461 538 1451 598 1459 612 1460 614 1460 624 1458 650 1452 673 1457 691 1460 692 1460 693 1460 703 1457 712 1453 730 1455 756 1459 757 1459 902 1451 902 1441 899 1403 850 1413 828 1407 827 1407 826 1407 765 1414 750 1408 748 1407 747 1407 695 1407 694 1407 663 1410 607 1416 595 1412 585 1409 584 1409 583 1409 582 1409 581 1409 576 1412 567 1419 542 1419 534 1414 530 1410 529 1410 528 1410 507 1410 506 1410 505 1410 495 1415 484 1419 461 1416 435 1412 434 1412 433 1412 432 1412 425 1417 419 1420 391 1418 354 1414 353 1414 329 1419 316 1422 306 1420 280 1414 279 1414 278 1414 259 1421 253 1423 241 1422 192 1415 191 1415 190 1415 189 1415 179 1423 178 1424 175 1423 158 1420 157 1420 65 1426 66 1457"/></Shape>
	    <String CONTENT="gotio DOMINI miniſter, quem"
                    HPOS="65.0"
                    VPOS="1403.0"
                    WIDTH="837.0"
                    HEIGHT="66.0"></String>
          </TextLine>
          <TextLine ID="line_28"
                    TAGREFS="LT8"
                    BASELINE="64 1507 904 1490" 
                    HPOS="63.0"
                    VPOS="1449.0"
                    WIDTH="841.0"
                    HEIGHT="78.0">
            <Shape><Polygon POINTS="64 1507 64 1527 89 1523 132 1526 133 1526 134 1526 135 1526 136 1526 144 1519 164 1525 166 1526 167 1526 168 1526 271 1524 272 1524 276 1522 291 1515 312 1521 321 1523 322 1523 323 1523 324 1523 329 1520 344 1513 413 1513 423 1518 426 1519 427 1519 428 1519 429 1519 430 1519 432 1517 438 1513 477 1516 482 1516 483 1516 484 1516 485 1516 493 1511 518 1511 524 1515 528 1518 529 1518 530 1518 531 1518 557 1514 572 1511 576 1513 585 1517 586 1517 587 1518 636 1518 636 1517 638 1517 650 1511 656 1508 661 1510 676 1516 677 1516 678 1516 679 1516 707 1509 713 1508 714 1509 721 1515 722 1515 723 1515 724 1516 746 1516 746 1515 747 1515 769 1507 773 1506 787 1507 821 1509 822 1509 845 1504 852 1503 856 1504 888 1510 889 1510 890 1510 904 1502 904 1490 902 1449 863 1449 862 1449 861 1449 860 1449 859 1450 846 1461 734 1454 695 1452 694 1452 693 1452 692 1452 687 1455 678 1462 663 1457 651 1453 650 1453 649 1453 578 1460 482 1469 467 1469 459 1464 452 1458 451 1458 450 1458 449 1458 396 1459 395 1459 376 1466 366 1470 354 1467 331 1462 330 1462 329 1462 314 1468 312 1470 280 1470 277 1470 247 1462 246 1462 244 1462 243 1462 242 1462 227 1471 226 1472 159 1474 156 1474 120 1464 119 1464 118 1464 117 1464 89 1476 63 1476 64 1507"/></Shape>
	    <String CONTENT="in hoc ad uos miſi, ut cognoſceretis de"
                    HPOS="63.0"
                    VPOS="1449.0"
                    WIDTH="841.0"
                    HEIGHT="78.0"
                    WC="0.978428487594311"></String>
          </TextLine>
        </TextBlock>
        <TextBlock HPOS="785.0"
                   VPOS="1502.0"
                   WIDTH="123.0"
                   HEIGHT="59.0"
                   ID="block_3"
                   TAGREFS="BT17">
          <Shape><Polygon POINTS="908 1502 908 1561 785 1561 785 1502"/></Shape>
          <TextLine ID="line_29"
                    TAGREFS="LT8"
                    BASELINE="781 1541 904 1538" 
                    HPOS="779.0"
                    VPOS="1500.0"
                    WIDTH="125.0"
                    HEIGHT="66.0">
            <Shape><Polygon POINTS="781 1541 781 1559 819 1566 820 1566 821 1566 831 1561 837 1559 844 1561 856 1565 857 1565 859 1565 872 1562 890 1558 902 1563 904 1538 901 1500 779 1502 781 1541"/></Shape>
	    <String CONTENT="rebus"
                    HPOS="779.0"
                    VPOS="1500.0"
                    WIDTH="125.0"
                    HEIGHT="66.0"
                    WC="0.9984521985054016"></String>
          </TextLine>
        </TextBlock>
        <TextBlock HPOS="926.0"
                   VPOS="315.0"
                   WIDTH="72.0"
                   HEIGHT="56.0"
                   ID="eSc_textblock_1e3d8ea2"
                   TAGREFS="BT15">
          <Shape><Polygon POINTS="926 315 926 371 998 371 998 315"/></Shape>
          <TextLine ID="eSc_line_387ef342"
                    TAGREFS="LT8"
                    BASELINE="939 361 982 355" 
                    HPOS="935"
                    VPOS="284"
                    WIDTH="53"
                    HEIGHT="89">
            <Shape><Polygon POINTS="935 362 974 373 980 354 988 293 949 284 938 347"/></Shape>
	    <String CONTENT="6·"
                    HPOS="935"
                    VPOS="284"
                    WIDTH="53"
                    HEIGHT="89"></String>
          </TextLine>
        </TextBlock>
        <TextBlock HPOS="945.0"
                   VPOS="817.0"
                   WIDTH="86.0"
                   HEIGHT="72.0"
                   ID="eSc_textblock_4977b03d"
                   TAGREFS="BT15">
          <Shape><Polygon POINTS="945 817 945 889 1031 889 1031 817"/></Shape>
          <TextLine ID="eSc_line_aa121538"
                    TAGREFS="LT8"
                    BASELINE="949 860 1005 863" 
                    HPOS="946"
                    VPOS="816"
                    WIDTH="58"
                    HEIGHT="68">
            <Shape><Polygon POINTS="948 859 946 869 999 884 1004 862 1004 817 949 816 948 859"/></Shape>
	    <String CONTENT="7·"
                    HPOS="946"
                    VPOS="816"
                    WIDTH="58"
                    HEIGHT="68"></String>
          </TextLine>
        </TextBlock>
        <TextBlock HPOS="945.0"
                   VPOS="1276.0"
                   WIDTH="76.0"
                   HEIGHT="56.0"
                   ID="eSc_textblock_0c256fe5"
                   TAGREFS="BT15">
          <Shape><Polygon POINTS="945 1276 945 1332 1021 1332 1021 1276"/></Shape>
          <TextLine ID="eSc_line_524940f2"
                    TAGREFS="LT8"
                    BASELINE="945 1309 1008 1299" 
                    HPOS="938"
                    VPOS="1266"
                    WIDTH="72"
                    HEIGHT="65">
            <Shape><Polygon POINTS="944 1308 946 1324 1010 1331 1007 1297 1002 1270 973 1266 971 1266 969 1266 938 1277 944 1308"/></Shape>
	    <String CONTENT="8·"
                    HPOS="938"
                    VPOS="1266"
                    WIDTH="72"
                    HEIGHT="65"></String>
          </TextLine>
        </TextBlock>
      </PrintSpace>
    </Page>
  </Layout>
</alto>
