<?xml version="1.0" encoding="UTF-8"?>
<alto xmlns:xsi="http://www.w3.org/2001/XMLSchema-instance"
      xmlns="http://www.loc.gov/standards/alto/ns-v4#"
      xsi:schemaLocation="http://www.loc.gov/standards/alto/ns-v4# http://www.loc.gov/standards/alto/v4/alto-4-2.xsd">
  <Description>
    <MeasurementUnit>pixel</MeasurementUnit>
    <sourceImageInformation>
      <fileName>bsb00035303_00028.jpg</fileName>
    </sourceImageInformation>
  </Description>
  <Tags>
    <OtherTag ID="BT7" LABEL="CustomZone" DESCRIPTION="block type CustomZone"/><OtherTag ID="BT10" LABEL="DropCapitalZone" DESCRIPTION="block type DropCapitalZone"/><OtherTag ID="BT11" LABEL="GraphicZone" DESCRIPTION="block type GraphicZone"/><OtherTag ID="BT12" LABEL="MainZone" DESCRIPTION="block type MainZone"/><OtherTag ID="BT13" LABEL="MarginTextZone" DESCRIPTION="block type MarginTextZone"/><OtherTag ID="BT15" LABEL="NumberingZone" DESCRIPTION="block type NumberingZone"/><OtherTag ID="BT17" LABEL="QuireMarksZone" DESCRIPTION="block type QuireMarksZone"/><OtherTag ID="BT18" LABEL="RunningTitleZone" DESCRIPTION="block type RunningTitleZone"/><OtherTag ID="BT22" LABEL="TitlePageZone" DESCRIPTION="block type TitlePageZone"/><OtherTag ID="BT985" LABEL="MainZone-Other" DESCRIPTION="block type MainZone-Other"/><OtherTag ID="BT986" LABEL="MainZone-Signature" DESCRIPTION="block type MainZone-Signature"/><OtherTag ID="BT987" LABEL="MainZone-Head" DESCRIPTION="block type MainZone-Head"/><OtherTag ID="BT988" LABEL="MainZone-P" DESCRIPTION="block type MainZone-P"/><OtherTag ID="BT989" LABEL="MainZone-P-Continued" DESCRIPTION="block type MainZone-P-Continued"/><OtherTag ID="BT990" LABEL="MarginTextZone-Notes" DESCRIPTION="block type MarginTextZone-Notes"/><OtherTag ID="BT991" LABEL="MainZone-Lg" DESCRIPTION="block type MainZone-Lg"/><OtherTag ID="BT1884" LABEL="MainZone-Sp" DESCRIPTION="block type MainZone-Sp"/><OtherTag ID="BT1885" LABEL="MainZone-Entry" DESCRIPTION="block type MainZone-Entry"/><OtherTag ID="BT1886" LABEL="MainZone-Sp-Continued" DESCRIPTION="block type MainZone-Sp-Continued"/>
    <OtherTag ID="LT7" LABEL="CustomLine" DESCRIPTION="line type CustomLine"/><OtherTag ID="LT8" LABEL="DefaultLine" DESCRIPTION="line type DefaultLine"/><OtherTag ID="LT9" LABEL="DropCapitalLine" DESCRIPTION="line type DropCapitalLine"/><OtherTag ID="LT10" LABEL="HeadingLine" DESCRIPTION="line type HeadingLine"/><OtherTag ID="LT11" LABEL="InterlinearLine" DESCRIPTION="line type InterlinearLine"/><OtherTag ID="LT12" LABEL="MusicLine" DESCRIPTION="line type MusicLine"/>
  </Tags>
  <Layout>
    <Page WIDTH="1128"
          HEIGHT="1876"
          PHYSICAL_IMG_NR="27"
          ID="eSc_dummypage_">
      <PrintSpace HPOS="0"
                  VPOS="0"
                  WIDTH="1128"
                  HEIGHT="1876">
        <TextBlock HPOS="385"
                   VPOS="115"
                   WIDTH="588"
                   HEIGHT="61"
                   ID="block_7"
                   TAGREFS="BT18">
          <Shape><Polygon POINTS="973 115 973 176 385 176 385 115"/></Shape>
          <TextLine ID="line_1"
                    TAGREFS="LT10"
                    BASELINE="388 154 970 160" 
                    HPOS="387"
                    VPOS="114"
                    WIDTH="583"
                    HEIGHT="69">
            <Shape><Polygon POINTS="836 120 829 125 768 120 764 120 753 120 743 120 732 120 724 120 707 124 703 120 701 120 691 120 680 120 679 120 661 122 658 120 649 120 639 120 628 120 618 120 616 120 592 122 589 120 586 120 576 120 566 120 555 120 545 120 534 120 525 120 524 121 521 120 513 120 503 120 499 120 498 121 482 120 472 120 461 120 451 120 440 120 430 120 420 120 409 120 408 115 388 114 388 154 387 173 484 167 505 175 518 179 519 179 520 180 542 180 542 179 543 179 544 179 549 175 556 170 568 175 581 180 582 180 583 180 618 175 624 175 627 175 642 180 643 180 644 180 645 180 646 180 651 176 653 174 663 176 692 181 693 181 694 181 695 181 702 176 709 170 726 176 737 179 738 179 739 179 740 179 749 176 761 171 766 176 774 182 775 182 776 182 777 182 830 176 837 176 844 176 883 181 884 181 885 181 886 181 886 180 890 177 895 173 935 173 943 177 957 183 958 183 959 183 960 183 961 183 969 177 970 160 969 120 855 125 844 120 837 120"/></Shape>
	    <String CONTENT="D. PAVLI AD EPHESIOS"
                    HPOS="387"
                    VPOS="114"
                    WIDTH="583"
                    HEIGHT="69"
                    WC="0.9909500330686569"></String>
          </TextLine>
        </TextBlock>
        <TextBlock HPOS="252"
                   VPOS="189"
                   WIDTH="848"
                   HEIGHT="104"
                   ID="block_8"
                   TAGREFS="BT989">
          <Shape><Polygon POINTS="1100 189 1100 293 252 293 252 189"/></Shape>
          <TextLine ID="line_2"
                    TAGREFS="LT8"
                    BASELINE="252 225 1086 232" 
                    HPOS="251"
                    VPOS="191"
                    WIDTH="835"
                    HEIGHT="59">
            <Shape><Polygon POINTS="1023 198 1013 198 1002 198 992 198 982 198 971 198 965 198 922 204 877 198 867 198 856 198 846 198 839 198 821 202 806 198 804 198 794 198 783 198 782 198 779 200 775 198 773 198 763 198 752 198 750 198 741 201 728 198 721 198 710 198 700 198 696 198 693 200 684 198 679 198 670 198 665 203 618 203 610 198 606 198 596 198 585 198 575 198 565 198 559 198 550 199 547 198 544 198 533 198 523 198 512 198 502 198 501 198 488 201 436 201 432 198 429 198 419 198 408 198 398 198 387 198 377 198 366 198 356 198 346 198 335 198 325 198 314 198 304 198 293 198 283 198 273 198 262 195 261 193 253 191 252 225 251 235 268 242 270 242 271 242 272 242 287 236 340 241 341 241 413 237 425 244 426 244 427 244 428 244 429 244 445 237 488 237 579 245 580 245 581 245 608 238 631 247 632 247 633 247 707 239 732 248 733 248 734 248 797 240 815 248 816 248 817 248 911 244 967 250 968 250 1085 241 1086 232 1085 200 1036 198 1034 198"/></Shape>
	    <String CONTENT="bonitate, &amp; iuſtitia &amp; ueritate, cum explora¬"
                    HPOS="251"
                    VPOS="191"
                    WIDTH="835"
                    HEIGHT="59"
                    WC="0.9988557802306282"></String>
          </TextLine>
          <TextLine ID="line_3"
                    TAGREFS="LT8"
                    BASELINE="255 274 829 277" 
                    HPOS="254"
                    VPOS="235"
                    WIDTH="575"
                    HEIGHT="59">
            <Shape><Polygon POINTS="255 274 254 283 277 291 278 291 279 291 280 291 305 285 335 291 336 291 369 284 407 291 408 291 409 291 436 284 437 284 438 284 462 289 463 289 464 289 466 289 471 285 477 291 478 291 479 291 480 291 512 286 529 292 530 292 531 292 573 285 576 285 578 285 597 291 598 291 599 291 600 291 601 291 607 285 609 285 623 290 624 290 625 290 656 287 663 292 663 293 664 293 665 293 666 294 714 294 714 293 715 293 732 287 734 286 734 287 741 292 741 293 742 293 743 293 744 293 745 293 746 293 754 287 794 293 795 293 828 287 829 277 828 248 725 248 724 247 710 237 709 237 708 237 707 237 706 237 677 247 675 247 672 247 624 238 623 238 622 238 621 238 610 245 600 236 599 236 598 236 597 236 555 245 554 247 511 247 511 245 506 241 506 240 505 240 504 240 503 240 458 243 445 235 444 235 443 235 344 235 342 235 341 235 340 235 340 236 333 243 315 244 311 244 310 244 280 235 279 235 278 235 277 235 255 243 255 274"/></Shape>
	    <String CONTENT="tis quid Domino beneplaceat."
                    HPOS="254"
                    VPOS="235"
                    WIDTH="575"
                    HEIGHT="59"
                    WC="0.9970108696392604"></String>
          </TextLine>
        </TextBlock>
        <TextBlock HPOS="250"
                   VPOS="291"
                   WIDTH="848"
                   HEIGHT="435"
                   ID="block_1"
                   TAGREFS="BT988">
          <Shape><Polygon POINTS="1098 291 1098 726 250 726 250 291"/></Shape>
          <TextLine ID="line_4"
                    TAGREFS="LT8"
                    BASELINE="271 327 1090 329" 
                    HPOS="269"
                    VPOS="292"
                    WIDTH="819"
                    HEIGHT="53">
            <Shape><Polygon POINTS="270 326 269 334 1085 345 1088 328 1085 292 270 292 270 326"/></Shape>
	    <String CONTENT="Et ne communicetis infrugiferis tenebra"
                    HPOS="269"
                    VPOS="292"
                    WIDTH="819"
                    HEIGHT="53"></String>
          </TextLine>
          <TextLine ID="line_5"
                    TAGREFS="LT8"
                    BASELINE="253 371 1087 377" 
                    HPOS="253"
                    VPOS="333"
                    WIDTH="834"
                    HEIGHT="62">
            <Shape><Polygon POINTS="253 371 253 387 378 382 390 388 391 389 393 389 394 389 407 389 505 383 543 390 548 390 549 390 557 390 627 384 666 390 671 391 672 391 684 391 768 385 796 390 797 390 851 386 890 392 892 392 893 392 895 392 926 387 946 392 948 393 949 393 950 395 1086 395 1087 377 1087 350 1063 350 1063 349 1039 338 1038 338 1037 338 1036 338 997 348 971 342 970 342 921 348 920 348 895 337 894 337 848 337 847 337 846 337 845 337 831 347 792 347 791 347 776 338 775 338 774 338 773 338 729 347 727 347 726 347 699 336 698 336 697 336 696 336 681 342 623 337 622 337 621 337 603 346 603 347 546 347 542 346 491 334 489 334 425 343 393 335 391 335 390 335 353 343 338 336 337 336 286 333 285 333 284 333 253 342 253 371"/></Shape>
	    <String CONTENT="rum operibus, magis uero illa arguite."
                    HPOS="253"
                    VPOS="333"
                    WIDTH="834"
                    HEIGHT="62"
                    WC="0.9883709236195213"></String>
          </TextLine>
          <TextLine ID="line_6"
                    TAGREFS="LT8"
                    BASELINE="254 420 1086 428" 
                    HPOS="253"
                    VPOS="379"
                    WIDTH="833"
                    HEIGHT="64">
            <Shape><Polygon POINTS="254 420 253 428 282 436 283 436 284 436 412 431 455 430 466 432 488 438 489 438 491 438 531 433 554 431 572 434 592 438 593 438 594 438 607 435 620 432 647 436 667 438 668 438 697 436 740 434 758 438 772 440 773 440 789 438 821 434 865 440 872 440 873 440 874 440 876 440 891 435 898 440 899 441 900 441 901 441 902 441 913 440 970 435 1084 443 1086 428 1085 397 1041 397 1038 396 1006 386 1004 386 1003 386 971 393 946 385 945 385 861 384 860 384 859 384 857 384 845 391 841 395 801 395 793 390 774 383 773 383 772 383 719 389 690 392 681 388 668 382 667 382 666 382 611 387 566 391 505 386 504 386 472 390 459 384 458 384 457 384 456 384 449 384 373 389 358 382 351 379 350 379 349 379 334 382 308 388 296 381 292 379 291 379 290 379 289 379 254 380 254 420"/></Shape>
	    <String CONTENT="Quæ namque in abſcondito ab illis fiunt,"
                    HPOS="253"
                    VPOS="379"
                    WIDTH="833"
                    HEIGHT="64"
                    WC="0.9920885324478149"></String>
          </TextLine>
          <TextLine ID="line_7"
                    TAGREFS="LT8"
                    BASELINE="252 469 1085 473" 
                    HPOS="251"
                    VPOS="429"
                    WIDTH="834"
                    HEIGHT="66">
            <Shape><Polygon POINTS="252 469 251 485 306 489 307 489 308 489 321 485 338 480 345 485 351 490 352 490 353 490 354 491 377 491 377 490 378 490 388 485 400 480 417 485 421 486 422 486 423 486 424 486 428 485 442 480 501 485 511 485 512 485 518 484 536 481 542 484 550 491 551 491 552 491 553 491 554 491 568 484 575 481 644 484 732 488 733 488 734 488 736 488 742 484 745 482 753 484 770 487 771 487 772 487 785 483 791 482 793 483 800 488 801 488 802 488 803 488 848 487 875 494 876 494 877 495 967 495 967 494 968 494 969 494 978 487 992 494 993 494 994 495 1037 495 1037 494 1084 482 1085 473 1084 443 1042 443 1040 442 1026 435 1025 435 1024 435 1023 435 1022 435 1013 441 1010 443 1006 441 989 434 988 434 987 434 986 434 971 441 964 445 838 439 837 439 718 443 673 436 644 431 643 431 642 431 633 435 619 443 580 443 560 435 559 435 558 435 515 438 505 433 503 431 502 431 501 431 459 430 437 430 436 430 435 430 431 432 412 441 399 432 398 432 397 432 396 432 364 437 346 430 345 430 344 430 342 430 339 430 298 435 252 429 252 469"/></Shape>
	    <String CONTENT="fœdum eſt dicere. Omnia uero quæ argu¬"
                    HPOS="251"
                    VPOS="429"
                    WIDTH="834"
                    HEIGHT="66"
                    WC="0.9951441491905012"></String>
          </TextLine>
          <TextLine ID="line_8"
                    TAGREFS="LT8"
                    BASELINE="250 515 1087 524" 
                    HPOS="249"
                    VPOS="479"
                    WIDTH="838"
                    HEIGHT="61">
            <Shape><Polygon POINTS="250 515 249 532 303 533 304 533 305 533 306 533 317 527 353 527 366 533 371 534 372 534 373 534 374 534 379 533 396 528 427 533 437 534 438 534 474 533 562 529 584 533 592 534 593 534 627 533 682 531 688 533 694 536 695 536 696 536 697 536 707 533 716 531 727 533 748 537 749 537 750 537 765 533 772 531 776 533 782 536 783 536 902 539 903 539 940 533 945 533 951 533 1010 540 1011 540 1086 533 1087 524 1084 486 1063 495 1011 496 986 486 983 485 982 485 981 485 979 485 975 486 943 495 807 494 799 486 796 484 795 484 794 484 772 483 731 483 730 483 729 483 728 483 724 487 718 491 580 491 551 487 509 481 508 481 407 487 374 489 358 487 292 479 291 479 250 487 250 515"/></Shape>
	    <String CONTENT="untur, ceu àlumine manifeſtantur. Quic¬"
                    HPOS="249"
                    VPOS="479"
                    WIDTH="838"
                    HEIGHT="61"
                    WC="0.9996052786707879"></String>
          </TextLine>
          <TextLine ID="line_9"
                    TAGREFS="LT8"
                    BASELINE="250 563 1089 574" 
                    HPOS="249"
                    VPOS="525"
                    WIDTH="840"
                    HEIGHT="66">
            <Shape><Polygon POINTS="250 563 249 579 295 581 296 581 297 581 300 580 316 575 362 581 373 582 374 582 382 581 412 577 422 582 425 583 426 583 427 583 434 582 460 577 468 582 468 583 469 583 470 583 471 583 479 583 512 579 597 584 603 584 604 584 605 584 629 579 689 585 699 586 700 586 701 586 703 585 723 580 762 586 763 586 764 586 766 586 835 581 844 587 844 588 845 588 846 588 847 588 853 587 886 582 915 588 920 589 921 589 928 588 970 583 999 589 1004 590 1006 591 1088 591 1089 574 1089 533 968 532 967 532 966 532 965 532 965 533 951 542 857 542 848 535 847 535 846 535 845 535 844 535 828 540 818 533 815 530 814 530 813 530 812 530 811 530 803 533 785 540 747 535 746 535 646 537 621 533 585 527 555 527 554 527 553 527 537 533 527 537 444 536 438 533 415 525 414 525 413 525 412 525 393 533 387 535 362 535 360 533 350 525 349 525 348 525 347 525 346 525 323 533 320 534 250 534 250 563"/></Shape>
	    <String CONTENT="quid enim manifeſtatur, iam luminis aliquid"
                    HPOS="249"
                    VPOS="525"
                    WIDTH="840"
                    HEIGHT="66"
                    WC="0.9971314003301222"></String>
          </TextLine>
          <TextLine ID="line_10"
                    TAGREFS="LT8"
                    BASELINE="248 613 1086 623" 
                    HPOS="248"
                    VPOS="575"
                    WIDTH="838"
                    HEIGHT="64">
            <Shape><Polygon POINTS="248 613 248 627 443 626 452 629 467 633 468 633 527 634 528 634 529 634 530 634 536 629 538 629 562 634 564 634 565 634 579 629 584 628 695 628 706 630 734 636 736 636 778 631 792 629 795 631 805 637 806 637 807 637 808 637 877 631 894 630 904 631 947 638 948 639 1026 639 1026 638 1027 638 1039 632 1040 632 1041 632 1062 638 1063 638 1064 638 1065 638 1085 632 1086 623 1085 588 1056 591 1045 587 1036 583 1035 583 996 583 995 583 994 583 982 586 964 591 898 591 863 584 843 581 842 581 841 581 840 581 837 584 829 589 770 589 732 582 712 579 710 579 695 582 664 587 528 587 521 581 520 581 519 581 518 581 493 585 481 580 480 580 479 580 439 585 429 577 428 576 427 576 426 576 425 576 410 577 339 584 325 576 324 575 323 575 322 575 321 575 313 576 278 580 248 575 248 613"/></Shape>
	    <String CONTENT="habet. Quapropter ait: Expergiſcere qui dor"
                    HPOS="248"
                    VPOS="575"
                    WIDTH="838"
                    HEIGHT="64"
                    WC="0.9911373243775479"></String>
          </TextLine>
          <TextLine ID="line_11"
                    TAGREFS="LT8"
                    BASELINE="248 661 1086 672" 
                    HPOS="247"
                    VPOS="624"
                    WIDTH="839"
                    HEIGHT="69">
            <Shape><Polygon POINTS="248 661 247 672 268 678 270 678 271 678 307 674 323 682 324 682 325 682 362 675 384 675 398 675 399 675 407 681 408 681 409 681 410 681 437 676 459 686 460 686 499 687 500 687 501 687 530 677 531 677 582 683 583 683 616 680 623 685 624 685 625 685 626 685 627 685 644 678 646 678 649 679 692 689 693 689 694 690 729 690 729 689 730 689 731 689 744 680 745 679 747 680 767 688 768 688 769 688 770 688 771 688 778 683 788 690 789 690 790 690 835 692 836 693 905 693 905 692 940 683 946 682 997 682 1001 684 1017 692 1018 692 1019 692 1020 692 1021 692 1027 686 1064 693 1065 693 1066 693 1085 685 1086 672 1086 638 1064 632 1063 632 1062 632 1061 632 1047 637 1041 639 1031 637 1001 631 968 631 967 631 966 631 955 636 946 642 857 638 851 635 840 630 839 630 769 629 768 629 767 629 766 629 758 634 749 639 648 633 647 633 524 636 500 631 497 630 496 630 495 630 488 630 462 634 455 630 448 625 447 625 446 625 414 624 385 624 384 624 383 624 382 624 376 629 368 634 248 628 248 661"/></Shape>
	    <String CONTENT="mis, &amp; ſurge à mortuis, &amp; illuminabite te"
                    HPOS="247"
                    VPOS="624"
                    WIDTH="839"
                    HEIGHT="69"
                    WC="0.9871480323019481"></String>
          </TextLine>
          <TextLine ID="line_12"
                    TAGREFS="LT8"
                    BASELINE="252 711 447 711" 
                    HPOS="252"
                    VPOS="667"
                    WIDTH="195"
                    HEIGHT="56">
            <Shape><Polygon POINTS="252 721 446 723 447 711 447 684 400 682 400 681 383 668 383 667 382 667 381 667 380 667 379 667 338 678 334 679 327 677 288 667 287 667 286 667 285 667 267 674 262 676 253 674 252 711 252 721"/></Shape>
	    <String CONTENT="Chriſtus."
                    HPOS="252"
                    VPOS="667"
                    WIDTH="195"
                    HEIGHT="56"
                    WC="0.9996235039499071"></String>
          </TextLine>
        </TextBlock>
        <TextBlock HPOS="243"
                   VPOS="726"
                   WIDTH="852"
                   HEIGHT="249"
                   ID="block_2"
                   TAGREFS="BT988">
          <Shape><Polygon POINTS="1095 726 1095 975 243 975 243 726"/></Shape>
          <TextLine ID="line_13"
                    TAGREFS="LT8"
                    BASELINE="264 770 1085 771" 
                    HPOS="261"
                    VPOS="726"
                    WIDTH="821"
                    HEIGHT="61">
            <Shape><Polygon POINTS="1027 726 1004 726 998 733 988 726 966 726 941 733 907 726 883 726 871 733 808 733 780 726 755 726 740 733 718 726 697 726 691 734 535 734 431 726 373 726 331 736 262 736 261 776 267 784 275 784 286 776 301 784 308 784 322 776 433 776 445 786 480 778 602 786 689 776 702 786 783 778 815 787 1082 787 1082 733 1027 726"/></Shape>
	    <String CONTENT="Videte igitur quomodo circumſpecte con"
                    HPOS="261"
                    VPOS="726"
                    WIDTH="821"
                    HEIGHT="61"></String>
          </TextLine>
          <TextLine ID="line_14"
                    TAGREFS="LT8"
                    BASELINE="243 809 1087 818" 
                    HPOS="243"
                    VPOS="771"
                    WIDTH="844"
                    HEIGHT="63">
            <Shape><Polygon POINTS="243 809 243 826 424 822 448 827 460 829 461 829 462 829 469 827 478 823 520 827 535 828 536 828 537 828 541 827 551 823 562 827 569 829 570 829 571 829 572 829 577 827 584 824 592 827 597 829 598 829 599 829 746 827 781 827 785 827 810 832 811 832 812 832 813 832 819 827 821 826 873 826 876 827 881 831 883 831 884 831 885 831 934 827 943 827 947 827 981 834 982 834 1086 827 1087 818 1087 790 1060 788 1047 778 1046 778 1045 778 957 777 955 777 954 777 953 777 940 786 939 787 905 787 903 785 892 777 891 777 890 777 889 777 888 777 867 785 866 785 854 776 853 776 852 776 851 776 850 776 822 784 816 786 768 786 744 782 722 780 721 780 704 782 684 784 676 781 656 774 655 774 630 774 629 774 628 774 627 774 619 780 614 784 557 784 459 781 455 777 450 773 450 772 449 772 448 772 447 772 422 777 404 780 364 780 356 776 346 771 345 771 344 771 309 775 285 777 243 774 243 809"/></Shape>
	    <String CONTENT="uerſemini, non ut inſipientes, ſedut ſapien¬"
                    HPOS="243"
                    VPOS="771"
                    WIDTH="844"
                    HEIGHT="63"
                    WC="0.9944212707606229"></String>
          </TextLine>
          <TextLine ID="line_15"
                    TAGREFS="LT8"
                    BASELINE="242 857 1080 866" 
                    HPOS="241"
                    VPOS="821"
                    WIDTH="839"
                    HEIGHT="58">
            <Shape><Polygon POINTS="242 857 241 868 300 874 301 874 344 870 346 870 358 870 661 878 663 879 1079 879 1080 866 1080 828 1009 827 1008 827 1007 827 1004 828 975 837 952 828 948 826 947 826 885 826 884 826 883 826 878 828 860 835 676 835 665 828 658 823 657 823 656 823 655 823 654 823 639 828 619 833 593 828 589 827 587 827 583 828 562 832 476 828 459 827 458 827 452 828 428 831 422 828 413 821 412 821 411 821 361 821 360 821 359 821 358 821 350 828 347 829 242 828 242 857"/></Shape>
	    <String CONTENT="tes, redimentes occaſionem, quod dies mali"
                    HPOS="241"
                    VPOS="821"
                    WIDTH="839"
                    HEIGHT="58"
                    WC="0.9975782192888714"></String>
          </TextLine>
          <TextLine ID="line_16"
                    TAGREFS="LT8"
                    BASELINE="240 906 1084 916" 
                    HPOS="239"
                    VPOS="865"
                    WIDTH="845"
                    HEIGHT="64">
            <Shape><Polygon POINTS="240 906 239 917 251 922 252 922 253 922 332 918 333 918 336 918 436 924 437 924 496 920 505 920 507 920 521 925 522 925 523 925 573 921 584 921 1082 929 1084 916 1084 875 1048 873 1047 873 1046 873 1043 874 1022 881 996 874 995 874 991 873 909 872 908 872 906 872 905 872 891 883 862 878 861 878 799 882 776 871 774 870 773 870 772 870 771 870 770 870 769 871 753 882 727 882 704 870 702 869 701 869 700 869 699 869 698 869 697 870 679 880 610 880 572 868 570 868 569 868 568 868 567 868 566 868 550 880 518 880 492 878 471 867 470 867 469 867 468 867 467 867 466 867 446 879 424 879 380 877 364 866 363 866 362 866 331 866 330 866 329 866 298 876 279 865 278 865 277 865 240 865 240 906"/></Shape>
	    <String CONTENT="ſint. Proinde ne ſitis imprudentes, ſed intelli"
                    HPOS="239"
                    VPOS="865"
                    WIDTH="845"
                    HEIGHT="64"
                    WC="0.9789545612132295"></String>
          </TextLine>
          <TextLine ID="line_17"
                    TAGREFS="LT8"
                    BASELINE="243 956 867 961" 
                    HPOS="242"
                    VPOS="918"
                    WIDTH="625"
                    HEIGHT="59">
            <Shape><Polygon POINTS="243 956 242 971 323 967 408 972 448 974 449 974 450 974 459 972 475 968 511 972 538 974 540 974 565 971 589 969 610 971 653 976 654 976 681 971 683 971 692 976 693 976 694 976 831 977 832 977 866 970 867 961 866 933 744 933 742 931 721 921 720 921 693 921 692 921 691 921 690 921 674 931 673 931 611 931 610 930 595 920 594 920 593 920 592 920 531 929 516 922 515 922 513 922 512 922 511 922 505 927 495 919 494 919 493 919 469 919 468 919 467 919 466 919 466 920 457 928 378 928 349 918 348 918 347 918 346 918 321 924 314 919 313 919 312 919 311 919 310 919 309 919 301 925 257 920 256 920 255 920 243 925 243 956"/></Shape>
	    <String CONTENT="gentes quæ ſit uoluntas Domini."
                    HPOS="242"
                    VPOS="918"
                    WIDTH="625"
                    HEIGHT="59"
                    WC="0.9985255291385036"></String>
          </TextLine>
        </TextBlock>
        <TextBlock HPOS="241"
                   VPOS="973"
                   WIDTH="850"
                   HEIGHT="345"
                   ID="block_0"
                   TAGREFS="BT988">
          <Shape><Polygon POINTS="1091 973 1091 1318 241 1318 241 973"/></Shape>
          <TextLine ID="line_18"
                    TAGREFS="LT8"
                    BASELINE="243 1005 1084 1015" 
                    HPOS="281"
                    VPOS="964"
                    WIDTH="803"
                    HEIGHT="67">
            <Shape><Polygon POINTS="1063 1014 1060 986 1036 986 1034 985 1013 972 1012 972 1011 972 1010 972 1009 972 1008 972 992 984 990 984 972 983 967 983 946 970 945 970 944 970 901 969 900 969 899 969 878 979 862 969 861 969 860 969 859 969 857 969 821 979 807 983 729 983 716 976 704 970 703 970 702 970 701 970 685 974 678 968 677 968 676 968 675 968 655 972 638 966 636 966 635 966 634 966 612 973 590 980 557 979 547 971 540 965 538 965 537 965 491 965 489 965 488 965 487 965 482 969 481 970 477 969 463 965 462 965 461 965 460 965 459 965 455 968 439 979 374 979 347 965 344 964 342 964 282 964 282 1005 281 1014 306 1021 307 1021 308 1021 384 1017 385 1017 405 1023 406 1023 407 1023 408 1023 418 1018 424 1024 425 1024 426 1024 427 1024 471 1018 477 1018 481 1019 509 1025 510 1025 511 1025 527 1020 531 1018 535 1020 550 1026 551 1026 552 1026 592 1021 609 1019 653 1022 690 1025 691 1025 692 1025 696 1023 702 1020 713 1024 726 1028 727 1028 728 1029 816 1029 816 1028 817 1028 818 1028 821 1026 826 1022 836 1026 840 1028 841 1028 842 1028 843 1028 850 1027 870 1022 970 1028 971 1028 972 1028 990 1023 1013 1030 1014 1030 1015 1030 1016 1030 1018 1030 1042 1026 1082 1031 1084 1015 1083 1014 1073 1014"/></Shape>
	    <String CONTENT="Et ne inebrieminiuino, quod uitã reddi."
                    HPOS="281"
                    VPOS="964"
                    WIDTH="803"
                    HEIGHT="67"
                    WC="0.9995559811592102"></String>
          </TextLine>
          <TextLine ID="line_19"
                    TAGREFS="LT8"
                    BASELINE="241 1053 1079 1064" 
                    HPOS="241"
                    VPOS="1017"
                    WIDTH="838"
                    HEIGHT="63">
            <Shape><Polygon POINTS="252 1033 250 1022 241 1023 241 1053 241 1069 275 1064 324 1064 339 1070 342 1071 344 1071 345 1071 409 1070 557 1067 564 1070 567 1073 568 1073 569 1073 570 1073 571 1073 580 1071 591 1068 602 1071 619 1074 620 1074 636 1071 650 1068 684 1071 744 1076 745 1076 819 1071 828 1071 829 1071 837 1077 838 1077 839 1077 840 1077 888 1072 889 1072 940 1078 941 1078 993 1073 1012 1079 1013 1079 1014 1080 1061 1080 1061 1079 1062 1079 1077 1072 1079 1064 1079 1034 1046 1026 1045 1026 1044 1026 1021 1033 1019 1033 1015 1033 962 1027 961 1027 933 1032 930 1032 929 1032 912 1024 911 1024 910 1024 909 1024 888 1031 888 1032 830 1032 824 1031 770 1023 769 1023 768 1023 751 1030 749 1030 747 1030 720 1022 719 1022 660 1021 625 1021 624 1021 623 1021 608 1028 595 1028 445 1021 444 1021 359 1025 350 1025 345 1025 287 1017 286 1017 258 1021 252 1033"/></Shape>
	    <String CONTENT="intemperantiorem, ſed implemini ſpiritu, lo"
                    HPOS="241"
                    VPOS="1017"
                    WIDTH="838"
                    HEIGHT="63"
                    WC="0.9979043117789335"></String>
          </TextLine>
          <TextLine ID="line_20"
                    TAGREFS="LT8"
                    BASELINE="240 1101 1073 1113" 
                    HPOS="239"
                    VPOS="1065"
                    WIDTH="834"
                    HEIGHT="63">
            <Shape><Polygon POINTS="240 1101 239 1117 278 1118 279 1118 280 1118 281 1118 288 1113 350 1118 351 1118 378 1113 430 1120 433 1120 434 1120 435 1120 457 1114 505 1121 508 1121 509 1121 511 1121 542 1115 568 1121 569 1121 570 1121 611 1116 684 1123 695 1124 696 1124 701 1124 738 1118 751 1123 752 1123 753 1123 908 1121 945 1127 949 1127 950 1127 954 1127 995 1122 1009 1128 1010 1128 1011 1128 1012 1128 1015 1128 1039 1123 1071 1128 1073 1113 1073 1082 1046 1073 1045 1073 1044 1073 1043 1073 1019 1082 1018 1082 936 1082 935 1081 923 1071 922 1071 921 1071 881 1071 880 1071 879 1071 861 1080 860 1080 855 1080 769 1069 709 1069 708 1069 707 1069 706 1069 695 1078 694 1078 567 1076 547 1076 532 1066 531 1066 530 1066 467 1065 427 1065 426 1065 425 1065 404 1074 403 1074 316 1074 315 1073 301 1066 300 1066 299 1066 240 1071 240 1101"/></Shape>
	    <String CONTENT="quentes uobis inuicem, Pſalmis &amp; hymnis,"
                    HPOS="239"
                    VPOS="1065"
                    WIDTH="834"
                    HEIGHT="63"
                    WC="0.9893883273005486"></String>
          </TextLine>
          <TextLine ID="line_21"
                    TAGREFS="LT8"
                    BASELINE="239 1151 1079 1161" 
                    HPOS="238"
                    VPOS="1112"
                    WIDTH="841"
                    HEIGHT="66">
            <Shape><Polygon POINTS="250 1129 247 1121 239 1121 239 1151 238 1159 275 1170 276 1170 336 1171 337 1172 368 1172 368 1171 369 1171 370 1171 383 1163 422 1163 432 1170 433 1170 434 1170 435 1170 436 1170 448 1165 545 1165 556 1171 557 1171 558 1171 609 1165 627 1172 628 1172 629 1172 692 1166 727 1175 728 1175 729 1175 766 1169 836 1176 837 1176 891 1168 913 1176 914 1176 915 1176 958 1169 985 1178 986 1178 987 1178 1077 1169 1079 1161 1079 1131 1052 1119 1051 1119 1050 1119 1049 1119 1038 1124 1020 1119 1019 1119 1018 1119 1017 1119 997 1129 974 1118 973 1118 972 1118 936 1120 935 1120 916 1129 706 1128 704 1127 673 1115 672 1115 641 1115 640 1115 639 1115 638 1115 620 1126 619 1126 618 1126 587 1114 586 1114 585 1114 584 1114 544 1125 542 1125 534 1125 507 1123 494 1113 493 1113 492 1113 423 1112 422 1112 252 1121 250 1129"/></Shape>
	    <String CONTENT="at ſpiritalibus cantilenis, canentes &amp; pſal¬"
                    HPOS="238"
                    VPOS="1112"
                    WIDTH="841"
                    HEIGHT="66"
                    WC="0.9992074635293748"></String>
          </TextLine>
          <TextLine ID="line_22"
                    TAGREFS="LT8"
                    BASELINE="238 1200 1075 1212" 
                    HPOS="237"
                    VPOS="1159"
                    WIDTH="838"
                    HEIGHT="70">
            <Shape><Polygon POINTS="238 1200 237 1212 278 1219 279 1219 280 1219 281 1219 288 1213 292 1210 312 1214 324 1216 325 1216 333 1214 345 1212 348 1215 355 1220 356 1220 357 1220 358 1220 359 1220 374 1215 385 1212 495 1212 507 1218 510 1219 511 1219 512 1219 513 1219 518 1218 531 1215 536 1219 540 1221 541 1221 542 1221 543 1221 544 1221 549 1219 560 1214 756 1215 780 1223 789 1226 790 1226 847 1227 848 1227 867 1225 921 1219 967 1227 973 1228 1019 1229 1020 1229 1021 1229 1023 1228 1040 1223 1073 1229 1075 1212 1074 1181 958 1180 951 1177 923 1168 922 1168 921 1168 886 1176 874 1178 726 1177 707 1176 702 1171 695 1165 694 1165 693 1165 619 1164 577 1164 576 1164 575 1164 565 1168 550 1173 541 1167 534 1163 533 1163 532 1163 493 1163 492 1163 491 1163 485 1166 475 1171 452 1165 440 1162 439 1162 438 1162 437 1162 432 1164 419 1172 342 1172 238 1159 238 1200"/></Shape>
	    <String CONTENT="lentes, in corde ueſtro Domino, gratias agen"
                    HPOS="237"
                    VPOS="1159"
                    WIDTH="838"
                    HEIGHT="70"
                    WC="0.9877889332446185"></String>
          </TextLine>
          <TextLine ID="line_23"
                    TAGREFS="LT8"
                    BASELINE="239 1248 1075 1261" 
                    HPOS="238"
                    VPOS="1211"
                    WIDTH="837"
                    HEIGHT="63">
            <Shape><Polygon POINTS="250 1231 244 1218 239 1218 239 1248 238 1259 309 1266 310 1266 357 1261 370 1260 372 1261 378 1266 378 1267 379 1267 380 1267 381 1267 428 1262 444 1261 478 1263 589 1270 590 1270 674 1266 696 1265 722 1266 816 1273 817 1273 879 1269 895 1268 899 1269 916 1274 917 1274 918 1274 1074 1271 1075 1261 1072 1224 1062 1229 1041 1224 1034 1222 1033 1222 1032 1222 1006 1223 942 1228 935 1223 932 1220 930 1220 929 1220 928 1220 912 1223 886 1227 786 1226 780 1222 778 1220 777 1220 776 1220 775 1220 761 1222 734 1225 729 1221 723 1217 722 1217 721 1217 720 1217 719 1217 704 1221 697 1223 675 1221 629 1216 628 1216 603 1220 587 1223 562 1220 516 1214 473 1214 472 1214 471 1214 454 1219 448 1221 437 1219 408 1213 407 1213 378 1219 374 1219 366 1218 301 1211 300 1211 299 1211 280 1218 278 1218 254 1218 250 1231"/></Shape>
	    <String CONTENT="tes pro omnibus, per Dominum noſtrum le¬"
                    HPOS="238"
                    VPOS="1211"
                    WIDTH="837"
                    HEIGHT="63"
                    WC="0.9924228727817536"></String>
          </TextLine>
          <TextLine ID="line_24"
                    TAGREFS="LT8"
                    BASELINE="237 1297 789 1303" 
                    HPOS="236"
                    VPOS="1257"
                    WIDTH="553"
                    HEIGHT="61">
            <Shape><Polygon POINTS="237 1297 236 1312 328 1309 418 1314 462 1316 463 1316 481 1314 503 1311 508 1314 511 1317 512 1317 513 1317 515 1317 516 1317 528 1314 537 1312 578 1312 581 1314 584 1317 585 1317 586 1317 587 1317 589 1317 596 1314 598 1313 599 1314 601 1317 602 1317 602 1318 603 1318 604 1318 605 1318 788 1314 789 1303 789 1273 718 1273 717 1272 710 1267 709 1267 708 1267 707 1267 706 1267 705 1267 698 1272 697 1272 696 1272 671 1262 670 1262 669 1262 578 1270 577 1270 552 1261 551 1261 550 1261 549 1261 516 1270 513 1270 511 1270 487 1262 486 1262 485 1262 484 1262 469 1268 461 1261 461 1260 460 1260 459 1260 421 1259 420 1259 419 1259 397 1265 384 1259 383 1259 340 1259 339 1259 338 1259 337 1259 337 1260 329 1268 328 1268 281 1268 281 1267 258 1257 257 1257 256 1257 255 1257 237 1265 237 1297"/></Shape>
	    <String CONTENT="ſum Chriſtum, Deo &amp; patri."
                    HPOS="236"
                    VPOS="1257"
                    WIDTH="553"
                    HEIGHT="61"></String>
          </TextLine>
        </TextBlock>
        <TextBlock HPOS="241"
                   VPOS="1314"
                   WIDTH="842"
                   HEIGHT="206"
                   ID="block_3"
                   TAGREFS="BT988">
          <Shape><Polygon POINTS="1083 1314 1083 1520 241 1520 241 1314"/></Shape>
          <TextLine ID="line_25"
                    TAGREFS="LT8"
                    BASELINE="250 1346 1073 1359" 
                    HPOS="247"
                    VPOS="1314"
                    WIDTH="824"
                    HEIGHT="55">
            <Shape><Polygon POINTS="965 1314 924 1324 893 1314 879 1314 844 1322 824 1314 810 1314 779 1322 769 1314 721 1314 708 1322 685 1314 644 1314 614 1321 594 1314 541 1314 525 1317 480 1314 248 1314 247 1353 339 1364 381 1358 438 1366 1068 1369 1071 1358 1070 1327 984 1325 965 1314"/></Shape>
	    <String CONTENT="Subditi uiciſſim alius alij eſtote in timore"
                    HPOS="247"
                    VPOS="1314"
                    WIDTH="824"
                    HEIGHT="55"
                    WC="0.9932663210413673"></String>
          </TextLine>
          <TextLine ID="line_26"
                    TAGREFS="LT8"
                    BASELINE="237 1395 1075 1407" 
                    HPOS="236"
                    VPOS="1368"
                    WIDTH="839"
                    HEIGHT="55">
            <Shape><Polygon POINTS="1024 1370 1023 1370 1022 1370 1021 1371 1009 1378 904 1375 899 1371 898 1370 894 1370 884 1370 878 1370 872 1371 853 1373 847 1370 842 1370 831 1370 821 1370 811 1370 810 1370 801 1376 778 1376 771 1370 769 1370 758 1370 750 1370 741 1373 731 1370 727 1370 717 1370 706 1370 700 1373 628 1373 625 1370 623 1370 612 1370 602 1370 592 1370 587 1370 581 1370 571 1370 562 1370 560 1372 550 1370 540 1370 529 1370 519 1370 508 1370 498 1370 496 1370 492 1371 488 1370 487 1370 477 1370 467 1370 456 1370 446 1370 435 1370 425 1370 414 1370 404 1370 394 1370 383 1370 373 1370 362 1370 352 1370 341 1370 331 1370 321 1370 310 1370 300 1370 289 1370 279 1370 268 1370 258 1370 257 1368 237 1368 237 1395 236 1402 261 1413 262 1413 263 1413 264 1413 282 1404 292 1404 387 1404 432 1405 437 1408 467 1416 468 1416 469 1417 496 1417 496 1416 497 1416 498 1416 508 1410 511 1408 519 1410 541 1417 542 1417 543 1417 544 1417 567 1411 570 1411 573 1411 602 1417 603 1417 638 1413 664 1410 678 1414 696 1419 697 1419 698 1419 699 1419 713 1415 726 1411 753 1416 773 1419 774 1419 789 1417 811 1413 849 1418 873 1421 874 1421 875 1421 880 1419 891 1414 918 1414 940 1420 946 1422 947 1422 948 1422 949 1422 952 1421 967 1414 1073 1423 1075 1407 1075 1372 1025 1370 1024 1370"/></Shape>
	    <String CONTENT="Dei-Vxores proprijs uiris ſubiectę ſint, ut do"
                    HPOS="236"
                    VPOS="1368"
                    WIDTH="839"
                    HEIGHT="55"
                    WC="0.9855547623431429"></String>
          </TextLine>
          <TextLine ID="line_27"
                    TAGREFS="LT8"
                    BASELINE="236 1444 1075 1453" 
                    HPOS="235"
                    VPOS="1405"
                    WIDTH="840"
                    HEIGHT="64">
            <Shape><Polygon POINTS="236 1444 235 1454 246 1461 247 1461 248 1461 249 1461 329 1455 346 1462 347 1462 348 1462 402 1457 428 1463 429 1463 430 1463 504 1458 526 1464 527 1464 528 1464 556 1459 594 1464 595 1464 596 1464 607 1459 714 1466 715 1466 783 1461 794 1467 795 1467 796 1467 797 1467 878 1462 1027 1469 1028 1469 1074 1463 1075 1453 1074 1423 1056 1423 1055 1422 1043 1414 1042 1414 1041 1414 983 1413 982 1413 981 1413 958 1421 958 1422 899 1422 898 1421 888 1412 887 1412 886 1412 885 1412 884 1412 856 1420 855 1420 829 1420 814 1420 796 1411 795 1411 763 1411 762 1411 761 1411 759 1411 748 1419 747 1420 719 1420 718 1419 698 1410 697 1410 652 1410 651 1410 650 1410 649 1410 638 1418 633 1418 595 1413 594 1413 541 1417 532 1417 531 1417 515 1408 513 1408 512 1408 511 1408 487 1416 470 1408 469 1408 468 1408 467 1408 438 1416 435 1416 431 1416 388 1409 387 1409 351 1415 348 1415 347 1415 335 1407 334 1407 333 1407 332 1407 331 1407 312 1412 305 1405 304 1405 303 1405 302 1405 236 1413 236 1444"/></Shape>
	    <String CONTENT="mino, quod uir caput ſit mulieris, ſicut Chri¬"
                    HPOS="235"
                    VPOS="1405"
                    WIDTH="840"
                    HEIGHT="64"
                    WC="0.9757759000944055"></String>
          </TextLine>
          <TextLine ID="line_28"
                    TAGREFS="LT8"
                    BASELINE="236 1494 1075 1504" 
                    HPOS="235"
                    VPOS="1450"
                    WIDTH="840"
                    HEIGHT="75">
            <Shape><Polygon POINTS="236 1494 235 1518 311 1519 312 1519 313 1519 315 1518 332 1510 360 1518 368 1520 369 1520 370 1520 386 1518 450 1510 512 1515 513 1515 545 1511 565 1517 566 1517 567 1517 634 1512 645 1518 657 1524 658 1524 659 1525 708 1525 708 1524 709 1524 727 1517 740 1513 758 1517 772 1520 773 1520 813 1517 818 1517 819 1517 828 1525 829 1525 830 1525 831 1525 872 1517 878 1516 884 1517 912 1525 913 1525 914 1525 915 1525 941 1517 942 1517 983 1517 991 1523 992 1523 993 1523 994 1523 1074 1516 1075 1504 1073 1463 1046 1466 1038 1462 1035 1461 1034 1461 1033 1461 1032 1461 1028 1462 1011 1472 992 1472 920 1471 906 1461 905 1461 904 1461 903 1461 902 1461 885 1466 876 1461 874 1459 873 1459 872 1459 871 1459 870 1459 869 1459 867 1461 855 1467 829 1461 828 1461 827 1461 826 1461 800 1468 788 1460 783 1457 782 1457 781 1457 780 1457 756 1460 725 1463 719 1459 715 1455 714 1455 713 1455 712 1455 710 1455 709 1455 705 1459 691 1468 656 1468 630 1458 620 1454 619 1454 599 1454 598 1454 597 1454 596 1454 593 1458 584 1463 577 1458 572 1453 571 1453 570 1453 495 1453 494 1453 493 1453 492 1453 487 1457 483 1459 470 1457 447 1452 446 1452 445 1452 434 1455 413 1463 369 1457 368 1457 297 1462 280 1454 271 1450 270 1450 268 1450 236 1453 236 1494"/></Shape>
	    <String CONTENT="ſtus caput eſt Eccleſiæ, &amp; idem ſaluator ſui"
                    HPOS="235"
                    VPOS="1450"
                    WIDTH="840"
                    HEIGHT="75"
                    WC="0.9907071901993318"></String>
          </TextLine>
        </TextBlock>
        <TextBlock HPOS="902"
                   VPOS="1519"
                   WIDTH="179"
                   HEIGHT="56"
                   ID="block_6"
                   TAGREFS="BT17">
          <Shape><Polygon POINTS="1081 1519 1081 1575 902 1575 902 1519"/></Shape>
          <TextLine ID="line_29"
                    TAGREFS="LT8"
                    BASELINE="898 1552 1076 1556" 
                    HPOS="897"
                    VPOS="1515"
                    WIDTH="179"
                    HEIGHT="61">
            <Shape><Polygon POINTS="898 1552 897 1565 912 1571 913 1571 914 1571 940 1567 945 1566 947 1567 955 1574 955 1575 957 1575 958 1575 959 1576 997 1576 997 1575 998 1575 999 1575 1004 1570 1008 1568 1015 1571 1025 1575 1026 1575 1027 1575 1028 1575 1030 1575 1030 1574 1033 1572 1035 1570 1074 1574 1076 1556 1076 1517 1045 1515 1044 1515 1043 1515 1042 1515 1042 1516 1041 1516 1035 1522 898 1516 898 1552"/></Shape>
	    <String CONTENT="corporis"
                    HPOS="897"
                    VPOS="1515"
                    WIDTH="179"
                    HEIGHT="61"
                    WC="0.9994994923472404"></String>
          </TextLine>
        </TextBlock>
        <TextBlock HPOS="145"
                   VPOS="269"
                   WIDTH="63"
                   HEIGHT="59"
                   ID="eSc_textblock_03416a9d"
                   TAGREFS="BT15">
          <Shape><Polygon POINTS="145 269 145 328 208 328 208 269"/></Shape>
          <TextLine ID="eSc_line_58f1a90f"
                    TAGREFS="LT8"
                    BASELINE="152 302 204 299" 
                    HPOS="148"
                    VPOS="270"
                    WIDTH="55"
                    HEIGHT="48">
            <Shape><Polygon POINTS="179 270 164 270 148 270 151 301 151 318 203 311 203 298 200 272 183 270 179 270"/></Shape>
	    <String CONTENT="6·"
                    HPOS="148"
                    VPOS="270"
                    WIDTH="55"
                    HEIGHT="48"></String>
          </TextLine>
        </TextBlock>
        <TextBlock HPOS="126"
                   VPOS="712"
                   WIDTH="65"
                   HEIGHT="76"
                   ID="eSc_textblock_cea6daf7"
                   TAGREFS="BT15">
          <Shape><Polygon POINTS="126 712 126 788 191 788 191 712"/></Shape>
          <TextLine ID="eSc_line_7a5b0ee9"
                    TAGREFS="LT8"
                    BASELINE="133 762 179 754" 
                    HPOS="126"
                    VPOS="722"
                    WIDTH="52"
                    HEIGHT="53">
            <Shape><Polygon POINTS="126 722 132 761 136 775 178 761 178 753 172 723 128 722 126 722"/></Shape>
	    <String CONTENT="7·"
                    HPOS="126"
                    VPOS="722"
                    WIDTH="52"
                    HEIGHT="53"></String>
          </TextLine>
        </TextBlock>
        <TextBlock HPOS="105"
                   VPOS="975"
                   WIDTH="77"
                   HEIGHT="69"
                   ID="block_4"
                   TAGREFS="BT15">
          <Shape><Polygon POINTS="182 975 182 1024 105 1044 118 975"/></Shape>
          <TextLine ID="line_0"
                    TAGREFS="LT8"
                    BASELINE="124 1001 174 1005" 
                    HPOS="128"
                    VPOS="975"
                    WIDTH="48"
                    HEIGHT="45">
            <Shape><Polygon POINTS="165 975 156 975 140 975 136 992 128 1017 167 1020 173 1003 176 978 175 977"/></Shape>
	    <String CONTENT="8·"
                    HPOS="128"
                    VPOS="975"
                    WIDTH="48"
                    HEIGHT="45"></String>
          </TextLine>
        </TextBlock>
        <TextBlock HPOS="129"
                   VPOS="1332"
                   WIDTH="56"
                   HEIGHT="49"
                   ID="eSc_textblock_7cf2f8bc"
                   TAGREFS="BT15">
          <Shape><Polygon POINTS="129 1332 129 1381 185 1381 185 1332"/></Shape>
          <TextLine ID="eSc_line_50b5423a"
                    TAGREFS="LT8"
                    BASELINE="136 1348 168 1365" 
                    HPOS="115"
                    VPOS="1333"
                    WIDTH="61"
                    HEIGHT="67">
            <Shape><Polygon POINTS="158 1333 140 1333 134 1347 115 1380 145 1400 167 1364 176 1338 162 1333 158 1333"/></Shape>
	    <String CONTENT="9·"
                    HPOS="115"
                    VPOS="1333"
                    WIDTH="61"
                    HEIGHT="67"></String>
          </TextLine>
        </TextBlock>
      </PrintSpace>
    </Page>
  </Layout>
</alto>
