<?xml version="1.0" encoding="UTF-8"?>
<alto xmlns:xsi="http://www.w3.org/2001/XMLSchema-instance"
      xmlns="http://www.loc.gov/standards/alto/ns-v4#"
      xsi:schemaLocation="http://www.loc.gov/standards/alto/ns-v4# http://www.loc.gov/standards/alto/v4/alto-4-2.xsd">
  <Description>
    <MeasurementUnit>pixel</MeasurementUnit>
    <sourceImageInformation>
      <fileName>bsb00035303_00043.jpg</fileName>
    </sourceImageInformation>
  </Description>
  <Tags>
    <OtherTag ID="BT7" LABEL="CustomZone" DESCRIPTION="block type CustomZone"/><OtherTag ID="BT10" LABEL="DropCapitalZone" DESCRIPTION="block type DropCapitalZone"/><OtherTag ID="BT11" LABEL="GraphicZone" DESCRIPTION="block type GraphicZone"/><OtherTag ID="BT12" LABEL="MainZone" DESCRIPTION="block type MainZone"/><OtherTag ID="BT13" LABEL="MarginTextZone" DESCRIPTION="block type MarginTextZone"/><OtherTag ID="BT15" LABEL="NumberingZone" DESCRIPTION="block type NumberingZone"/><OtherTag ID="BT17" LABEL="QuireMarksZone" DESCRIPTION="block type QuireMarksZone"/><OtherTag ID="BT18" LABEL="RunningTitleZone" DESCRIPTION="block type RunningTitleZone"/><OtherTag ID="BT22" LABEL="TitlePageZone" DESCRIPTION="block type TitlePageZone"/><OtherTag ID="BT985" LABEL="MainZone-Other" DESCRIPTION="block type MainZone-Other"/><OtherTag ID="BT986" LABEL="MainZone-Signature" DESCRIPTION="block type MainZone-Signature"/><OtherTag ID="BT987" LABEL="MainZone-Head" DESCRIPTION="block type MainZone-Head"/><OtherTag ID="BT988" LABEL="MainZone-P" DESCRIPTION="block type MainZone-P"/><OtherTag ID="BT989" LABEL="MainZone-P-Continued" DESCRIPTION="block type MainZone-P-Continued"/><OtherTag ID="BT990" LABEL="MarginTextZone-Notes" DESCRIPTION="block type MarginTextZone-Notes"/><OtherTag ID="BT991" LABEL="MainZone-Lg" DESCRIPTION="block type MainZone-Lg"/><OtherTag ID="BT1884" LABEL="MainZone-Sp" DESCRIPTION="block type MainZone-Sp"/><OtherTag ID="BT1885" LABEL="MainZone-Entry" DESCRIPTION="block type MainZone-Entry"/><OtherTag ID="BT1886" LABEL="MainZone-Sp-Continued" DESCRIPTION="block type MainZone-Sp-Continued"/><OtherTag ID="BT2601" LABEL="text" DESCRIPTION="block type text"/>
    <OtherTag ID="LT7" LABEL="CustomLine" DESCRIPTION="line type CustomLine"/><OtherTag ID="LT8" LABEL="DefaultLine" DESCRIPTION="line type DefaultLine"/><OtherTag ID="LT9" LABEL="DropCapitalLine" DESCRIPTION="line type DropCapitalLine"/><OtherTag ID="LT10" LABEL="HeadingLine" DESCRIPTION="line type HeadingLine"/><OtherTag ID="LT11" LABEL="InterlinearLine" DESCRIPTION="line type InterlinearLine"/><OtherTag ID="LT12" LABEL="MusicLine" DESCRIPTION="line type MusicLine"/><OtherTag ID="LT767" LABEL="default" DESCRIPTION="line type default"/>
  </Tags>
  <Layout>
    <Page WIDTH="1128"
          HEIGHT="1876"
          PHYSICAL_IMG_NR="42"
          ID="eSc_dummypage_">
      <PrintSpace HPOS="0"
                  VPOS="0"
                  WIDTH="1128"
                  HEIGHT="1876">
        <TextBlock HPOS="99"
                   VPOS="138"
                   WIDTH="686"
                   HEIGHT="63"
                   ID="eSc_textblock_3f631924"
                   TAGREFS="BT18">
          <Shape><Polygon POINTS="99 138 99 201 785 201 785 138"/></Shape>
          <TextLine ID="eSc_line_9d5bedb3"
                    TAGREFS="LT767"
                    BASELINE="96 197 768 191" 
                    HPOS="93"
                    VPOS="132"
                    WIDTH="673"
                    HEIGHT="79">
            <Shape><Polygon POINTS="95 204 139 211 164 203 172 211 179 211 192 201 289 201 339 209 372 201 395 209 408 201 488 207 500 200 600 207 611 198 650 206 713 198 763 206 766 190 765 140 743 132 708 142 638 136 461 143 425 134 409 142 345 136 334 145 255 139 233 146 203 137 93 137 95 196"/></Shape>
	    <String CONTENT="M. BVCERI COMMENTARIVS"
                    HPOS="93"
                    VPOS="132"
                    WIDTH="673"
                    HEIGHT="79"></String>
          </TextLine>
        </TextBlock>
        <TextBlock HPOS="814"
                   VPOS="151"
                   WIDTH="66"
                   HEIGHT="56"
                   ID="eSc_textblock_e3d917a0"
                   TAGREFS="BT15">
          <Shape><Polygon POINTS="814 151 814 207 880 207 880 151"/></Shape>
          <TextLine ID="eSc_line_ebb3eba5"
                    BASELINE="818 187 873 191" 
                    HPOS="815"
                    VPOS="140"
                    WIDTH="59"
                    HEIGHT="58">
            <Shape><Polygon POINTS="816 186 815 193 869 198 872 190 874 143 818 140 816 186"/></Shape>
	    <String CONTENT="22"
                    HPOS="815"
                    VPOS="140"
                    WIDTH="59"
                    HEIGHT="58"></String>
          </TextLine>
        </TextBlock>
        <TextBlock HPOS="890"
                   VPOS="784"
                   WIDTH="75"
                   HEIGHT="76"
                   ID="eSc_textblock_1db505b6"
                   TAGREFS="BT990">
          <Shape><Polygon POINTS="890 784 890 860 965 860 965 784"/></Shape>
          <TextLine ID="eSc_line_59d6ecc9"
                    BASELINE="897 846 965 840" 
                    HPOS="891"
                    VPOS="794"
                    WIDTH="72"
                    HEIGHT="54">
            <Shape><Polygon POINTS="896 848 962 845 963 839 959 797 891 794 896 845 896 848"/></Shape>
	    <String CONTENT="Pax"
                    HPOS="891"
                    VPOS="794"
                    WIDTH="72"
                    HEIGHT="54"></String>
          </TextLine>
        </TextBlock>
        <TextBlock HPOS="34"
                   VPOS="214"
                   WIDTH="872"
                   HEIGHT="1347"
                   ID="eSc_textblock_3f6b6422"
                   TAGREFS="BT989">
          <Shape><Polygon POINTS="34 214 34 1561 906 1561 867 234"/></Shape>
          <TextLine ID="eSc_line_5889318a"
                    TAGREFS="LT767"
                    BASELINE="42 257 868 248" 
                    HPOS="41"
                    VPOS="207"
                    WIDTH="827"
                    HEIGHT="68">
            <Shape><Polygon POINTS="42 266 79 275 80 275 81 275 82 275 93 267 113 273 114 273 115 273 178 266 215 275 216 275 259 265 260 265 315 274 316 274 317 274 319 274 331 264 332 263 480 263 483 263 528 270 529 270 530 270 555 263 573 270 574 270 575 270 576 270 594 263 618 269 619 269 620 269 621 269 636 262 639 261 648 262 704 268 705 269 737 269 737 268 738 268 753 261 757 261 854 267 855 267 856 267 857 267 868 261 868 248 864 211 836 218 826 211 820 207 819 207 818 207 783 207 782 207 781 207 767 213 753 218 739 213 738 213 737 213 736 213 734 213 733 213 718 219 606 216 593 216 592 216 591 216 590 216 583 221 575 217 567 213 566 213 565 213 564 213 562 213 556 217 549 223 500 223 495 218 484 211 483 211 482 211 423 211 422 211 421 211 420 211 407 219 388 212 387 212 386 212 279 217 247 213 246 213 244 213 223 225 219 226 215 225 177 214 176 214 175 214 174 214 153 219 135 214 134 214 133 214 132 214 99 227 76 219 75 219 74 219 72 219 41 228 42 257"/></Shape>
	    <String CONTENT="uorem eius, ſibiq́ redderet beneuolum. Quod igitur"
                    HPOS="41"
                    VPOS="207"
                    WIDTH="827"
                    HEIGHT="68"></String>
          </TextLine>
          <TextLine ID="eSc_line_3fb322c3"
                    TAGREFS="LT767"
                    BASELINE="43 306 863 300" 
                    HPOS="42"
                    VPOS="264"
                    WIDTH="821"
                    HEIGHT="62">
            <Shape><Polygon POINTS="43 306 43 326 66 326 66 325 67 325 68 325 78 317 115 324 124 325 125 325 126 325 127 325 128 324 138 317 155 323 156 323 157 323 158 323 176 316 185 323 186 324 187 324 188 324 189 325 237 325 237 324 238 324 244 322 258 315 272 321 274 322 275 322 276 322 284 321 316 314 379 318 440 323 442 323 443 323 444 323 452 317 459 313 500 313 504 316 515 322 516 322 517 323 549 323 549 322 550 322 551 322 561 315 565 313 569 314 586 322 587 322 589 322 590 322 603 314 608 312 692 312 693 312 716 321 717 321 718 321 719 321 737 313 759 319 761 319 762 319 763 319 764 319 776 311 849 317 850 317 851 317 852 317 863 310 863 300 861 273 767 264 766 264 712 273 710 273 695 265 694 265 693 265 651 273 650 273 614 265 612 265 611 265 584 274 581 274 575 274 512 266 511 266 510 266 509 266 501 274 500 274 497 274 425 267 424 267 423 267 422 267 412 274 412 275 359 275 358 275 350 267 349 267 348 267 316 267 315 267 314 267 296 275 295 275 285 268 284 268 283 268 282 268 248 275 241 276 240 275 232 268 231 268 230 268 200 268 199 268 198 268 182 275 177 277 166 275 140 270 139 270 104 276 91 277 83 276 55 269 54 269 53 269 42 274 43 306"/></Shape>
	    <String CONTENT="ſcripturæ חן dicitur, &amp; græci ſcripturæ interpretes,"
                    HPOS="42"
                    VPOS="264"
                    WIDTH="821"
                    HEIGHT="62"></String>
          </TextLine>
          <TextLine ID="eSc_line_5ff4a656"
                    TAGREFS="LT767"
                    BASELINE="45 355 872 348" 
                    HPOS="44"
                    VPOS="311"
                    WIDTH="828"
                    HEIGHT="66">
            <Shape><Polygon POINTS="45 355 45 377 75 376 76 376 77 376 94 365 111 372 112 372 113 372 114 372 128 366 138 374 139 374 140 374 141 374 142 374 164 364 188 371 189 371 190 371 226 365 236 373 238 375 239 375 240 375 241 375 242 375 250 373 280 363 304 372 311 374 312 374 313 374 314 374 320 371 334 363 401 369 442 373 443 373 444 373 460 367 481 362 510 366 543 372 544 372 545 372 560 365 572 361 581 365 598 372 599 372 600 373 634 373 634 372 703 371 704 371 721 364 742 368 743 368 744 368 745 368 753 361 756 359 811 359 814 360 838 367 839 367 840 367 841 367 872 358 872 348 869 311 782 312 781 312 779 312 751 322 690 322 678 314 673 312 672 312 671 312 656 315 625 322 594 316 592 316 591 316 589 316 565 322 556 317 550 314 549 314 548 314 547 314 546 314 542 317 534 322 524 317 515 314 513 314 512 314 511 314 510 314 505 318 500 323 476 323 462 319 445 314 444 314 443 314 442 314 440 314 433 319 428 323 419 319 400 314 399 314 398 314 397 314 374 321 363 324 349 322 313 315 312 315 311 315 310 315 302 322 226 316 225 316 224 316 209 325 208 325 205 325 175 318 174 318 105 326 63 318 62 318 61 318 44 326 45 355"/></Shape>
	    <String CONTENT="quos &amp; Paulum ſecutum ſatis liquet, χάσιμ, Latini"
                    HPOS="44"
                    VPOS="311"
                    WIDTH="828"
                    HEIGHT="66"
                    WC="0.9952486455440521"></String>
          </TextLine>
          <TextLine ID="eSc_line_d9d7f7bf"
                    TAGREFS="LT767"
                    BASELINE="46 405 875 397" 
                    HPOS="45"
                    VPOS="361"
                    WIDTH="830"
                    HEIGHT="62">
            <Shape><Polygon POINTS="46 405 46 414 101 414 120 422 121 422 123 423 149 423 149 422 150 422 151 422 161 413 162 413 169 413 231 421 232 421 263 413 271 412 274 413 282 420 283 420 284 420 285 420 363 418 364 418 365 418 372 413 375 411 390 413 413 417 414 417 439 413 462 410 479 413 496 417 497 418 531 418 531 417 532 417 533 417 538 413 544 410 575 413 599 416 600 416 623 413 668 408 702 408 714 413 717 415 718 415 719 415 730 413 759 409 801 413 810 414 811 414 812 414 814 413 834 407 874 413 875 397 873 367 838 361 837 361 782 367 681 362 680 362 679 362 678 362 668 369 665 371 646 369 583 365 582 365 581 365 572 371 570 372 489 372 487 372 461 364 460 364 459 364 426 372 390 365 389 365 326 374 320 374 317 374 295 366 293 366 292 366 291 366 290 366 280 374 279 375 217 375 215 375 189 367 188 367 187 367 186 367 185 367 176 375 176 376 87 376 70 369 69 369 68 369 67 369 45 376 46 405"/></Shape>
	    <String CONTENT="uero gratiam uulgo uerterunt, proprie nobis beneuolen"
                    HPOS="45"
                    VPOS="361"
                    WIDTH="830"
                    HEIGHT="62"></String>
          </TextLine>
          <TextLine ID="eSc_line_17b6a642"
                    TAGREFS="LT767"
                    BASELINE="45 454 874 447" 
                    HPOS="44"
                    VPOS="409"
                    WIDTH="830"
                    HEIGHT="63">
            <Shape><Polygon POINTS="45 454 45 466 58 472 59 472 60 472 61 472 80 466 90 464 102 466 125 472 126 472 127 472 128 472 134 466 138 464 157 466 183 470 184 470 185 470 191 466 199 463 257 463 262 466 264 469 265 469 266 469 346 470 347 470 369 466 396 462 402 466 405 469 406 469 407 469 408 470 504 470 504 469 505 469 506 469 509 466 520 460 538 466 543 467 544 467 545 467 546 467 549 466 562 460 621 465 622 465 623 465 640 459 684 466 690 466 691 466 697 466 754 458 794 465 795 465 839 458 872 465 874 447 872 418 793 418 793 417 781 409 780 409 779 409 778 409 742 411 741 411 740 411 731 417 730 418 726 417 697 410 696 410 695 410 694 410 669 417 668 417 667 417 650 410 649 410 648 410 647 410 628 417 622 420 612 417 601 414 600 414 599 414 582 417 570 420 567 417 559 411 558 411 557 411 536 411 535 411 534 411 522 417 515 421 508 417 499 412 498 412 497 412 443 416 387 422 347 416 319 413 317 413 316 413 315 413 311 416 304 423 280 423 262 416 261 416 260 416 259 416 254 416 180 423 169 416 167 414 166 414 165 414 164 414 146 416 87 424 75 416 75 415 74 415 72 415 71 415 44 415 45 454"/></Shape>
	    <String CONTENT="tiam, charitatem, fauoremq́; ſignificat· Vnde &amp; beneuo"
                    HPOS="44"
                    VPOS="409"
                    WIDTH="830"
                    HEIGHT="63"
                    WC="0.9910863163294615"></String>
          </TextLine>
          <TextLine ID="eSc_line_83b9b35e"
                    TAGREFS="LT767"
                    BASELINE="45 504 876 495" 
                    HPOS="44"
                    VPOS="459"
                    WIDTH="832"
                    HEIGHT="64">
            <Shape><Polygon POINTS="45 504 45 514 145 521 146 521 148 521 149 521 155 516 175 523 176 523 177 523 178 523 179 523 190 514 242 521 243 521 244 521 266 512 267 512 268 512 281 522 282 522 283 522 284 523 305 523 305 522 360 513 401 516 402 516 403 516 404 516 412 511 415 510 463 510 466 511 477 520 478 520 479 520 480 521 506 521 506 520 573 519 574 519 575 519 586 510 586 509 618 508 664 508 665 509 687 517 688 517 689 517 743 508 751 507 755 508 779 516 780 516 781 516 837 515 838 515 839 515 847 509 862 514 863 514 864 514 865 514 866 514 876 508 876 495 873 465 844 466 841 465 832 459 831 459 830 459 829 459 828 459 808 465 803 466 796 465 769 460 768 460 767 460 750 465 743 467 737 465 724 460 723 460 722 460 615 461 614 461 612 461 606 465 601 470 548 470 532 466 516 462 515 462 492 466 469 471 450 466 435 463 434 463 338 464 337 464 330 466 321 472 133 475 121 469 120 469 119 469 118 469 117 469 106 474 44 469 45 504"/></Shape>
	    <String CONTENT="lentiam pro eo quod Paulus χάριμ dixit, per Epiſto¬"
                    HPOS="44"
                    VPOS="459"
                    WIDTH="832"
                    HEIGHT="64"
                    WC="0.9899963667759528"></String>
          </TextLine>
          <TextLine ID="eSc_line_a6984a02"
                    TAGREFS="LT767"
                    BASELINE="48 553 480 547 872 548" 
                    HPOS="47"
                    VPOS="508"
                    WIDTH="825"
                    HEIGHT="62">
            <Shape><Polygon POINTS="48 553 48 561 74 569 75 569 76 569 105 561 108 561 118 561 211 569 212 569 213 569 231 561 235 560 237 561 248 570 249 570 250 570 251 570 252 570 277 561 280 561 285 561 337 570 338 570 339 570 361 561 369 559 415 559 421 561 434 569 435 569 436 570 459 570 459 569 460 569 474 561 479 559 485 561 503 569 504 569 505 569 534 561 551 558 600 561 626 563 627 563 636 561 649 559 652 561 655 564 656 564 657 564 658 564 659 564 668 561 678 558 682 561 689 566 690 566 691 566 692 568 795 568 795 566 796 566 797 566 802 561 810 557 870 561 872 548 871 516 821 508 820 508 819 508 818 508 807 515 763 509 762 509 761 509 759 509 750 516 748 517 737 516 693 510 692 510 691 510 680 515 655 510 654 510 653 510 652 510 644 516 641 519 631 516 607 510 606 510 605 510 540 516 504 520 494 516 479 511 478 511 477 511 444 516 430 519 417 516 386 511 385 511 384 511 373 516 366 520 352 516 330 512 329 512 328 512 319 516 309 521 290 516 287 516 286 516 270 516 151 522 143 516 139 513 138 513 137 513 136 513 135 513 123 516 112 520 47 517 48 553"/></Shape>
	    <String CONTENT="lam hanc, quo planius eſſet quid hac uoce χάριτος"
                    HPOS="47"
                    VPOS="508"
                    WIDTH="825"
                    HEIGHT="62"></String>
          </TextLine>
          <TextLine ID="eSc_line_18eecab6"
                    TAGREFS="LT767"
                    BASELINE="50 604 875 593" 
                    HPOS="48"
                    VPOS="556"
                    WIDTH="827"
                    HEIGHT="65">
            <Shape><Polygon POINTS="50 604 50 618 74 613 86 618 97 621 99 621 100 621 101 621 115 616 131 612 143 616 155 620 156 620 157 620 221 619 222 619 223 619 229 614 232 612 239 614 253 618 254 618 255 618 256 618 270 613 282 610 305 610 310 612 317 618 319 618 320 618 321 618 396 616 397 616 417 610 426 608 437 610 457 613 458 613 580 607 608 606 612 606 648 613 649 613 650 613 682 605 683 605 684 605 709 612 710 612 712 612 713 612 743 605 850 610 851 610 852 610 875 601 875 593 872 556 798 563 680 563 673 560 663 556 661 556 660 556 659 556 648 560 643 562 638 560 625 557 624 557 623 557 622 557 621 557 617 561 612 564 600 561 589 559 587 559 586 559 580 562 572 566 498 566 460 564 385 560 384 560 355 566 347 569 339 568 310 561 309 561 308 561 290 569 289 569 286 569 250 562 249 562 129 563 128 563 127 563 127 564 118 571 65 565 64 565 63 565 48 572 50 604"/></Shape>
	    <String CONTENT="Apostolus ſibi uelit, poſui· Gratia enim latinis eorum eſſe"
                    HPOS="48"
                    VPOS="556"
                    WIDTH="827"
                    HEIGHT="65"></String>
          </TextLine>
          <TextLine ID="eSc_line_c234e501"
                    TAGREFS="LT767"
                    BASELINE="51 652 876 642" 
                    HPOS="50"
                    VPOS="605"
                    WIDTH="826"
                    HEIGHT="65">
            <Shape><Polygon POINTS="51 652 51 662 199 670 200 670 246 661 259 669 260 669 261 670 291 670 291 669 292 669 293 669 305 660 323 660 330 660 341 668 342 668 344 668 345 668 395 659 396 659 397 659 462 667 463 667 464 667 477 660 494 665 495 665 496 665 497 665 498 665 508 657 510 657 557 657 558 657 574 663 575 663 576 663 577 663 602 657 642 663 643 663 644 663 670 656 708 663 709 663 786 654 793 654 797 654 835 661 836 661 875 653 876 642 873 609 791 614 779 610 766 605 765 605 764 605 763 605 751 610 743 615 717 615 710 611 704 607 703 607 702 607 701 607 700 607 699 607 694 611 688 616 642 616 611 613 546 607 545 607 464 615 461 615 459 615 414 609 413 609 412 609 411 609 402 616 399 620 379 620 357 618 298 610 297 610 258 619 251 621 244 620 219 611 218 611 217 611 216 611 215 611 204 620 202 622 198 620 190 618 189 618 188 618 154 621 132 623 126 622 110 616 109 616 108 616 107 616 106 616 100 622 99 623 95 622 71 613 70 613 69 613 68 613 50 621 51 652"/></Shape>
	    <String CONTENT="dicitur, quibus fauetur, nõ qui fauẽt, ita gratia ualere aut"
                    HPOS="50"
                    VPOS="605"
                    WIDTH="826"
                    HEIGHT="65"
                    WC="0.9940228481446544"></String>
          </TextLine>
          <TextLine ID="eSc_line_daf837f3"
                    TAGREFS="LT767"
                    BASELINE="55 701 874 693" 
                    HPOS="54"
                    VPOS="654"
                    WIDTH="820"
                    HEIGHT="68">
            <Shape><Polygon POINTS="55 701 55 719 101 722 102 722 103 722 104 722 108 719 113 713 129 718 132 719 133 719 134 719 144 718 183 712 206 717 229 721 230 721 231 721 232 721 238 716 244 711 361 710 399 713 462 719 463 719 464 719 488 711 499 709 541 709 545 710 555 717 556 717 557 717 558 717 559 717 567 710 569 710 601 717 602 717 603 717 624 709 625 709 626 709 640 717 641 717 642 717 643 717 664 708 669 707 713 707 715 708 725 716 726 716 727 716 728 716 857 714 859 714 874 705 874 693 871 654 770 663 752 656 749 655 748 655 747 655 734 656 684 663 638 658 612 656 611 656 610 656 609 656 605 659 597 664 585 659 576 656 575 656 574 656 573 656 559 660 548 663 541 660 532 657 531 657 530 657 529 657 521 661 510 665 494 661 474 657 473 657 472 657 461 662 453 667 395 663 365 662 364 662 363 662 358 664 352 668 348 664 345 662 344 662 342 662 341 662 340 662 333 664 325 668 316 665 296 659 295 659 293 659 292 659 291 659 283 665 254 661 253 661 225 668 217 669 213 668 199 661 198 661 197 661 195 661 194 661 186 668 185 670 154 670 142 669 68 661 67 661 66 661 65 661 54 668 55 701"/></Shape>
	    <String CONTENT="efficere aliquid dicuntur, qui freti aliorũ fauoribus, quid"
                    HPOS="54"
                    VPOS="654"
                    WIDTH="820"
                    HEIGHT="68"
                    WC="0.9853376656770706"></String>
          </TextLine>
          <TextLine ID="eSc_line_c6108c7b"
                    TAGREFS="LT767"
                    BASELINE="56 753 365 747" 
                    HPOS="56"
                    VPOS="708"
                    WIDTH="309"
                    HEIGHT="68">
            <Shape><Polygon POINTS="56 772 62 775 63 775 64 775 65 775 66 775 71 771 81 766 86 771 90 774 90 775 91 775 92 775 93 776 107 776 107 775 108 775 118 769 130 762 166 762 175 767 188 773 189 773 190 773 261 772 262 772 281 761 284 760 307 760 308 760 320 768 321 768 322 768 323 768 365 757 365 747 362 720 349 720 347 719 336 711 335 711 334 711 333 711 302 718 288 721 285 718 276 709 276 708 275 708 274 708 260 708 259 708 258 708 230 717 207 723 134 714 107 711 106 711 105 711 104 711 104 712 102 713 95 721 72 723 56 712 56 753 56 772"/></Shape>
	    <String CONTENT="poſſunt aut efficiunt."
                    HPOS="56"
                    VPOS="708"
                    WIDTH="309"
                    HEIGHT="68"
                    WC="0.9829019985415719"></String>
          </TextLine>
          <TextLine ID="eSc_line_abee4d4d"
                    TAGREFS="LT767"
                    BASELINE="97 801 876 794" 
                    HPOS="96"
                    VPOS="755"
                    WIDTH="780"
                    HEIGHT="64">
            <Shape><Polygon POINTS="97 801 97 812 180 812 182 812 191 819 192 819 193 819 194 819 195 819 210 812 214 811 301 811 315 812 351 818 352 818 353 818 365 812 373 810 393 812 429 818 430 818 483 812 523 809 531 812 540 817 541 817 542 817 560 812 578 809 582 812 585 816 586 816 587 816 589 817 622 817 622 816 623 816 632 812 653 807 721 812 746 815 747 815 758 812 794 806 821 812 824 813 825 813 826 813 827 813 830 812 853 807 873 812 876 794 873 763 845 764 841 763 828 758 827 758 826 758 825 758 812 763 808 764 806 763 780 755 779 755 778 755 725 764 719 766 718 764 701 756 700 756 663 755 661 755 660 755 659 755 645 766 644 767 641 766 610 756 609 756 608 756 607 756 606 756 594 766 579 767 575 767 557 758 556 758 555 758 554 758 535 768 534 768 533 768 509 757 508 757 435 757 434 757 433 757 432 757 420 767 409 762 408 762 407 762 406 762 394 769 393 769 329 759 328 759 327 759 299 770 299 771 287 771 236 771 210 762 209 762 208 762 207 762 206 762 191 772 141 772 120 763 119 763 118 763 117 763 96 772 97 801"/></Shape>
	    <String CONTENT="Pacis uero nomine Apoſtolis proſperitatem &amp; re¬"
                    HPOS="96"
                    VPOS="755"
                    WIDTH="780"
                    HEIGHT="64"
                    WC="0.9789114201322515"></String>
          </TextLine>
          <TextLine ID="eSc_line_8900151a"
                    TAGREFS="LT767"
                    BASELINE="54 852 771 845 868 840" 
                    HPOS="53"
                    VPOS="801"
                    WIDTH="910"
                    HEIGHT="74">
            <Shape><Polygon POINTS="54 865 99 865 120 875 121 875 123 875 159 867 219 873 221 873 222 873 244 862 246 862 274 873 275 873 276 873 277 873 301 867 355 872 356 872 357 872 358 872 370 864 418 871 419 871 420 871 437 861 499 865 500 865 501 865 516 858 518 858 519 858 536 866 537 866 538 866 567 860 587 869 589 869 590 869 627 861 644 868 645 868 646 868 687 861 724 867 725 867 726 867 749 857 787 866 788 866 856 865 857 865 859 865 875 854 876 853 963 852 963 833 961 805 904 801 903 801 878 805 861 808 839 806 814 803 813 803 812 803 804 806 792 811 774 806 763 803 762 803 761 803 759 803 758 803 754 806 743 815 610 811 609 811 608 811 594 818 521 818 489 809 484 808 483 808 482 808 479 809 456 818 384 810 364 808 363 808 362 808 357 810 335 820 321 810 320 809 319 809 317 809 289 809 288 809 287 809 286 809 285 811 276 818 223 811 209 810 208 810 207 810 206 810 205 811 194 819 184 815 183 815 182 815 181 815 164 822 140 812 137 811 136 811 135 811 134 811 131 812 101 823 53 813 54 852"/></Shape>
	    <String CONTENT="rum ſucceſſum ſignificaße uidetur. Omnino enim ſcri- Pax¬"
                    HPOS="53"
                    VPOS="801"
                    WIDTH="910"
                    HEIGHT="74"
                    WC="0.9832360859502826"></String>
          </TextLine>
          <TextLine ID="eSc_line_d718c3a1"
                    TAGREFS="LT767"
                    BASELINE="55 903 877 891" 
                    HPOS="54"
                    VPOS="856"
                    WIDTH="823"
                    HEIGHT="65">
            <Shape><Polygon POINTS="55 903 55 921 99 914 135 914 157 920 161 921 162 921 163 921 183 919 261 911 330 916 365 918 366 918 395 915 424 910 435 914 449 917 450 917 451 917 452 917 460 912 468 908 534 907 560 910 598 915 599 915 673 912 674 912 675 912 682 907 685 906 703 906 807 911 808 911 876 902 877 891 875 864 834 864 820 856 819 856 818 856 817 856 800 862 708 859 707 859 670 866 653 859 652 859 602 859 601 859 600 859 578 867 541 860 540 860 538 860 537 860 528 868 356 864 355 864 257 873 204 873 193 866 192 866 191 866 190 866 54 875 55 903"/></Shape>
	    <String CONTENT="ptura pacis nomine ſecundas res intelligit. Sic quod lo¬"
                    HPOS="54"
                    VPOS="856"
                    WIDTH="823"
                    HEIGHT="65"
                    WC="0.990798257291317"></String>
          </TextLine>
          <TextLine ID="eSc_line_10e1153d"
                    TAGREFS="LT767"
                    BASELINE="58 953 885 943" 
                    HPOS="57"
                    VPOS="905"
                    WIDTH="828"
                    HEIGHT="68">
            <Shape><Polygon POINTS="58 953 58 973 139 972 140 972 142 972 166 963 204 963 212 970 213 970 214 970 215 970 223 970 277 964 285 968 287 970 288 970 289 970 290 970 291 970 297 968 313 960 336 967 345 969 346 969 347 969 360 967 393 959 436 965 469 968 470 968 471 968 479 964 488 958 499 963 505 966 506 966 507 966 527 963 554 957 586 960 632 966 633 966 634 966 655 959 666 956 680 958 716 965 717 965 718 965 741 957 744 956 750 957 800 964 801 964 884 953 885 943 881 905 786 916 708 916 698 908 697 907 696 907 695 907 644 907 643 907 642 907 634 909 618 917 602 910 597 908 596 908 595 908 581 911 551 918 486 914 485 914 411 919 401 915 389 910 388 910 387 910 386 910 385 910 380 916 375 920 364 916 359 914 358 914 357 914 337 916 302 921 275 918 238 912 237 912 236 912 235 912 227 919 221 922 197 919 154 914 153 914 68 915 67 915 66 915 57 920 58 953"/></Shape>
	    <String CONTENT="ſeph fratres ſuos rogabat, primo Moſcheh 43· nunquid"
                    HPOS="57"
                    VPOS="905"
                    WIDTH="828"
                    HEIGHT="68"></String>
          </TextLine>
          <TextLine ID="eSc_line_39a0db7d"
                    TAGREFS="LT767"
                    BASELINE="56 1002 883 993" 
                    HPOS="55"
                    VPOS="955"
                    WIDTH="828"
                    HEIGHT="67">
            <Shape><Polygon POINTS="56 1002 56 1021 120 1014 136 1020 141 1022 142 1022 143 1022 144 1022 145 1022 148 1020 156 1013 165 1019 167 1021 168 1021 169 1021 170 1021 172 1021 179 1019 202 1013 239 1018 250 1019 251 1019 252 1019 255 1018 267 1011 277 1017 281 1020 282 1020 283 1020 284 1020 285 1020 297 1017 314 1011 331 1016 342 1019 344 1019 345 1020 388 1020 388 1019 389 1019 390 1019 396 1015 399 1013 404 1015 417 1019 418 1019 419 1019 420 1019 432 1014 444 1009 508 1013 605 1017 606 1017 607 1017 629 1009 638 1007 649 1009 682 1016 683 1016 684 1016 685 1016 697 1008 700 1006 716 1008 766 1015 767 1015 803 1006 810 1005 881 1005 883 993 879 961 811 961 791 955 790 955 789 955 741 963 739 963 737 963 709 956 708 956 614 964 601 965 589 965 495 959 494 959 493 959 479 965 422 959 421 959 420 959 395 967 393 967 388 967 344 961 342 961 341 961 319 968 316 968 314 968 292 961 291 961 290 961 207 969 202 969 189 963 188 963 150 963 149 963 116 970 114 970 112 970 77 964 76 964 75 964 55 970 56 1002"/></Shape>
	    <String CONTENT="pax eſt patri ueſtro? quid aliud erat quam ſi dixiſſet, nun"
                    HPOS="55"
                    VPOS="955"
                    WIDTH="828"
                    HEIGHT="67"
                    WC="0.9863913564358727"></String>
          </TextLine>
          <TextLine ID="eSc_line_cb51b5cd"
                    TAGREFS="LT767"
                    BASELINE="55 1050 883 1042" 
                    HPOS="54"
                    VPOS="1006"
                    WIDTH="829"
                    HEIGHT="63">
            <Shape><Polygon POINTS="55 1050 55 1069 158 1062 190 1068 191 1068 192 1068 215 1062 368 1067 376 1067 377 1067 378 1067 379 1067 388 1059 541 1066 554 1066 555 1066 556 1066 557 1066 586 1057 621 1057 636 1065 638 1065 639 1065 640 1065 657 1058 672 1065 673 1065 674 1065 675 1065 676 1065 677 1065 706 1056 758 1064 759 1064 761 1064 763 1064 843 1055 880 1063 883 1042 881 1014 863 1006 862 1006 861 1006 860 1006 839 1014 828 1006 827 1006 826 1006 825 1006 795 1011 776 1006 775 1006 774 1006 773 1006 754 1015 753 1015 749 1015 678 1007 677 1007 676 1007 646 1016 644 1017 505 1017 467 1017 440 1010 439 1010 438 1010 437 1010 418 1018 417 1019 309 1019 308 1019 299 1011 298 1011 297 1011 296 1011 295 1011 279 1017 259 1011 258 1011 257 1011 256 1011 241 1020 240 1020 238 1020 213 1013 212 1013 211 1013 210 1013 193 1020 190 1020 107 1014 106 1014 105 1014 104 1014 94 1021 54 1021 55 1050"/></Shape>
	    <String CONTENT="quid benehabet pater uester, &amp; rerum ſucceßu frui¬"
                    HPOS="54"
                    VPOS="1006"
                    WIDTH="829"
                    HEIGHT="63"
                    WC="0.9986844062805176"></String>
          </TextLine>
          <TextLine ID="eSc_line_b2ff3477"
                    TAGREFS="LT767"
                    BASELINE="56 1101 883 1092" 
                    HPOS="55"
                    VPOS="1055"
                    WIDTH="828"
                    HEIGHT="63">
            <Shape><Polygon POINTS="56 1101 56 1112 211 1111 213 1111 231 1116 232 1116 233 1116 234 1116 244 1111 247 1109 249 1111 263 1117 264 1117 265 1118 328 1118 328 1117 329 1117 330 1117 330 1116 337 1109 339 1108 353 1109 422 1116 423 1116 505 1115 506 1115 523 1107 527 1106 538 1107 572 1113 573 1113 603 1107 609 1106 614 1107 635 1113 636 1113 638 1113 639 1113 640 1113 649 1106 652 1105 680 1106 780 1112 781 1112 782 1112 805 1105 812 1104 844 1104 846 1105 852 1111 853 1111 854 1111 855 1111 881 1104 883 1092 879 1060 792 1063 789 1062 780 1055 779 1055 778 1055 777 1055 776 1055 759 1060 753 1055 752 1055 751 1055 703 1055 702 1055 701 1055 678 1063 664 1056 663 1056 606 1056 605 1056 562 1065 556 1067 474 1067 469 1067 429 1058 428 1058 427 1058 426 1058 417 1067 414 1069 333 1069 315 1069 293 1060 292 1060 291 1060 290 1060 264 1069 151 1062 150 1062 149 1062 148 1062 148 1063 140 1069 131 1064 130 1064 129 1064 128 1064 113 1071 82 1067 81 1067 55 1072 56 1101"/></Shape>
	    <String CONTENT="tur? Idem Dauid pucros ſuos precari iußit Nabal, cum"
                    HPOS="55"
                    VPOS="1055"
                    WIDTH="828"
                    HEIGHT="63"
                    WC="0.9911886774576627"></String>
          </TextLine>
          <TextLine ID="eSc_line_ed24d2e2"
                    TAGREFS="LT767"
                    BASELINE="57 1150 883 1142" 
                    HPOS="56"
                    VPOS="1104"
                    WIDTH="827"
                    HEIGHT="61">
            <Shape><Polygon POINTS="57 1150 57 1165 881 1157 883 1142 881 1113 850 1104 849 1104 848 1104 847 1104 819 1113 818 1113 817 1113 799 1106 798 1106 797 1106 796 1106 779 1113 776 1115 694 1115 692 1114 674 1106 673 1106 672 1106 671 1106 670 1106 663 1112 619 1108 618 1108 617 1108 597 1114 593 1115 591 1114 580 1106 579 1106 578 1106 577 1106 576 1106 575 1106 566 1114 562 1116 538 1114 508 1112 507 1112 452 1115 403 1117 393 1115 366 1108 365 1108 323 1115 302 1119 279 1119 275 1115 270 1111 268 1111 267 1111 266 1111 173 1112 172 1112 163 1116 155 1120 132 1116 107 1112 106 1112 56 1116 57 1150"/></Shape>
	    <String CONTENT="iuberet illi dicere· Tibi pax &amp; pax domui tuæ, &amp; pax o¬"
                    HPOS="56"
                    VPOS="1104"
                    WIDTH="827"
                    HEIGHT="61"
                    WC="0.9879702990705317"></String>
          </TextLine>
          <TextLine ID="eSc_line_f4fa2f20"
                    TAGREFS="LT767"
                    BASELINE="56 1199 885 1191" 
                    HPOS="55"
                    VPOS="1154"
                    WIDTH="830"
                    HEIGHT="64">
            <Shape><Polygon POINTS="56 1199 56 1210 199 1218 200 1218 235 1210 259 1218 260 1218 261 1218 309 1208 417 1208 452 1216 453 1216 454 1216 455 1216 471 1206 518 1206 532 1215 533 1215 534 1215 535 1215 536 1215 553 1207 617 1206 631 1213 632 1213 633 1213 634 1213 660 1206 674 1214 675 1214 676 1214 716 1213 717 1213 738 1204 786 1212 787 1212 845 1206 853 1212 854 1212 855 1212 856 1212 857 1212 885 1201 885 1191 883 1164 801 1154 800 1154 799 1154 786 1162 769 1155 768 1155 716 1155 715 1155 714 1155 713 1155 701 1164 634 1159 633 1159 570 1166 513 1157 512 1157 464 1167 454 1158 453 1158 452 1158 430 1158 429 1158 428 1158 427 1158 415 1168 381 1168 369 1158 368 1158 366 1158 365 1158 364 1158 344 1169 307 1169 282 1159 281 1159 280 1159 279 1159 265 1167 247 1161 246 1161 244 1161 243 1161 242 1161 232 1169 119 1162 118 1162 117 1162 116 1162 107 1169 55 1171 56 1199"/></Shape>
	    <String CONTENT="mnibus quæ habes· Perinde eni hoc crat atq; ſi dixiſſent."
                    HPOS="55"
                    VPOS="1154"
                    WIDTH="830"
                    HEIGHT="64"
                    WC="0.9870620432652926"></String>
          </TextLine>
          <TextLine ID="eSc_line_dbfe3447"
                    TAGREFS="LT767"
                    BASELINE="59 1250 887 1241" 
                    HPOS="58"
                    VPOS="1204"
                    WIDTH="829"
                    HEIGHT="64">
            <Shape><Polygon POINTS="59 1250 59 1261 192 1260 197 1261 217 1268 218 1268 219 1268 221 1268 237 1261 242 1259 267 1261 321 1265 322 1265 323 1265 341 1260 353 1257 369 1260 397 1265 398 1265 422 1260 434 1257 469 1260 530 1264 531 1264 532 1264 542 1260 550 1255 566 1260 579 1263 580 1263 581 1263 582 1263 597 1260 617 1254 642 1259 658 1262 659 1262 687 1259 717 1255 722 1259 725 1262 726 1262 727 1262 728 1262 886 1257 887 1241 885 1213 837 1204 836 1204 795 1213 793 1214 653 1214 652 1214 642 1206 641 1206 640 1206 639 1206 638 1206 614 1214 609 1215 596 1214 520 1207 519 1207 518 1207 496 1215 491 1216 460 1215 336 1210 335 1210 306 1216 299 1217 289 1216 250 1211 249 1211 248 1211 247 1211 247 1212 240 1216 238 1219 177 1219 167 1217 152 1213 151 1213 150 1213 58 1217 59 1250"/></Shape>
	    <String CONTENT="Precamur, ut recte habeas, tu, domus tua, &amp; quæ poßi¬"
                    HPOS="58"
                    VPOS="1204"
                    WIDTH="829"
                    HEIGHT="64"
                    WC="0.9991710287220074"></String>
          </TextLine>
          <TextLine ID="eSc_line_3a69a954"
                    TAGREFS="LT767"
                    BASELINE="58 1297 890 1292" 
                    HPOS="57"
                    VPOS="1254"
                    WIDTH="833"
                    HEIGHT="62">
            <Shape><Polygon POINTS="58 1297 58 1311 102 1316 103 1316 133 1311 149 1309 163 1311 190 1316 191 1316 241 1311 276 1307 284 1311 293 1315 295 1315 296 1315 297 1315 298 1315 302 1311 306 1307 313 1311 316 1312 317 1312 319 1312 340 1311 413 1306 432 1311 447 1314 448 1314 449 1314 456 1311 464 1306 470 1311 474 1314 475 1314 476 1314 477 1315 524 1315 524 1314 525 1314 526 1314 529 1311 533 1307 544 1311 554 1314 555 1314 556 1314 599 1311 661 1305 674 1311 680 1313 681 1313 682 1314 721 1314 721 1313 722 1313 723 1313 723 1312 725 1311 732 1304 791 1304 801 1311 804 1312 805 1312 806 1312 807 1312 814 1311 838 1304 889 1310 890 1292 889 1263 875 1256 874 1256 873 1256 872 1256 852 1263 844 1265 824 1263 752 1254 751 1254 750 1254 749 1254 739 1263 737 1264 731 1263 689 1255 688 1255 687 1255 685 1255 676 1263 671 1267 540 1267 534 1264 526 1256 525 1256 524 1256 500 1256 499 1256 498 1256 497 1256 487 1264 486 1264 469 1256 468 1256 422 1256 421 1256 420 1256 393 1263 361 1257 360 1257 359 1257 358 1257 351 1264 350 1264 347 1264 281 1257 280 1257 279 1257 261 1264 250 1268 215 1264 192 1262 191 1262 190 1262 184 1264 173 1270 117 1270 106 1264 92 1259 91 1259 90 1259 57 1264 58 1297"/></Shape>
	    <String CONTENT="des. Proinde Paulus Epheſijs, ut &amp; alijs dum gra¬"
                    HPOS="57"
                    VPOS="1254"
                    WIDTH="833"
                    HEIGHT="62"
                    WC="0.972912390621341"></String>
          </TextLine>
          <TextLine ID="eSc_line_d8b3704f"
                    TAGREFS="LT767"
                    BASELINE="60 1348 896 1341" 
                    HPOS="59"
                    VPOS="1304"
                    WIDTH="837"
                    HEIGHT="63">
            <Shape><Polygon POINTS="60 1348 60 1367 112 1361 160 1367 161 1367 162 1367 179 1360 191 1366 192 1366 193 1366 226 1360 258 1366 259 1366 260 1366 261 1366 267 1362 273 1366 274 1366 275 1366 276 1366 335 1365 336 1365 350 1359 369 1365 370 1365 371 1365 372 1365 373 1365 381 1359 410 1363 411 1363 412 1363 413 1363 420 1358 449 1364 450 1364 573 1363 574 1363 575 1363 582 1356 594 1362 595 1362 596 1362 665 1355 766 1360 767 1360 768 1360 783 1354 895 1361 896 1341 894 1306 875 1304 874 1304 873 1304 869 1306 855 1313 843 1306 837 1304 836 1304 795 1304 794 1304 793 1304 792 1304 787 1307 779 1313 759 1309 744 1305 743 1305 742 1305 734 1309 724 1314 715 1310 713 1309 712 1309 710 1309 704 1310 681 1314 661 1310 642 1306 641 1306 640 1306 631 1311 624 1315 609 1311 593 1306 592 1306 591 1306 568 1312 554 1315 545 1312 529 1307 528 1307 527 1307 488 1313 481 1307 480 1307 479 1307 421 1307 420 1307 419 1307 418 1307 409 1315 405 1317 334 1316 201 1314 200 1314 154 1319 152 1319 150 1319 83 1311 82 1311 81 1311 59 1319 60 1348"/></Shape>
	    <String CONTENT="tiam &amp; pacem precatus est, optauit, ut beneuolentia Dei"
                    HPOS="59"
                    VPOS="1304"
                    WIDTH="837"
                    HEIGHT="63"
                    WC="0.990516932444139"></String>
          </TextLine>
          <TextLine ID="eSc_line_7a3cdbe6"
                    TAGREFS="LT767"
                    BASELINE="63 1399 893 1391" 
                    HPOS="62"
                    VPOS="1355"
                    WIDTH="831"
                    HEIGHT="62">
            <Shape><Polygon POINTS="63 1399 63 1410 129 1417 130 1417 204 1409 207 1409 208 1409 216 1416 217 1416 218 1416 219 1417 242 1417 242 1416 243 1416 267 1408 270 1408 271 1408 280 1414 281 1414 282 1414 283 1414 348 1408 349 1408 350 1408 372 1414 373 1414 374 1414 405 1407 407 1407 418 1414 419 1414 420 1414 421 1414 458 1408 475 1414 476 1414 477 1414 548 1413 549 1413 578 1404 581 1404 583 1404 598 1411 599 1411 600 1411 601 1411 620 1404 622 1404 629 1404 729 1411 730 1411 731 1411 751 1403 752 1403 754 1403 830 1410 831 1410 892 1401 893 1391 891 1364 826 1355 825 1355 782 1364 732 1356 731 1356 730 1356 715 1365 562 1366 543 1359 542 1359 541 1359 540 1359 511 1366 479 1359 478 1359 477 1359 453 1367 375 1361 374 1361 342 1368 332 1361 331 1361 330 1361 280 1361 279 1361 278 1361 277 1361 262 1369 120 1363 119 1363 118 1363 117 1363 107 1369 86 1364 85 1364 84 1364 83 1364 62 1371 63 1399"/></Shape>
	    <String CONTENT="&amp; fauore, ac inde uera proſperitate rerumq; beato ſuc¬"
                    HPOS="62"
                    VPOS="1355"
                    WIDTH="831"
                    HEIGHT="62"
                    WC="0.9983237485090891"></String>
          </TextLine>
          <TextLine ID="eSc_line_52d0591e"
                    TAGREFS="LT767"
                    BASELINE="62 1446 893 1440" 
                    HPOS="61"
                    VPOS="1405"
                    WIDTH="832"
                    HEIGHT="62">
            <Shape><Polygon POINTS="62 1446 62 1467 106 1466 107 1466 123 1459 137 1466 138 1466 139 1466 140 1466 166 1458 224 1458 308 1458 315 1463 316 1463 317 1463 319 1463 320 1463 340 1457 349 1464 350 1464 351 1464 352 1464 353 1464 393 1457 440 1463 448 1464 449 1464 469 1463 549 1458 583 1462 596 1463 597 1463 598 1463 601 1462 617 1454 680 1454 705 1460 714 1462 715 1462 751 1461 752 1461 753 1461 753 1460 754 1460 762 1453 786 1460 794 1461 795 1461 806 1459 840 1453 891 1458 893 1440 890 1405 571 1413 567 1410 561 1405 560 1405 559 1405 477 1405 476 1405 475 1405 455 1412 447 1414 438 1412 420 1407 419 1407 377 1407 376 1407 375 1407 359 1413 357 1414 355 1413 347 1408 346 1408 345 1408 286 1408 285 1408 284 1408 259 1415 256 1415 247 1415 155 1409 154 1409 153 1409 152 1409 141 1416 107 1409 106 1409 105 1409 104 1409 94 1417 61 1417 62 1446"/></Shape>
	    <String CONTENT="ceßu fruerentur. Ac ſi dixiſſet: Dignetur nos Deus pater"
                    HPOS="61"
                    VPOS="1405"
                    WIDTH="832"
                    HEIGHT="62"
                    WC="0.9835999011993408"></String>
          </TextLine>
          <TextLine ID="eSc_line_8fd81d79"
                    TAGREFS="LT767"
                    BASELINE="63 1495 415 1497 894 1490" 
                    HPOS="62"
                    VPOS="1452"
                    WIDTH="832"
                    HEIGHT="72">
            <Shape><Polygon POINTS="63 1495 63 1523 87 1523 88 1523 89 1523 103 1514 133 1514 146 1523 148 1523 149 1523 150 1524 166 1524 166 1523 167 1523 169 1522 197 1513 241 1519 242 1519 243 1519 268 1513 284 1520 288 1522 289 1522 290 1522 291 1522 298 1520 311 1515 319 1520 320 1520 321 1520 322 1520 326 1519 348 1515 391 1518 408 1519 409 1519 410 1519 411 1519 412 1518 424 1511 522 1511 531 1515 538 1519 540 1519 596 1520 597 1520 893 1508 894 1490 890 1452 862 1461 837 1453 836 1453 745 1453 744 1453 743 1453 740 1454 728 1460 718 1455 716 1454 715 1454 714 1454 704 1455 671 1460 638 1457 616 1454 615 1454 614 1454 612 1454 609 1457 604 1461 594 1458 589 1455 587 1455 586 1455 569 1458 532 1463 507 1459 504 1459 503 1459 498 1459 461 1464 452 1460 450 1459 449 1459 448 1459 438 1460 415 1464 407 1461 403 1459 402 1459 401 1459 372 1461 339 1464 335 1462 329 1458 328 1458 327 1458 284 1458 283 1458 282 1458 281 1458 274 1463 270 1466 135 1466 132 1465 115 1460 114 1460 113 1460 62 1466 63 1495"/></Shape>
	    <String CONTENT="et Dominus noſter IESVS Chriſtus, ſua dilectione"
                    HPOS="62"
                    VPOS="1452"
                    WIDTH="832"
                    HEIGHT="72"></String>
          </TextLine>
          <TextLine ID="eSc_line_d74957b3"
                    TAGREFS="LT767"
                    BASELINE="749 1545 890 1541" 
                    HPOS="747"
                    VPOS="1499"
                    WIDTH="143"
                    HEIGHT="78">
            <Shape><Polygon POINTS="749 1545 749 1574 774 1577 775 1577 776 1577 777 1577 777 1576 781 1573 786 1569 810 1569 823 1571 853 1575 854 1575 890 1567 890 1541 888 1510 840 1509 819 1499 818 1499 817 1499 747 1510 749 1545"/></Shape>
	    <String CONTENT="&amp; fauo¬"
                    HPOS="747"
                    VPOS="1499"
                    WIDTH="143"
                    HEIGHT="78"
                    WC="0.992207944393158"></String>
          </TextLine>
        </TextBlock>
      </PrintSpace>
    </Page>
  </Layout>
</alto>
