<?xml version="1.0" encoding="UTF-8"?>
<alto xmlns:xsi="http://www.w3.org/2001/XMLSchema-instance"
      xmlns="http://www.loc.gov/standards/alto/ns-v4#"
      xsi:schemaLocation="http://www.loc.gov/standards/alto/ns-v4# http://www.loc.gov/standards/alto/v4/alto-4-2.xsd">
  <Description>
    <MeasurementUnit>pixel</MeasurementUnit>
    <sourceImageInformation>
      <fileName>bsb00035303_00057.jpg</fileName>
    </sourceImageInformation>
  </Description>
  <Tags>
    <OtherTag ID="BT7" LABEL="CustomZone" DESCRIPTION="block type CustomZone"/><OtherTag ID="BT10" LABEL="DropCapitalZone" DESCRIPTION="block type DropCapitalZone"/><OtherTag ID="BT11" LABEL="GraphicZone" DESCRIPTION="block type GraphicZone"/><OtherTag ID="BT12" LABEL="MainZone" DESCRIPTION="block type MainZone"/><OtherTag ID="BT13" LABEL="MarginTextZone" DESCRIPTION="block type MarginTextZone"/><OtherTag ID="BT15" LABEL="NumberingZone" DESCRIPTION="block type NumberingZone"/><OtherTag ID="BT17" LABEL="QuireMarksZone" DESCRIPTION="block type QuireMarksZone"/><OtherTag ID="BT18" LABEL="RunningTitleZone" DESCRIPTION="block type RunningTitleZone"/><OtherTag ID="BT22" LABEL="TitlePageZone" DESCRIPTION="block type TitlePageZone"/><OtherTag ID="BT985" LABEL="MainZone-Other" DESCRIPTION="block type MainZone-Other"/><OtherTag ID="BT986" LABEL="MainZone-Signature" DESCRIPTION="block type MainZone-Signature"/><OtherTag ID="BT987" LABEL="MainZone-Head" DESCRIPTION="block type MainZone-Head"/><OtherTag ID="BT988" LABEL="MainZone-P" DESCRIPTION="block type MainZone-P"/><OtherTag ID="BT989" LABEL="MainZone-P-Continued" DESCRIPTION="block type MainZone-P-Continued"/><OtherTag ID="BT990" LABEL="MarginTextZone-Notes" DESCRIPTION="block type MarginTextZone-Notes"/><OtherTag ID="BT991" LABEL="MainZone-Lg" DESCRIPTION="block type MainZone-Lg"/><OtherTag ID="BT1884" LABEL="MainZone-Sp" DESCRIPTION="block type MainZone-Sp"/><OtherTag ID="BT1885" LABEL="MainZone-Entry" DESCRIPTION="block type MainZone-Entry"/><OtherTag ID="BT1886" LABEL="MainZone-Sp-Continued" DESCRIPTION="block type MainZone-Sp-Continued"/><OtherTag ID="BT2601" LABEL="text" DESCRIPTION="block type text"/>
    <OtherTag ID="LT7" LABEL="CustomLine" DESCRIPTION="line type CustomLine"/><OtherTag ID="LT8" LABEL="DefaultLine" DESCRIPTION="line type DefaultLine"/><OtherTag ID="LT9" LABEL="DropCapitalLine" DESCRIPTION="line type DropCapitalLine"/><OtherTag ID="LT10" LABEL="HeadingLine" DESCRIPTION="line type HeadingLine"/><OtherTag ID="LT11" LABEL="InterlinearLine" DESCRIPTION="line type InterlinearLine"/><OtherTag ID="LT12" LABEL="MusicLine" DESCRIPTION="line type MusicLine"/><OtherTag ID="LT767" LABEL="default" DESCRIPTION="line type default"/>
  </Tags>
  <Layout>
    <Page WIDTH="1128"
          HEIGHT="1876"
          PHYSICAL_IMG_NR="56"
          ID="eSc_dummypage_">
      <PrintSpace HPOS="0"
                  VPOS="0"
                  WIDTH="1128"
                  HEIGHT="1876">
        <TextBlock HPOS="99"
                   VPOS="135"
                   WIDTH="709"
                   HEIGHT="49"
                   ID="eSc_textblock_32831b4e"
                   TAGREFS="BT18">
          <Shape><Polygon POINTS="99 135 99 184 808 184 808 135"/></Shape>
          <TextLine ID="eSc_line_5ed6e8d9"
                    TAGREFS="LT767"
                    BASELINE="101 168 807 177" 
                    HPOS="100"
                    VPOS="131"
                    WIDTH="707"
                    HEIGHT="61">
            <Shape><Polygon POINTS="799 146 789 146 778 146 768 145 757 145 747 145 737 144 726 144 716 144 705 144 695 143 684 143 674 143 664 143 653 142 643 142 632 142 622 142 611 141 601 141 591 141 580 141 570 140 559 140 549 140 538 139 528 139 518 139 507 139 497 138 486 138 476 138 466 138 455 137 445 137 444 137 434 137 424 137 413 136 403 136 393 136 385 136 375 137 365 137 354 136 328 134 320 134 309 134 299 133 288 133 278 133 267 133 260 132 244 135 243 135 242 135 232 132 226 132 215 131 205 131 194 131 192 131 101 133 101 168 100 180 190 185 191 185 192 185 204 181 211 179 271 179 277 181 289 187 290 187 291 188 340 188 340 187 341 187 355 182 360 180 361 182 368 187 368 188 369 188 370 188 371 189 426 189 426 188 427 188 442 182 447 181 452 182 469 188 470 188 471 188 472 188 486 184 543 190 544 190 601 183 606 183 612 183 665 191 666 191 667 191 690 184 691 184 692 184 731 192 732 192 806 184 807 177 806 146 799 146"/></Shape>
	    <String CONTENT="M. BVCERI COMMENTARIVS."
                    HPOS="100"
                    VPOS="131"
                    WIDTH="707"
                    HEIGHT="61"
                    WC="0.9996693315713302"></String>
          </TextLine>
        </TextBlock>
        <TextBlock HPOS="831"
                   VPOS="135"
                   WIDTH="62"
                   HEIGHT="56"
                   ID="eSc_textblock_38e6209e"
                   TAGREFS="BT15">
          <Shape><Polygon POINTS="831 135 831 191 893 191 893 135"/></Shape>
          <TextLine ID="eSc_line_bc0f5cf2"
                    TAGREFS="LT767"
                    BASELINE="830 178 890 178" 
                    HPOS="830"
                    VPOS="147"
                    WIDTH="60"
                    HEIGHT="46">
            <Shape><Polygon POINTS="862 149 852 147 850 147 841 147 830 147 830 178 830 185 864 193 865 193 890 188 890 178 890 150 870 149 862 149"/></Shape>
	    <String CONTENT="29"
                    HPOS="830"
                    VPOS="147"
                    WIDTH="60"
                    HEIGHT="46"
                    WC="0.999997079372406"></String>
          </TextLine>
        </TextBlock>
        <TextBlock HPOS="54"
                   VPOS="207"
                   WIDTH="846"
                   HEIGHT="1341"
                   ID="eSc_textblock_9c10e032"
                   TAGREFS="BT989">
          <Shape><Polygon POINTS="54 207 54 1548 900 1548 900 207"/></Shape>
          <TextLine ID="eSc_line_3146d964"
                    TAGREFS="LT767"
                    BASELINE="54 233 892 243" 
                    HPOS="53"
                    VPOS="193"
                    WIDTH="839"
                    HEIGHT="69">
            <Shape><Polygon POINTS="54 233 53 251 103 253 104 253 105 253 106 253 107 252 116 245 136 245 201 253 209 254 210 254 211 254 212 254 222 249 248 253 249 253 299 248 352 255 353 255 380 250 399 256 402 257 403 257 404 257 412 256 454 250 471 257 472 257 473 257 521 258 522 258 525 258 554 251 578 258 580 259 581 259 582 259 587 259 623 252 638 259 640 260 641 260 642 260 643 260 645 259 660 253 667 258 668 258 669 258 670 258 722 253 740 261 742 261 743 261 744 261 750 261 804 254 890 262 892 243 892 208 806 203 805 203 787 207 776 209 769 207 757 202 756 202 755 202 734 206 731 207 728 206 713 201 712 201 710 201 709 201 708 201 701 206 698 209 652 209 646 206 630 200 629 200 628 200 577 205 558 207 554 205 545 200 544 200 543 200 542 200 531 205 525 200 524 200 523 200 522 200 473 203 456 198 455 198 454 198 414 204 406 205 401 204 375 196 374 196 373 196 334 204 329 204 317 203 221 194 219 194 143 202 140 202 127 193 126 193 125 193 124 193 123 193 106 202 60 202 56 208"/></Shape>
	    <String CONTENT="ponimus, ſed ea meritis et inuitis eripitur. Cuius deniq;"
                    HPOS="53"
                    VPOS="193"
                    WIDTH="839"
                    HEIGHT="69"
                    WC="0.983737471856569"></String>
          </TextLine>
          <TextLine ID="eSc_line_522ebcc2"
                    TAGREFS="LT767"
                    BASELINE="53 282 896 292" 
                    HPOS="52"
                    VPOS="249"
                    WIDTH="844"
                    HEIGHT="61">
            <Shape><Polygon POINTS="53 282 52 292 150 301 151 301 204 295 212 295 219 297 257 302 258 302 288 298 298 297 305 298 325 303 326 303 327 303 459 301 558 300 566 303 572 306 573 306 574 306 620 304 676 302 697 306 705 307 706 307 707 307 712 306 725 302 747 307 755 308 756 308 767 307 801 303 811 308 812 309 813 309 814 309 815 310 895 310 896 292 896 265 807 256 806 256 805 256 789 261 774 257 773 257 772 257 771 257 770 257 763 263 762 263 759 263 714 257 713 257 712 257 710 257 704 262 703 262 644 254 643 254 642 254 623 261 620 261 475 252 474 252 433 259 431 259 429 259 390 251 389 251 349 258 347 258 345 258 306 250 305 250 250 257 246 257 243 257 223 249 222 249 221 249 219 249 192 256 191 256 53 255 53 282"/></Shape>
	    <String CONTENT="amore, mille modis, uoluntati Dei repugnamus. At Domi"
                    HPOS="52"
                    VPOS="249"
                    WIDTH="844"
                    HEIGHT="61"
                    WC="0.9979520518824739"></String>
          </TextLine>
          <TextLine ID="eSc_line_e9328a0a"
                    TAGREFS="LT767"
                    BASELINE="53 332 896 341" 
                    HPOS="52"
                    VPOS="295"
                    WIDTH="844"
                    HEIGHT="64">
            <Shape><Polygon POINTS="52 344 63 352 64 352 65 352 66 352 222 347 238 347 251 348 334 355 335 355 400 350 423 349 427 351 434 354 435 354 436 354 477 352 509 350 515 352 520 356 521 356 522 356 523 356 541 353 552 351 558 353 568 357 569 357 570 357 651 355 731 353 742 357 746 358 747 358 748 358 749 358 750 358 751 357 757 353 800 353 894 359 896 341 896 312 874 304 873 304 872 304 871 304 853 311 852 312 806 312 796 310 749 303 748 303 724 308 717 310 715 308 706 302 705 302 704 302 703 302 702 302 679 308 672 310 616 310 601 306 576 301 575 301 545 305 522 308 461 303 401 299 400 299 399 299 388 302 378 305 362 302 350 299 349 299 348 299 342 301 333 306 278 306 249 299 235 297 234 297 221 299 189 304 157 298 146 295 145 295 131 297 76 303 54 295 53 332 52 344"/></Shape>
	    <String CONTENT="nus Ieſus declarauit ſe patrẽ uere diligere, ad cuius manda"
                    HPOS="52"
                    VPOS="295"
                    WIDTH="844"
                    HEIGHT="64"
                    WC="0.9840288907289505"></String>
          </TextLine>
          <TextLine ID="eSc_line_7bd677ce"
                    TAGREFS="LT767"
                    BASELINE="53 381 846 389" 
                    HPOS="52"
                    VPOS="346"
                    WIDTH="794"
                    HEIGHT="62">
            <Shape><Polygon POINTS="53 381 52 397 58 402 59 402 60 402 61 402 150 396 151 396 152 396 187 403 188 403 418 399 464 406 466 406 467 406 482 401 570 407 571 407 615 402 649 408 650 408 845 402 846 389 845 361 815 355 814 355 813 355 800 360 791 353 790 353 789 353 788 353 787 353 765 358 746 352 745 352 699 352 698 352 697 352 696 352 687 358 673 352 672 352 671 352 670 352 651 359 649 359 624 359 624 358 615 351 614 351 612 351 611 351 573 358 569 358 474 358 471 357 434 349 433 349 432 349 404 356 403 356 380 349 379 349 378 349 377 349 359 356 358 356 356 356 342 350 341 350 340 350 283 355 277 355 275 355 252 347 251 347 207 347 206 347 205 347 188 354 187 355 163 355 162 354 153 346 152 346 151 346 150 346 149 346 134 353 53 353 53 381"/></Shape>
	    <String CONTENT="tum ultro ſeſc morti obtulit, cui prorſus nihil debebat·"
                    HPOS="52"
                    VPOS="346"
                    WIDTH="794"
                    HEIGHT="62"></String>
          </TextLine>
          <TextLine ID="eSc_line_c08ddab3"
                    TAGREFS="LT767"
                    BASELINE="96 433 891 442" 
                    HPOS="95"
                    VPOS="395"
                    WIDTH="796"
                    HEIGHT="64">
            <Shape><Polygon POINTS="96 433 95 442 161 443 161 445 184 452 185 452 186 452 263 446 272 446 282 447 361 454 362 454 363 454 379 449 429 454 430 454 498 450 521 449 526 451 541 456 542 456 543 456 616 452 639 451 643 452 653 457 654 457 722 458 723 458 724 458 738 454 746 452 768 454 806 459 807 459 836 456 859 453 889 456 891 442 891 412 872 403 871 403 834 403 832 403 831 403 811 412 810 412 792 407 791 407 790 407 723 411 716 411 715 411 692 401 691 401 690 401 689 401 668 410 668 411 640 411 639 410 614 400 612 400 611 400 549 403 548 403 547 403 540 409 538 409 478 409 477 408 444 398 443 398 380 398 379 398 378 398 351 405 335 397 334 397 311 397 310 397 309 397 308 397 297 406 296 407 276 407 275 406 249 396 248 396 247 396 246 396 228 404 210 396 209 396 208 396 207 396 206 396 193 404 151 404 144 404 126 395 125 395 124 395 123 395 96 403 96 433"/></Shape>
	    <String CONTENT="Hoc admirandum illud Dei conſilium ſuper nos fuit,"
                    HPOS="95"
                    VPOS="395"
                    WIDTH="796"
                    HEIGHT="64"
                    WC="0.9879965698719024"></String>
          </TextLine>
          <TextLine ID="eSc_line_ce32fc7e"
                    TAGREFS="LT767"
                    BASELINE="55 481 892 490" 
                    HPOS="54"
                    VPOS="449"
                    WIDTH="838"
                    HEIGHT="61">
            <Shape><Polygon POINTS="55 481 54 496 80 501 81 501 101 497 112 495 117 498 126 502 127 502 128 502 129 502 144 498 154 496 184 499 222 502 223 502 244 500 267 497 277 500 287 504 288 504 289 504 306 501 323 497 339 501 344 502 345 502 346 502 356 501 385 499 393 502 400 505 401 505 402 505 403 505 411 502 423 499 451 503 460 504 461 504 472 503 512 500 523 504 525 505 526 505 527 505 534 504 569 500 599 506 614 508 615 509 661 509 661 508 663 508 666 507 680 501 696 507 697 507 698 507 699 507 726 502 753 508 755 508 756 508 757 508 758 508 767 503 800 509 808 510 810 510 817 509 856 503 890 510 892 490 891 463 852 456 851 456 816 462 808 463 806 462 798 455 797 455 796 455 771 455 770 455 769 455 768 455 759 461 757 463 723 463 719 461 699 454 698 454 697 454 696 454 675 461 672 461 666 460 614 453 612 453 611 453 584 460 581 460 575 460 541 455 540 455 538 455 537 455 532 459 530 460 448 460 446 458 428 451 427 451 426 451 425 451 397 458 395 458 388 458 327 452 326 452 217 456 209 456 195 450 194 450 193 450 156 456 151 456 145 455 112 449 111 449 110 449 96 455 95 455 85 450 84 450 83 450 55 454 55 481"/></Shape>
	    <String CONTENT="et cogitationes, quæ omnẽ narrationẽ ſuperant, de quib·"
                    HPOS="54"
                    VPOS="449"
                    WIDTH="838"
                    HEIGHT="61"
                    WC="0.9751261347218564"></String>
          </TextLine>
          <TextLine ID="eSc_line_c866055f"
                    TAGREFS="LT767"
                    BASELINE="56 531 895 540" 
                    HPOS="56"
                    VPOS="497"
                    WIDTH="839"
                    HEIGHT="61">
            <Shape><Polygon POINTS="56 531 56 549 129 544 145 550 149 551 150 551 151 551 167 550 241 545 316 545 330 551 335 553 336 553 337 553 353 551 379 548 418 552 445 554 446 554 464 552 498 548 573 553 616 555 617 555 669 553 703 552 706 553 712 557 713 557 714 557 715 557 747 554 773 551 795 554 824 558 825 558 894 554 895 540 895 512 874 505 873 505 872 505 736 510 710 511 702 510 666 503 665 503 626 509 617 510 610 509 597 505 596 505 595 505 571 508 570 508 569 508 561 502 560 502 559 502 558 502 532 507 523 509 500 507 429 500 428 500 427 500 404 506 398 507 393 505 377 500 376 500 375 500 340 504 321 499 320 499 319 499 317 499 307 504 303 506 153 506 142 502 129 497 128 497 127 497 56 500 56 531"/></Shape>
	    <String CONTENT="pſalmus 40· canit: Mirabilia tua Domine Deus, multa fe¬"
                    HPOS="56"
                    VPOS="497"
                    WIDTH="839"
                    HEIGHT="61"
                    WC="0.9931904370134527"></String>
          </TextLine>
          <TextLine ID="eSc_line_f71eccfa"
                    TAGREFS="LT767"
                    BASELINE="53 582 897 590" 
                    HPOS="52"
                    VPOS="547"
                    WIDTH="845"
                    HEIGHT="64">
            <Shape><Polygon POINTS="53 582 52 595 89 604 90 604 91 604 110 597 124 604 125 604 126 604 151 599 160 605 161 605 162 605 163 605 226 598 263 606 264 606 340 599 369 607 370 607 371 608 440 608 440 607 442 607 467 600 474 606 474 607 475 607 476 607 477 607 478 607 502 601 511 608 512 608 513 608 515 609 552 609 552 608 553 608 578 601 585 606 586 606 587 606 589 606 635 602 666 609 667 609 668 609 669 609 670 609 681 602 733 602 757 610 758 610 759 610 761 610 791 603 865 611 866 611 867 611 896 603 897 590 897 554 857 554 856 554 855 554 854 554 840 562 800 562 781 554 779 553 778 553 777 553 772 554 744 560 713 554 706 553 705 553 704 553 701 554 681 561 593 561 580 554 574 551 573 551 572 551 535 554 477 559 422 558 412 554 400 550 399 550 398 550 369 554 349 557 337 554 326 551 325 551 324 551 260 554 241 555 233 554 186 548 185 548 184 548 169 554 165 556 150 554 86 547 85 547 53 554 53 582"/></Shape>
	    <String CONTENT="cisti, cogitationes tuæ ſuper nos, plures apud te ſunt, quã"
                    HPOS="52"
                    VPOS="547"
                    WIDTH="845"
                    HEIGHT="64"
                    WC="0.9938971132040024"></String>
          </TextLine>
          <TextLine ID="eSc_line_dd38d938"
                    TAGREFS="LT767"
                    BASELINE="55 631 894 639" 
                    HPOS="55"
                    VPOS="598"
                    WIDTH="839"
                    HEIGHT="60">
            <Shape><Polygon POINTS="55 631 55 650 140 644 155 650 159 652 160 652 161 653 210 653 210 652 211 652 212 652 214 650 223 645 257 645 264 650 267 653 268 653 270 653 271 653 300 650 327 648 332 650 335 653 336 653 337 653 338 653 378 650 404 649 421 650 455 654 456 654 457 654 458 654 462 650 469 647 499 650 523 653 524 653 706 652 715 657 716 657 717 657 718 658 718 657 719 657 720 657 727 652 747 657 748 657 749 657 788 652 800 658 801 658 802 658 893 650 894 639 891 606 872 613 819 613 806 606 804 605 803 605 802 605 801 605 798 606 779 611 700 606 699 606 698 606 683 611 656 605 648 604 647 604 639 605 619 610 611 605 608 603 607 603 606 603 605 603 567 605 524 608 519 605 515 602 513 602 512 602 511 602 510 602 509 602 504 605 498 609 472 605 455 603 454 603 424 605 384 608 362 608 359 605 353 600 352 600 351 600 291 600 290 600 289 600 288 600 282 605 280 607 270 605 242 599 185 599 184 599 183 599 164 605 159 606 152 605 119 598 118 598 117 598 105 604 91 598 90 598 89 598 55 604 55 631"/></Shape>
	    <String CONTENT="earum poßit ordo statui, quantumuis narrem &amp; loquar"
                    HPOS="55"
                    VPOS="598"
                    WIDTH="839"
                    HEIGHT="60"
                    WC="0.9946886265979094"></String>
          </TextLine>
          <TextLine ID="eSc_line_a1411e29"
                    TAGREFS="LT767"
                    BASELINE="55 681 896 689" 
                    HPOS="54"
                    VPOS="646"
                    WIDTH="842"
                    HEIGHT="62">
            <Shape><Polygon POINTS="55 681 54 692 111 694 121 701 123 701 124 701 125 701 180 695 194 702 195 702 197 702 256 695 259 695 260 695 268 701 270 701 271 701 272 701 299 696 308 703 309 703 310 703 311 703 312 703 336 697 371 704 372 704 432 703 433 703 446 698 448 697 460 698 517 703 518 703 548 699 550 699 552 699 580 706 581 706 582 706 655 705 656 705 657 705 664 700 666 700 684 707 685 707 687 707 688 707 701 701 703 700 705 701 718 707 719 707 720 707 754 702 761 701 767 702 797 708 798 708 895 703 896 689 896 662 869 655 868 655 867 655 827 661 799 653 798 653 797 653 796 653 780 660 770 652 769 652 768 652 742 652 741 652 740 652 739 652 727 661 688 661 579 650 578 650 577 650 557 658 505 653 504 653 477 658 433 649 407 649 406 649 405 649 404 649 393 657 304 657 292 648 291 648 290 648 289 648 246 656 160 656 137 646 136 646 71 646 70 646 69 646 55 653 55 681"/></Shape>
	    <String CONTENT="de illis, enarrari non poſſunt· Sacrificium &amp; oblationem"
                    HPOS="54"
                    VPOS="646"
                    WIDTH="842"
                    HEIGHT="62"></String>
          </TextLine>
          <TextLine ID="eSc_line_25d20d78"
                    TAGREFS="LT767"
                    BASELINE="54 732 895 739" 
                    HPOS="53"
                    VPOS="697"
                    WIDTH="842"
                    HEIGHT="63">
            <Shape><Polygon POINTS="54 732 53 744 105 745 115 753 116 753 117 753 118 753 119 753 142 746 225 754 226 754 285 747 322 755 323 755 389 750 413 756 414 756 415 756 417 756 436 749 462 756 463 756 464 756 499 749 548 755 549 755 579 751 587 757 589 757 590 757 591 757 620 751 630 756 631 756 632 756 753 751 774 759 775 759 776 760 853 760 853 759 854 759 855 759 867 752 894 752 895 739 894 712 856 712 855 711 841 704 840 704 839 704 838 704 811 711 807 711 802 711 772 706 771 706 646 709 623 709 622 709 610 700 609 700 608 700 607 700 583 704 522 699 413 699 412 699 411 699 410 699 399 706 398 707 395 706 370 699 369 699 368 699 366 699 354 706 351 707 273 706 272 705 261 697 260 697 259 697 223 697 222 697 221 697 219 697 209 704 194 697 193 697 192 697 141 702 131 698 130 698 129 698 128 698 114 703 109 705 54 703 54 732"/></Shape>
	    <String CONTENT="non probasti, aures perfodiſti mihi (nimirum ut perpe¬"
                    HPOS="53"
                    VPOS="697"
                    WIDTH="842"
                    HEIGHT="63"
                    WC="0.9909840446931345"></String>
          </TextLine>
          <TextLine ID="eSc_line_b604f393"
                    TAGREFS="LT767"
                    BASELINE="54 782 895 790" 
                    HPOS="53"
                    VPOS="748"
                    WIDTH="842"
                    HEIGHT="62">
            <Shape><Polygon POINTS="54 782 53 794 67 802 68 802 69 802 70 802 89 795 168 802 169 802 217 796 236 804 237 804 238 804 285 799 293 805 295 805 296 805 297 805 298 805 327 798 336 804 337 804 338 804 339 804 373 798 396 805 397 805 398 805 399 805 414 797 420 797 479 803 480 803 481 803 482 803 488 798 489 798 518 804 519 804 520 804 521 804 526 800 533 806 534 806 535 806 536 806 562 802 574 807 575 807 576 807 623 802 681 808 682 808 736 801 737 801 775 809 776 810 823 810 823 809 824 809 838 803 863 809 864 809 865 809 894 802 895 790 893 755 823 761 731 754 730 754 677 760 607 759 591 752 590 752 589 752 587 752 585 752 556 759 527 752 524 751 523 751 522 751 510 751 414 758 337 750 333 750 332 750 331 750 310 756 268 749 263 749 262 749 261 749 260 749 239 756 210 751 209 751 184 756 149 748 144 748 87 748 86 748 85 748 84 748 78 753 54 748 54 782"/></Shape>
	    <String CONTENT="tuò domi tuæ ſeruirem, tuæ uoluntati, quantus quantus"
                    HPOS="53"
                    VPOS="748"
                    WIDTH="842"
                    HEIGHT="62"
                    WC="0.9992587356655686"></String>
          </TextLine>
          <TextLine ID="eSc_line_af569e2e"
                    TAGREFS="LT767"
                    BASELINE="56 832 894 838" 
                    HPOS="56"
                    VPOS="795"
                    WIDTH="838"
                    HEIGHT="62">
            <Shape><Polygon POINTS="56 832 57 851 84 845 132 845 150 851 151 851 152 851 153 851 154 851 165 845 247 845 258 851 262 853 263 853 264 853 265 853 271 851 283 846 316 846 328 851 334 854 335 854 336 855 379 855 379 854 380 854 386 851 394 847 407 851 418 854 419 854 420 854 443 851 463 848 483 851 510 855 511 856 581 856 581 855 582 855 596 851 605 848 609 851 616 856 617 856 618 856 619 856 754 851 756 851 758 851 845 857 846 857 893 850 894 838 894 810 855 800 854 800 853 800 802 809 797 809 773 809 772 808 754 799 753 799 752 799 751 799 726 806 703 799 702 799 701 799 700 799 683 807 681 808 505 808 499 805 475 797 474 797 417 797 415 797 414 797 396 804 390 806 384 804 360 797 359 797 358 797 357 797 336 803 276 796 275 796 274 796 260 803 255 805 237 803 185 795 163 795 162 795 161 795 149 802 143 804 133 801 119 798 118 798 117 798 116 798 108 801 102 804 95 801 82 795 81 795 80 795 56 800 56 832"/></Shape>
	    <String CONTENT="ſum addictus, ſicut ſeruis fiebat, quos iuuabat heris ſuis"
                    HPOS="56"
                    VPOS="795"
                    WIDTH="838"
                    HEIGHT="62"
                    WC="0.985697989833766"></String>
          </TextLine>
          <TextLine ID="eSc_line_15419c46"
                    TAGREFS="LT767"
                    BASELINE="56 881 896 890" 
                    HPOS="55"
                    VPOS="847"
                    WIDTH="841"
                    HEIGHT="60">
            <Shape><Polygon POINTS="56 881 55 899 79 900 80 900 81 900 82 900 82 899 93 893 107 899 108 900 109 900 110 901 138 901 138 900 139 900 140 900 140 899 151 893 360 894 384 895 390 899 395 903 396 903 397 903 398 903 448 899 473 898 484 899 508 903 509 903 510 903 521 899 529 897 550 899 594 905 595 905 639 899 652 898 660 899 689 906 690 906 762 902 812 907 813 907 895 899 896 890 895 862 852 853 851 853 850 853 822 861 820 861 818 861 790 856 789 856 788 856 775 860 772 861 770 860 746 852 745 852 744 852 675 859 668 860 666 859 655 851 654 851 653 851 652 851 552 858 537 859 535 858 519 850 518 850 517 850 496 854 479 849 478 849 452 849 451 849 450 849 449 849 437 857 436 858 435 857 426 851 425 851 424 851 423 851 396 857 388 858 361 856 308 853 307 853 306 853 293 856 288 857 283 856 254 847 253 847 230 847 229 847 228 847 227 847 213 855 211 856 190 855 125 850 124 850 123 850 111 854 108 855 56 854 56 881"/></Shape>
	    <String CONTENT="perpetuò adhærere.2. Moſcheh 21.) holocaustum &amp; ho"
                    HPOS="55"
                    VPOS="847"
                    WIDTH="841"
                    HEIGHT="60"></String>
          </TextLine>
          <TextLine ID="eSc_line_98b3f7b5"
                    TAGREFS="LT767"
                    BASELINE="55 932 897 941" 
                    HPOS="55"
                    VPOS="897"
                    WIDTH="842"
                    HEIGHT="61">
            <Shape><Polygon POINTS="55 932 55 950 118 945 133 951 134 951 135 951 136 951 144 951 191 946 199 951 201 952 202 952 203 952 204 952 225 951 274 947 282 951 287 953 288 953 289 954 330 954 330 953 344 951 364 947 378 951 388 954 389 954 390 954 407 951 422 948 429 951 436 954 437 954 438 954 470 951 491 949 510 951 546 955 547 955 579 951 591 950 594 951 602 955 603 955 604 955 647 951 663 950 672 951 705 957 706 957 766 951 773 951 780 951 846 958 847 958 896 951 897 941 895 909 773 909 769 907 759 901 758 901 757 901 704 901 703 901 702 901 701 901 695 906 692 908 681 906 655 900 654 900 653 900 639 905 629 908 609 905 576 899 515 899 513 899 512 899 511 899 506 903 501 907 493 903 479 898 478 898 477 898 422 902 374 906 351 901 329 897 328 897 327 897 313 901 299 905 55 898 55 932"/></Shape>
	    <String CONTENT="stiam pro peccatis non postulasti· Tunc dixi, en uenio, in"
                    HPOS="55"
                    VPOS="897"
                    WIDTH="842"
                    HEIGHT="61"></String>
          </TextLine>
          <TextLine ID="eSc_line_3f534e2e"
                    TAGREFS="LT767"
                    BASELINE="54 982 900 990" 
                    HPOS="53"
                    VPOS="946"
                    WIDTH="847"
                    HEIGHT="62">
            <Shape><Polygon POINTS="54 982 53 994 79 1002 80 1002 81 1002 226 997 243 1003 244 1003 246 1003 301 998 309 1004 310 1004 311 1004 312 1005 370 1005 370 1004 371 1004 372 1004 381 998 410 998 446 1004 447 1004 448 1004 458 999 468 1005 469 1005 470 1005 471 1005 516 999 537 1006 538 1006 540 1006 571 1000 615 1006 616 1006 665 1001 687 1007 688 1007 689 1007 754 1001 796 1008 797 1008 899 1001 900 990 900 960 873 952 872 952 871 952 794 959 782 960 777 959 744 951 743 951 742 951 741 951 718 958 718 959 668 959 665 958 653 950 652 950 651 950 650 950 649 950 629 957 626 958 621 957 604 953 603 953 602 953 573 956 557 958 553 956 540 949 538 949 537 949 536 949 518 956 512 958 459 958 453 955 439 949 438 949 437 949 436 949 419 954 411 956 382 954 297 947 296 947 258 952 256 952 254 952 208 947 207 947 183 951 166 954 121 953 118 950 113 946 112 946 111 946 110 946 90 950 75 953 54 950 54 982"/></Shape>
	    <String CONTENT="uolumine libri ſcriptum de me est, ut faciam beneplaci¬"
                    HPOS="53"
                    VPOS="946"
                    WIDTH="847"
                    HEIGHT="62"
                    WC="0.9846409743482416"></String>
          </TextLine>
          <TextLine ID="eSc_line_ff4e6459"
                    TAGREFS="LT767"
                    BASELINE="55 1031 898 1040" 
                    HPOS="54"
                    VPOS="997"
                    WIDTH="844"
                    HEIGHT="60">
            <Shape><Polygon POINTS="55 1031 54 1045 94 1050 95 1050 96 1050 97 1050 104 1046 108 1044 264 1044 270 1047 284 1052 285 1052 286 1052 344 1047 359 1046 362 1047 370 1053 371 1053 372 1053 373 1053 516 1050 582 1055 583 1055 654 1049 657 1049 661 1049 731 1056 732 1056 733 1056 748 1050 794 1057 795 1057 847 1052 875 1057 876 1057 877 1057 897 1050 898 1040 897 1009 871 1004 870 1004 869 1004 856 1008 849 1011 843 1008 834 1004 832 1004 831 1004 830 1004 820 1008 812 1011 710 1011 688 1007 646 1002 645 1002 644 1002 643 1002 635 1007 631 1010 582 1010 576 1007 562 1001 561 1001 560 1001 559 1001 545 1006 494 1001 493 1001 446 1006 433 1007 431 1006 423 1000 422 1000 421 1000 391 1000 390 1000 389 1000 388 1000 381 1006 378 1007 364 1006 316 1000 315 1000 279 1005 270 1006 267 1005 256 998 255 998 254 998 253 998 183 1004 174 1005 170 1004 146 997 145 997 144 997 101 1002 76 997 75 997 74 997 55 1003 55 1031"/></Shape>
	    <String CONTENT="tum tuum Deus meus, id perplacuit, &amp; lex tua in intimis"
                    HPOS="54"
                    VPOS="997"
                    WIDTH="844"
                    HEIGHT="60"
                    WC="0.9966368556022644"></String>
          </TextLine>
          <TextLine ID="eSc_line_c24f2a4d"
                    TAGREFS="LT767"
                    BASELINE="55 1082 900 1090" 
                    HPOS="54"
                    VPOS="1045"
                    WIDTH="846"
                    HEIGHT="64">
            <Shape><Polygon POINTS="55 1082 54 1097 83 1101 84 1101 101 1098 110 1096 127 1098 176 1104 177 1104 178 1104 200 1098 206 1097 210 1098 223 1103 224 1103 225 1103 226 1103 227 1103 233 1099 237 1097 286 1097 290 1099 299 1104 300 1104 301 1104 302 1104 330 1099 338 1098 353 1099 418 1106 419 1106 486 1100 502 1099 515 1100 567 1107 568 1107 639 1102 693 1107 694 1107 734 1102 742 1101 749 1102 811 1109 812 1109 899 1102 900 1090 900 1056 783 1051 782 1051 761 1055 751 1057 743 1055 723 1050 722 1050 721 1050 720 1050 719 1050 712 1055 705 1058 645 1055 604 1053 603 1053 574 1055 537 1057 483 1057 480 1055 470 1048 469 1048 468 1048 447 1048 446 1048 445 1048 424 1054 418 1056 406 1054 359 1047 358 1047 288 1054 285 1054 284 1054 267 1047 266 1047 265 1047 264 1047 251 1051 243 1046 242 1046 241 1046 173 1045 172 1045 55 1053 55 1082"/></Shape>
	    <String CONTENT="meis (ut ſcilicet nihil æque libeat, at́ tuæ uoluntati ſtude"
                    HPOS="54"
                    VPOS="1045"
                    WIDTH="846"
                    HEIGHT="64"
                    WC="0.9802968287077106"></String>
          </TextLine>
          <TextLine ID="eSc_line_3f9950ec"
                    TAGREFS="LT767"
                    BASELINE="55 1132 896 1141" 
                    HPOS="54"
                    VPOS="1100"
                    WIDTH="842"
                    HEIGHT="58">
            <Shape><Polygon POINTS="55 1132 54 1145 96 1151 97 1151 174 1147 181 1152 182 1152 183 1152 184 1152 234 1147 237 1147 239 1147 264 1153 265 1153 266 1153 267 1153 268 1153 275 1148 292 1153 293 1153 295 1153 363 1148 370 1148 371 1148 386 1154 387 1154 388 1154 437 1149 438 1149 439 1149 476 1155 477 1155 529 1150 560 1155 561 1155 562 1155 573 1150 587 1155 589 1155 590 1155 682 1152 692 1157 693 1157 694 1157 695 1157 779 1153 792 1158 793 1158 794 1158 895 1152 896 1141 895 1112 409 1109 401 1107 370 1102 369 1102 233 1106 210 1106 202 1106 151 1100 150 1100 55 1104 55 1132"/></Shape>
	    <String CONTENT="re) Annunciaui iustitiam tuam in concione multa &amp;c·"
                    HPOS="54"
                    VPOS="1100"
                    WIDTH="842"
                    HEIGHT="58"
                    WC="0.9892522143382653"></String>
          </TextLine>
          <TextLine ID="eSc_line_452d9bb0"
                    TAGREFS="LT767"
                    BASELINE="55 1181 895 1190" 
                    HPOS="54"
                    VPOS="1146"
                    WIDTH="841"
                    HEIGHT="61">
            <Shape><Polygon POINTS="55 1181 54 1199 101 1195 113 1201 114 1201 115 1201 168 1202 169 1202 170 1202 172 1202 174 1201 182 1196 211 1196 229 1201 234 1202 235 1202 236 1202 237 1202 243 1201 262 1196 268 1201 271 1202 271 1203 272 1203 273 1203 274 1203 295 1201 320 1198 346 1201 375 1204 376 1204 400 1201 423 1198 466 1201 522 1205 523 1205 545 1201 557 1199 570 1201 599 1206 600 1206 628 1201 638 1200 655 1201 725 1207 726 1207 727 1207 728 1207 737 1201 738 1201 741 1201 770 1207 771 1207 772 1207 788 1201 790 1201 893 1201 895 1190 893 1161 819 1162 811 1159 791 1152 790 1152 789 1152 718 1158 685 1161 671 1157 659 1155 658 1155 631 1157 600 1159 594 1156 580 1150 579 1150 551 1150 550 1150 549 1150 537 1156 532 1158 515 1156 495 1153 494 1153 493 1153 492 1153 488 1155 484 1158 480 1155 472 1149 471 1149 470 1149 400 1149 399 1149 398 1149 385 1154 381 1156 371 1154 338 1148 337 1148 336 1148 317 1154 308 1156 282 1153 253 1150 252 1150 230 1153 210 1155 141 1155 135 1152 127 1148 126 1148 125 1148 106 1151 97 1153 89 1151 67 1146 66 1146 65 1146 64 1146 55 1150 55 1181"/></Shape>
	    <String CONTENT="Hæc ucrounus quo Chrislus potuit, cum omnium mor"
                    HPOS="54"
                    VPOS="1146"
                    WIDTH="841"
                    HEIGHT="61"
                    WC="0.9893050534384591"></String>
          </TextLine>
          <TextLine ID="eSc_line_5d07400a"
                    TAGREFS="LT767"
                    BASELINE="56 1231 897 1240" 
                    HPOS="55"
                    VPOS="1196"
                    WIDTH="842"
                    HEIGHT="63">
            <Shape><Polygon POINTS="56 1231 55 1243 152 1244 152 1245 176 1252 177 1252 178 1252 254 1246 256 1246 264 1252 264 1253 265 1253 266 1253 267 1253 311 1248 329 1253 330 1253 331 1253 440 1249 472 1254 473 1254 474 1254 485 1249 517 1254 518 1254 543 1249 546 1249 553 1255 554 1255 555 1255 556 1255 590 1250 591 1250 605 1256 606 1256 607 1256 729 1253 792 1259 793 1259 896 1253 897 1240 897 1211 885 1203 884 1203 883 1203 881 1203 802 1211 794 1211 792 1211 775 1202 774 1202 773 1202 772 1202 755 1210 741 1210 695 1210 693 1208 685 1202 685 1201 684 1201 683 1201 682 1201 607 1207 586 1208 518 1208 513 1205 502 1200 501 1200 500 1200 499 1200 484 1205 477 1207 469 1205 448 1199 447 1199 446 1199 399 1204 373 1206 352 1203 327 1199 326 1199 325 1199 313 1202 304 1205 286 1202 273 1200 272 1200 271 1200 266 1202 262 1204 258 1202 253 1198 252 1198 251 1198 250 1198 249 1198 248 1198 242 1201 237 1204 226 1201 211 1197 210 1197 209 1197 186 1200 168 1203 124 1203 119 1199 115 1196 114 1196 113 1196 112 1196 56 1198 56 1231"/></Shape>
	    <String CONTENT="talium uoluntas tantum ad malum prona ſit, neq; poßit"
                    HPOS="55"
                    VPOS="1196"
                    WIDTH="842"
                    HEIGHT="63"
                    WC="0.9954424590434668"></String>
          </TextLine>
          <TextLine ID="eSc_line_424af1df"
                    TAGREFS="LT767"
                    BASELINE="56 1282 895 1290" 
                    HPOS="55"
                    VPOS="1245"
                    WIDTH="840"
                    HEIGHT="66">
            <Shape><Polygon POINTS="56 1282 55 1294 88 1295 107 1304 108 1304 109 1304 216 1297 230 1305 231 1305 232 1305 233 1305 234 1305 267 1297 295 1306 296 1306 297 1306 397 1302 442 1307 443 1307 472 1301 581 1309 582 1309 583 1309 584 1309 597 1300 633 1300 658 1305 659 1305 743 1301 774 1311 775 1311 776 1311 815 1302 847 1311 848 1311 849 1311 850 1311 851 1311 865 1302 894 1302 895 1290 894 1261 820 1261 818 1259 805 1251 804 1251 803 1251 802 1251 777 1255 749 1250 725 1250 724 1250 723 1250 722 1250 714 1257 710 1260 656 1260 641 1256 602 1249 601 1249 572 1255 558 1257 550 1254 534 1248 533 1248 532 1248 469 1253 428 1256 422 1252 417 1248 415 1248 414 1248 413 1248 381 1252 374 1252 368 1251 341 1247 340 1247 339 1247 325 1251 307 1255 295 1250 283 1246 282 1246 281 1246 280 1246 273 1250 264 1254 243 1249 231 1247 230 1247 229 1247 221 1249 201 1254 186 1249 177 1245 176 1245 175 1245 174 1245 162 1248 143 1253 56 1247 56 1282"/></Shape>
	    <String CONTENT="in gratiam Dei amplecti, quæ ſibijpſi commodo eſſe agno"
                    HPOS="55"
                    VPOS="1245"
                    WIDTH="840"
                    HEIGHT="66"
                    WC="0.9979922272942283"></String>
          </TextLine>
          <TextLine ID="eSc_line_b246eccd"
                    TAGREFS="LT767"
                    BASELINE="58 1333 898 1341" 
                    HPOS="58"
                    VPOS="1294"
                    WIDTH="840"
                    HEIGHT="66">
            <Shape><Polygon POINTS="58 1333 58 1352 126 1347 134 1353 135 1353 136 1353 137 1353 142 1353 173 1348 194 1353 203 1354 204 1354 205 1354 208 1353 216 1348 223 1353 224 1354 225 1354 226 1354 227 1354 242 1353 277 1349 283 1353 286 1355 287 1355 288 1355 289 1355 319 1353 354 1350 370 1353 387 1356 388 1356 433 1353 477 1350 485 1353 492 1355 493 1355 494 1355 525 1353 557 1351 566 1353 582 1359 583 1359 584 1360 659 1360 659 1359 660 1359 675 1353 679 1352 689 1353 725 1360 726 1360 897 1353 898 1341 897 1302 861 1302 860 1302 859 1302 834 1312 794 1302 793 1302 792 1302 767 1311 666 1311 643 1300 642 1300 641 1300 548 1309 502 1299 501 1299 461 1307 446 1299 445 1299 444 1299 443 1299 421 1307 403 1302 402 1302 401 1302 374 1307 312 1301 311 1301 274 1306 261 1296 260 1296 259 1296 258 1296 227 1302 208 1297 207 1297 206 1297 205 1297 204 1297 192 1305 137 1305 116 1296 115 1296 58 1294 58 1333"/></Shape>
	    <String CONTENT="ſcit, tam abeſt ut mortem studio Dei ſuſciperet, cedens illi"
                    HPOS="58"
                    VPOS="1294"
                    WIDTH="840"
                    HEIGHT="66"
                    WC="0.9940390159686406"></String>
          </TextLine>
          <TextLine ID="eSc_line_997f612c"
                    TAGREFS="LT767"
                    BASELINE="57 1381 897 1388" 
                    HPOS="56"
                    VPOS="1348"
                    WIDTH="841"
                    HEIGHT="61">
            <Shape><Polygon POINTS="57 1381 56 1395 158 1396 159 1397 165 1402 166 1402 167 1402 168 1402 169 1402 185 1397 187 1397 191 1397 223 1403 224 1403 225 1403 241 1398 243 1398 246 1398 272 1404 273 1404 313 1399 326 1398 344 1400 394 1405 395 1405 442 1401 468 1399 486 1402 509 1405 510 1405 551 1403 594 1400 621 1404 647 1408 648 1408 688 1405 714 1403 737 1405 764 1409 765 1409 766 1409 771 1407 778 1402 797 1407 807 1409 808 1409 896 1408 897 1388 896 1361 821 1353 820 1353 786 1360 782 1360 780 1360 757 1352 756 1352 755 1352 754 1352 740 1359 666 1352 665 1352 623 1359 618 1359 611 1358 570 1351 569 1351 538 1358 536 1358 533 1358 495 1352 494 1352 389 1356 377 1356 376 1356 368 1350 366 1350 365 1350 364 1350 301 1355 299 1355 284 1349 283 1349 282 1349 217 1355 210 1355 208 1355 199 1348 198 1348 197 1348 195 1348 57 1353 57 1381"/></Shape>
	    <String CONTENT="uitam &amp; omnia. Solus ergo Dominus noster Ieſus Chri¬"
                    HPOS="56"
                    VPOS="1348"
                    WIDTH="841"
                    HEIGHT="61"
                    WC="0.9920968654064032"></String>
          </TextLine>
          <TextLine ID="eSc_line_20a6758f"
                    TAGREFS="LT767"
                    BASELINE="57 1433 897 1440" 
                    HPOS="56"
                    VPOS="1395"
                    WIDTH="841"
                    HEIGHT="65">
            <Shape><Polygon POINTS="57 1433 56 1449 67 1453 68 1453 69 1453 70 1453 81 1448 89 1445 139 1445 161 1448 189 1453 190 1453 191 1453 206 1449 215 1446 225 1449 242 1454 243 1454 244 1454 246 1454 261 1449 267 1447 274 1449 297 1455 298 1455 299 1457 299 1455 300 1455 319 1450 329 1455 330 1455 451 1457 452 1457 453 1457 476 1449 477 1449 479 1449 495 1454 496 1454 497 1454 526 1449 535 1448 543 1449 565 1454 566 1454 652 1451 671 1459 672 1459 673 1459 744 1450 746 1450 747 1450 790 1460 791 1460 838 1451 875 1459 876 1459 877 1459 896 1450 897 1440 894 1401 856 1411 752 1411 726 1402 725 1402 724 1402 723 1402 703 1410 691 1401 690 1400 689 1400 688 1400 654 1400 653 1400 652 1400 649 1401 629 1410 583 1410 575 1402 574 1402 573 1402 572 1402 485 1408 476 1401 472 1398 471 1398 470 1398 469 1398 468 1398 454 1401 430 1408 349 1408 336 1401 324 1397 323 1397 322 1397 286 1401 268 1396 267 1396 243 1396 242 1396 241 1396 240 1396 233 1402 229 1405 216 1402 195 1396 194 1396 193 1396 158 1400 133 1395 132 1395 131 1395 112 1402 110 1402 108 1402 71 1395 70 1395 69 1395 57 1401 57 1433"/></Shape>
	    <String CONTENT="stus hostia illa fuit, quæ placare Deum humano gencri"
                    HPOS="56"
                    VPOS="1395"
                    WIDTH="841"
                    HEIGHT="65"
                    WC="0.9977317666107753"></String>
          </TextLine>
          <TextLine ID="eSc_line_5ee3645c"
                    TAGREFS="LT767"
                    BASELINE="60 1483 898 1489" 
                    HPOS="60"
                    VPOS="1447"
                    WIDTH="838"
                    HEIGHT="62">
            <Shape><Polygon POINTS="898 1462 854 1454 853 1454 828 1460 824 1461 823 1460 815 1453 814 1453 813 1453 812 1453 786 1460 783 1460 780 1460 759 1452 758 1452 757 1452 756 1452 738 1459 733 1460 727 1459 701 1452 656 1452 655 1452 654 1452 653 1452 647 1457 642 1460 594 1460 589 1455 584 1452 583 1452 582 1452 581 1452 580 1452 579 1452 574 1455 568 1460 517 1460 498 1454 479 1450 478 1450 477 1450 466 1453 452 1459 399 1459 388 1452 384 1450 383 1450 382 1450 381 1450 376 1452 365 1457 354 1452 350 1450 349 1450 348 1450 339 1451 312 1458 205 1458 121 1448 120 1448 119 1448 118 1448 93 1455 61 1447 60 1483 60 1499 190 1497 198 1500 206 1504 207 1504 208 1506 273 1506 273 1504 274 1504 284 1501 292 1498 298 1501 305 1504 306 1504 307 1504 339 1501 350 1500 359 1501 390 1506 391 1506 393 1506 394 1506 399 1501 402 1499 421 1501 452 1506 453 1506 483 1502 498 1500 506 1502 525 1507 526 1507 527 1507 584 1502 616 1500 622 1502 633 1508 634 1508 635 1509 712 1509 712 1508 713 1508 723 1503 727 1501 736 1503 758 1509 759 1509 761 1509 762 1509 769 1503 770 1502 775 1503 801 1509 802 1509 897 1503 898 1489 898 1462"/></Shape>
	    <String CONTENT="potuit, &amp; quem uolumen libri, omnis ſcilicet ſcriptura"
                    HPOS="60"
                    VPOS="1447"
                    WIDTH="838"
                    HEIGHT="62"
                    WC="0.984076566166348"></String>
          </TextLine>
          <TextLine ID="eSc_line_6f0006a8"
                    TAGREFS="LT767"
                    BASELINE="58 1533 898 1539" 
                    HPOS="57"
                    VPOS="1495"
                    WIDTH="841"
                    HEIGHT="69">
            <Shape><Polygon POINTS="58 1533 57 1557 101 1552 137 1558 144 1559 145 1559 146 1559 148 1559 149 1558 159 1551 197 1551 214 1558 221 1560 222 1560 223 1561 266 1561 266 1560 267 1560 273 1558 283 1553 305 1558 319 1560 320 1560 321 1560 326 1558 336 1552 391 1558 432 1561 433 1561 455 1558 477 1553 515 1553 519 1557 525 1562 526 1562 527 1562 528 1562 529 1562 548 1557 553 1556 555 1557 561 1562 562 1562 564 1562 618 1563 619 1563 687 1557 701 1556 706 1557 728 1563 729 1563 730 1563 731 1563 753 1557 757 1556 764 1557 810 1564 811 1564 897 1556 898 1539 896 1507 840 1511 819 1504 805 1501 804 1501 803 1501 802 1501 796 1504 787 1510 777 1504 771 1501 770 1501 769 1501 768 1501 767 1501 763 1504 753 1511 641 1511 625 1502 618 1499 617 1499 616 1499 601 1502 574 1508 549 1501 541 1499 540 1499 538 1499 537 1499 536 1499 534 1501 520 1510 479 1510 463 1500 461 1498 460 1498 459 1498 458 1498 446 1500 424 1503 403 1499 396 1498 395 1498 394 1498 393 1498 391 1499 380 1507 338 1508 310 1498 307 1497 306 1497 305 1497 300 1498 263 1507 133 1496 132 1496 131 1496 106 1506 87 1496 86 1496 58 1495 58 1533"/></Shape>
	    <String CONTENT="ſacra ſub typo tam multiplicium ſacrificiorum, deſigna¬"
                    HPOS="57"
                    VPOS="1495"
                    WIDTH="841"
                    HEIGHT="69"
                    WC="0.9973023295402527"></String>
          </TextLine>
        </TextBlock>
        <TextBlock HPOS="486"
                   VPOS="1558"
                   WIDTH="417"
                   HEIGHT="56"
                   ID="eSc_textblock_83732083"
                   TAGREFS="BT17">
          <Shape><Polygon POINTS="486 1558 486 1614 903 1614 903 1558"/></Shape>
          <TextLine ID="eSc_line_7ed25283"
                    TAGREFS="LT767"
                    BASELINE="495 1591 533 1591" 
                    HPOS="495"
                    VPOS="1556"
                    WIDTH="38"
                    HEIGHT="69">
            <Shape><Polygon POINTS="495 1591 495 1624 532 1625 533 1591 533 1561 495 1556 495 1591"/></Shape>
	    <String CONTENT="D"
                    HPOS="495"
                    VPOS="1556"
                    WIDTH="38"
                    HEIGHT="69"></String>
          </TextLine>
          <TextLine ID="eSc_line_a35f595e"
                    TAGREFS="LT767"
                    BASELINE="598 1601 644 1601" 
                    HPOS="597"
                    VPOS="1558"
                    WIDTH="46"
                    HEIGHT="83">
            <Shape><Polygon POINTS="613 1558 597 1558 597 1600 597 1625 639 1641 643 1600 641 1558 628 1558"/></Shape>
	    <String CONTENT="5"
                    HPOS="597"
                    VPOS="1558"
                    WIDTH="46"
                    HEIGHT="83"></String>
          </TextLine>
          <TextLine ID="eSc_line_d812212a"
                    TAGREFS="LT767"
                    BASELINE="685 1593 896 1589" 
                    HPOS="684"
                    VPOS="1552"
                    WIDTH="212"
                    HEIGHT="70">
            <Shape><Polygon POINTS="685 1593 687 1620 697 1615 710 1619 721 1622 722 1622 723 1622 791 1616 802 1615 804 1615 818 1620 819 1620 820 1620 821 1620 822 1620 822 1619 823 1619 827 1614 828 1613 830 1614 846 1619 847 1619 848 1619 895 1611 896 1589 895 1562 883 1556 881 1556 880 1556 879 1556 866 1563 865 1563 843 1552 842 1552 841 1552 778 1565 747 1554 746 1554 745 1554 744 1554 716 1567 714 1569 684 1569 685 1593"/></Shape>
	    <String CONTENT="uit conſum¬"
                    HPOS="684"
                    VPOS="1552"
                    WIDTH="212"
                    HEIGHT="70"
                    WC="0.9887128309770064"></String>
          </TextLine>
        </TextBlock>
      </PrintSpace>
    </Page>
  </Layout>
</alto>
