<?xml version="1.0" encoding="UTF-8"?>
<alto xmlns:xsi="http://www.w3.org/2001/XMLSchema-instance"
      xmlns="http://www.loc.gov/standards/alto/ns-v4#"
      xsi:schemaLocation="http://www.loc.gov/standards/alto/ns-v4# http://www.loc.gov/standards/alto/v4/alto-4-2.xsd">
  <Description>
    <MeasurementUnit>pixel</MeasurementUnit>
    <sourceImageInformation>
      <fileName>bsb00035303_00029.jpg</fileName>
    </sourceImageInformation>
  </Description>
  <Tags>
    <OtherTag ID="BT7" LABEL="CustomZone" DESCRIPTION="block type CustomZone"/><OtherTag ID="BT10" LABEL="DropCapitalZone" DESCRIPTION="block type DropCapitalZone"/><OtherTag ID="BT11" LABEL="GraphicZone" DESCRIPTION="block type GraphicZone"/><OtherTag ID="BT12" LABEL="MainZone" DESCRIPTION="block type MainZone"/><OtherTag ID="BT13" LABEL="MarginTextZone" DESCRIPTION="block type MarginTextZone"/><OtherTag ID="BT15" LABEL="NumberingZone" DESCRIPTION="block type NumberingZone"/><OtherTag ID="BT17" LABEL="QuireMarksZone" DESCRIPTION="block type QuireMarksZone"/><OtherTag ID="BT18" LABEL="RunningTitleZone" DESCRIPTION="block type RunningTitleZone"/><OtherTag ID="BT22" LABEL="TitlePageZone" DESCRIPTION="block type TitlePageZone"/><OtherTag ID="BT985" LABEL="MainZone-Other" DESCRIPTION="block type MainZone-Other"/><OtherTag ID="BT986" LABEL="MainZone-Signature" DESCRIPTION="block type MainZone-Signature"/><OtherTag ID="BT987" LABEL="MainZone-Head" DESCRIPTION="block type MainZone-Head"/><OtherTag ID="BT988" LABEL="MainZone-P" DESCRIPTION="block type MainZone-P"/><OtherTag ID="BT989" LABEL="MainZone-P-Continued" DESCRIPTION="block type MainZone-P-Continued"/><OtherTag ID="BT990" LABEL="MarginTextZone-Notes" DESCRIPTION="block type MarginTextZone-Notes"/><OtherTag ID="BT991" LABEL="MainZone-Lg" DESCRIPTION="block type MainZone-Lg"/><OtherTag ID="BT1884" LABEL="MainZone-Sp" DESCRIPTION="block type MainZone-Sp"/><OtherTag ID="BT1885" LABEL="MainZone-Entry" DESCRIPTION="block type MainZone-Entry"/><OtherTag ID="BT1886" LABEL="MainZone-Sp-Continued" DESCRIPTION="block type MainZone-Sp-Continued"/>
    <OtherTag ID="LT7" LABEL="CustomLine" DESCRIPTION="line type CustomLine"/><OtherTag ID="LT8" LABEL="DefaultLine" DESCRIPTION="line type DefaultLine"/><OtherTag ID="LT9" LABEL="DropCapitalLine" DESCRIPTION="line type DropCapitalLine"/><OtherTag ID="LT10" LABEL="HeadingLine" DESCRIPTION="line type HeadingLine"/><OtherTag ID="LT11" LABEL="InterlinearLine" DESCRIPTION="line type InterlinearLine"/><OtherTag ID="LT12" LABEL="MusicLine" DESCRIPTION="line type MusicLine"/>
  </Tags>
  <Layout>
    <Page WIDTH="1128"
          HEIGHT="1876"
          PHYSICAL_IMG_NR="28"
          ID="eSc_dummypage_">
      <PrintSpace HPOS="0"
                  VPOS="0"
                  WIDTH="1128"
                  HEIGHT="1876">
        <TextBlock HPOS="242"
                   VPOS="110"
                   WIDTH="392"
                   HEIGHT="58"
                   ID="block_5"
                   TAGREFS="BT18">
          <Shape><Polygon POINTS="634 110 634 168 242 168 242 110"/></Shape>
          <TextLine ID="line_0"
                    TAGREFS="LT8"
                    BASELINE="246 158 635 145" 
                    HPOS="243"
                    VPOS="115"
                    WIDTH="392"
                    HEIGHT="58">
            <Shape><Polygon POINTS="619 115 608 115 598 115 587 115 577 115 567 115 556 115 546 115 535 115 525 115 515 115 504 115 498 115 469 119 463 119 461 119 446 115 442 115 431 115 430 115 423 120 422 120 398 116 397 116 396 116 395 116 388 121 365 117 364 117 333 122 308 117 307 117 306 117 305 117 293 125 292 125 261 119 260 119 259 119 243 125 246 158 246 173 278 171 279 171 280 171 280 170 281 170 285 164 307 171 308 171 309 171 310 171 342 170 344 170 345 170 345 169 346 169 349 165 357 169 358 169 359 169 360 169 407 168 408 168 409 168 409 167 410 167 413 163 430 166 439 167 440 167 442 167 449 165 474 157 530 157 537 161 540 163 541 163 542 163 543 163 544 163 552 161 571 156 578 160 581 162 582 162 583 162 584 162 634 157 635 145 633 115 629 115"/></Shape>
	    <String CONTENT="EPISTOLA."
                    HPOS="243"
                    VPOS="115"
                    WIDTH="392"
                    HEIGHT="58"
                    WC="0.9994707968499925"></String>
          </TextLine>
        </TextBlock>
        <TextBlock HPOS="28"
                   VPOS="186"
                   WIDTH="850"
                   HEIGHT="102"
                   ID="block_7"
                   TAGREFS="BT989">
          <Shape><Polygon POINTS="878 186 878 288 28 288 28 186"/></Shape>
          <TextLine ID="line_2"
                    TAGREFS="LT8"
                    BASELINE="33 235 594 219 874 216" 
                    HPOS="31"
                    VPOS="193"
                    WIDTH="843"
                    HEIGHT="58">
            <Shape><Polygon POINTS="855 193 845 193 835 193 824 193 814 193 803 193 793 193 782 193 772 193 762 193 751 193 741 193 730 193 720 193 709 193 699 193 689 193 678 193 668 193 661 193 660 194 659 194 658 194 634 193 626 193 616 193 605 193 595 193 584 193 574 193 564 193 553 193 543 193 532 193 528 193 526 194 523 193 522 193 511 193 501 193 494 193 482 196 473 193 470 193 459 193 449 193 440 198 427 193 418 193 413 193 407 199 358 193 355 193 345 193 334 193 330 193 309 200 290 193 282 193 272 193 261 193 251 193 242 193 241 193 240 193 223 205 166 195 165 195 72 198 71 198 31 209 33 235 33 245 43 251 44 251 45 251 76 245 116 251 117 251 174 244 194 249 195 249 231 241 246 239 288 241 371 244 372 244 396 239 417 235 478 238 487 238 488 238 489 238 491 238 505 233 523 237 534 240 535 240 536 240 537 240 546 237 557 233 606 235 607 235 608 235 628 230 647 236 649 236 650 236 651 236 660 235 719 229 738 234 741 235 742 235 743 235 874 232 874 216 872 193 866 193"/></Shape>
	    <String CONTENT="corporis. Vt ergo Eccleſia ſubdita Chriſto"
                    HPOS="31"
                    VPOS="193"
                    WIDTH="843"
                    HEIGHT="58"
                    WC="0.9958332663490659"></String>
          </TextLine>
          <TextLine ID="line_3"
                    TAGREFS="LT8"
                    BASELINE="33 284 466 270 789 266" 
                    HPOS="31.0"
                    VPOS="227.0"
                    WIDTH="758.0"
                    HEIGHT="71.0">
            <Shape><Polygon POINTS="33 284 33 298 244 288 336 289 410 290 411 290 435 286 455 283 516 284 616 285 617 285 618 285 638 280 642 279 645 280 656 284 657 284 658 284 699 278 708 277 719 277 770 281 771 281 772 281 789 275 789 266 787 235 757 230 756 230 755 230 734 235 706 227 705 227 704 227 621 238 620 238 619 238 595 234 594 234 593 234 576 239 538 231 537 231 464 233 463 233 462 233 450 242 435 234 434 234 410 234 409 234 408 234 384 244 371 244 275 247 272 247 237 241 236 241 235 241 218 247 200 239 199 239 198 239 197 239 195 239 184 248 175 243 174 243 173 243 111 251 105 251 103 251 74 242 72 242 71 242 70 242 69 242 54 252 53 253 31 253 33 284"/></Shape>
	    <String CONTENT="eſt, ita uxores proprijs uiris in omnibus."
                    HPOS="31.0"
                    VPOS="227.0"
                    WIDTH="758.0"
                    HEIGHT="71.0"
                    WC="0.9915764104752314"></String>
          </TextLine>
        </TextBlock>
        <TextBlock HPOS="34"
                   VPOS="286"
                   WIDTH="854"
                   HEIGHT="589"
                   ID="block_0"
                   TAGREFS="BT988">
          <Shape><Polygon POINTS="888 286 888 875 34 875 34 286"/></Shape>
          <TextLine ID="line_4"
                    TAGREFS="LT8"
                    BASELINE="57 330 873 311" 
                    HPOS="54"
                    VPOS="286"
                    WIDTH="818"
                    HEIGHT="61">
            <Shape><Polygon POINTS="868 286 852 286 837 286 821 286 805 286 790 286 774 286 758 286 743 286 727 286 711 286 696 286 680 286 664 286 649 286 633 286 617 286 602 286 586 286 571 286 555 286 539 286 524 286 508 286 492 286 477 286 461 286 445 286 430 286 414 286 398 286 383 286 367 286 358 286 305 290 267 286 258 286 242 286 226 286 211 286 203 286 54 297 56 329 56 340 154 347 156 347 872 325 872 309 869 286 868 286"/></Shape>
	    <String CONTENT="Viri diligite uxores ueſtras, quemadmo¬"
                    HPOS="54"
                    VPOS="286"
                    WIDTH="818"
                    HEIGHT="61"></String>
          </TextLine>
          <TextLine ID="line_5"
                    TAGREFS="LT8"
                    BASELINE="33 380 551 366 878 363" 
                    HPOS="32.0"
                    VPOS="319.0"
                    WIDTH="846.0"
                    HEIGHT="71.0">
            <Shape><Polygon POINTS="33 380 33 390 878 375 878 363 876 327 860 319 859 319 810 319 808 319 752 330 751 330 673 323 672 323 671 323 670 323 655 332 654 333 625 333 581 333 565 325 564 325 562 325 528 332 509 327 508 327 507 327 506 327 505 327 492 335 462 328 461 328 460 328 417 337 414 337 411 337 326 330 325 330 324 330 323 330 311 339 311 340 293 340 255 340 225 332 224 332 223 332 130 343 124 343 119 343 56 336 55 336 54 336 32 343 33 380"/></Shape>
	    <String CONTENT="dum Chriſtus dilexit Eccleſiam, &amp; tradidit"
                    HPOS="32.0"
                    VPOS="319.0"
                    WIDTH="846.0"
                    HEIGHT="71.0"
                    WC="0.9971594924018496"></String>
          </TextLine>
          <TextLine ID="line_6"
                    TAGREFS="LT8"
                    BASELINE="32 431 536 415 878 412" 
                    HPOS="31.0"
                    VPOS="371.0"
                    WIDTH="847.0"
                    HEIGHT="72.0">
            <Shape><Polygon POINTS="32 431 32 441 123 443 124 443 125 443 133 440 139 437 146 439 158 443 159 443 160 443 182 439 205 434 251 437 289 440 290 440 291 440 292 440 298 436 304 432 309 436 310 437 311 437 312 437 313 437 314 437 317 436 335 431 383 435 412 437 413 437 414 437 422 434 433 429 450 434 459 436 460 436 461 436 462 436 469 433 480 428 542 431 543 431 602 425 685 429 709 430 710 430 723 428 754 424 877 425 878 412 875 371 825 379 808 373 807 373 806 373 805 373 804 373 794 380 753 377 752 377 717 382 680 376 675 375 674 375 625 377 624 377 623 377 612 384 568 379 559 378 558 378 557 378 555 379 542 386 475 381 458 380 457 380 447 382 408 390 348 390 340 385 339 385 338 385 337 385 336 385 325 391 217 392 206 388 201 386 200 386 199 386 185 388 154 396 31 393 32 431"/></Shape>
	    <String CONTENT="ſemetipſum pro ea, ut illam ſanctificaret, pur"
                    HPOS="31.0"
                    VPOS="371.0"
                    WIDTH="847.0"
                    HEIGHT="72.0"
                    WC="0.9814033028872117"></String>
          </TextLine>
          <TextLine ID="line_7"
                    TAGREFS="LT8"
                    BASELINE="38 478 523 464 878 461" 
                    HPOS="37.0"
                    VPOS="424.0"
                    WIDTH="841.0"
                    HEIGHT="70.0">
            <Shape><Polygon POINTS="38 478 38 494 107 487 131 491 135 491 136 491 137 491 139 491 154 485 163 490 164 490 165 490 166 490 187 489 304 482 341 485 365 486 366 486 368 486 377 484 390 480 410 483 429 485 430 485 464 481 491 478 582 478 818 478 818 477 819 477 820 477 828 471 867 476 868 476 869 476 870 476 878 470 878 461 876 428 774 424 773 424 723 431 718 431 702 431 543 429 542 429 265 440 258 435 257 435 256 435 255 435 254 435 227 441 184 436 183 436 182 436 164 442 99 438 97 438 37 446 38 478"/></Shape>
	    <String CONTENT="gatam lauacro aquæ per uerbum, ut exhibeat"
                    HPOS="37.0"
                    VPOS="424.0"
                    WIDTH="841.0"
                    HEIGHT="70.0"
                    WC="0.9909170653138842"></String>
          </TextLine>
          <TextLine ID="line_8"
                    TAGREFS="LT8"
                    BASELINE="33 527 574 512 873 509" 
                    HPOS="32.0"
                    VPOS="469.0"
                    WIDTH="841.0"
                    HEIGHT="71.0">
            <Shape><Polygon POINTS="33 527 33 540 206 540 207 540 219 536 232 532 305 531 375 531 378 532 386 536 387 536 388 536 432 531 454 528 463 530 481 534 482 534 483 534 517 528 531 526 542 528 569 532 570 532 600 526 607 525 630 525 723 527 724 527 749 522 755 521 761 522 792 527 793 527 873 517 873 509 870 476 745 478 744 478 715 469 714 469 713 469 712 469 688 479 666 470 665 470 664 470 663 470 640 480 640 481 634 481 509 482 481 474 480 474 479 474 478 474 477 474 467 482 449 475 448 475 447 475 446 475 426 484 386 476 385 476 384 476 339 487 338 487 324 478 323 478 322 478 299 478 298 478 297 478 296 478 288 483 207 480 206 480 205 480 190 487 145 482 144 482 143 482 142 482 129 490 74 484 72 484 32 494 33 527"/></Shape>
	    <String CONTENT="ſibijpſi glorioſam Eccleſiam, non habentem"
                    HPOS="32.0"
                    VPOS="469.0"
                    WIDTH="841.0"
                    HEIGHT="71.0"
                    WC="0.9988598057201931"></String>
          </TextLine>
          <TextLine ID="line_9"
                    TAGREFS="LT8"
                    BASELINE="36 577 615 560 881 558" 
                    HPOS="36.0"
                    VPOS="517.0"
                    WIDTH="845.0"
                    HEIGHT="71.0">
            <Shape><Polygon POINTS="36 568 36 577 36 588 333 579 356 583 366 584 368 584 380 582 409 577 439 581 450 582 451 582 452 582 455 581 466 576 481 580 486 581 487 581 488 581 489 581 491 581 492 580 498 574 532 574 554 578 558 579 559 579 573 578 627 573 646 577 650 577 651 577 652 577 653 577 653 576 660 570 700 570 880 571 881 558 879 525 830 517 829 517 828 517 827 517 827 519 819 526 798 527 779 527 777 527 741 520 740 520 739 520 738 520 724 528 722 530 689 530 685 529 660 522 659 522 658 522 620 523 619 523 592 531 519 533 504 528 503 528 502 528 457 535 450 536 446 535 415 528 414 528 413 528 412 528 391 537 390 537 388 537 364 531 363 531 362 531 361 531 360 531 352 536 287 533 286 533 235 541 229 541 224 541 160 534 159 534 118 544 114 546 40 546 36 568"/></Shape>
	    <String CONTENT="maculam aut rugam, aut quid huiuſmodis"
                    HPOS="36.0"
                    VPOS="517.0"
                    WIDTH="845.0"
                    HEIGHT="71.0"
                    WC="0.9994121193885803"></String>
          </TextLine>
          <TextLine ID="line_10"
                    TAGREFS="LT8"
                    BASELINE="36 625 418 613 881 606" 
                    HPOS="36.0"
                    VPOS="564.0"
                    WIDTH="845.0"
                    HEIGHT="72.0">
            <Shape><Polygon POINTS="36 613 36 625 36 633 180 636 181 636 241 629 246 629 247 629 259 634 260 634 261 634 262 634 280 628 282 628 286 628 325 633 326 633 370 626 374 626 377 626 403 631 404 631 405 631 423 625 425 625 429 625 470 630 471 630 523 623 526 623 528 623 548 628 549 628 550 628 551 628 552 628 559 622 597 622 677 620 679 620 708 625 709 625 710 625 712 625 719 619 720 619 721 619 762 623 763 623 764 623 782 618 797 623 798 623 799 623 880 614 881 606 879 575 812 564 811 564 810 564 808 564 792 575 772 572 771 572 770 572 759 577 758 578 733 578 720 578 705 568 704 568 703 568 702 568 701 568 685 575 668 568 667 568 666 568 665 568 643 575 633 569 632 569 631 569 630 569 583 570 582 570 559 581 557 581 527 577 526 577 499 582 498 582 463 573 462 573 461 573 460 573 442 583 379 584 341 575 340 575 339 575 338 575 337 575 325 585 308 576 307 576 284 576 283 576 282 576 254 587 231 577 230 577 229 577 228 577 191 588 173 579 172 579 170 579 113 586 96 580 95 580 94 580 93 580 92 580 81 589 41 591 36 613"/></Shape>
	    <String CONTENT="ſed ut ſancta ſit, &amp; inculpata. Sic debent dili¬"
                    HPOS="36.0"
                    VPOS="564.0"
                    WIDTH="845.0"
                    HEIGHT="72.0"></String>
          </TextLine>
          <TextLine ID="line_11"
                    TAGREFS="LT8"
                    BASELINE="39 673 885 654" 
                    HPOS="37.0"
                    VPOS="616.0"
                    WIDTH="848.0"
                    HEIGHT="74.0">
            <Shape><Polygon POINTS="39 673 39 690 85 689 86 689 105 682 116 686 117 686 118 686 119 686 134 680 149 686 150 686 151 686 202 679 222 685 224 686 225 686 226 686 238 685 322 676 418 680 446 681 447 681 466 679 502 674 511 678 516 679 517 679 518 679 519 679 525 677 535 674 567 676 597 678 598 678 599 678 600 678 603 675 610 670 692 673 717 673 718 673 730 672 762 667 792 670 826 673 827 673 828 673 842 668 852 664 860 668 868 672 869 672 870 672 871 672 885 667 885 654 883 624 851 618 850 618 849 618 828 624 813 616 812 616 811 616 810 616 787 626 786 626 722 626 701 619 700 619 699 619 698 619 697 619 697 620 689 627 668 621 667 621 666 621 665 621 639 628 604 621 603 621 602 621 601 621 590 629 590 630 540 630 509 623 508 623 507 623 460 632 458 633 402 633 401 633 368 626 366 626 314 635 311 635 309 635 261 629 260 629 227 637 224 637 218 637 155 631 154 631 37 640 39 673"/></Shape>
	    <String CONTENT="gere uiri uxores ſuas, ut ſua ipſorum corpo¬"
                    HPOS="37.0"
                    VPOS="616.0"
                    WIDTH="848.0"
                    HEIGHT="74.0"
                    WC="0.9662914845076475"></String>
          </TextLine>
          <TextLine ID="line_12"
                    TAGREFS="LT8"
                    BASELINE="40 721 614 707 883 705" 
                    HPOS="39.0"
                    VPOS="663.0"
                    WIDTH="844.0"
                    HEIGHT="70.0">
            <Shape><Polygon POINTS="40 721 40 732 228 733 229 733 230 733 236 730 244 725 340 724 362 728 371 729 372 729 373 729 377 728 393 723 440 727 460 728 461 728 482 726 542 720 572 725 581 726 582 726 590 725 615 719 634 724 639 725 640 725 641 725 642 725 645 724 661 718 678 722 679 722 680 722 753 716 881 720 883 705 880 673 842 663 841 663 840 663 816 672 797 664 796 664 795 664 759 665 758 665 741 675 654 668 653 668 652 668 651 668 634 678 570 678 549 670 548 670 547 670 496 679 480 672 479 672 478 672 436 679 415 675 414 675 413 675 388 682 357 676 356 676 355 676 354 676 342 683 295 683 283 677 282 677 281 677 280 677 244 684 189 677 188 677 39 689 40 721"/></Shape>
	    <String CONTENT="ra. Diligens uxorem ſuam, ſe ipſum diligit."
                    HPOS="39.0"
                    VPOS="663.0"
                    WIDTH="844.0"
                    HEIGHT="70.0"
                    WC="0.9894555072451747"></String>
          </TextLine>
          <TextLine ID="line_13"
                    TAGREFS="LT8"
                    BASELINE="41 770 610 756 884 756" 
                    HPOS="40.0"
                    VPOS="716.0"
                    WIDTH="844.0"
                    HEIGHT="67.0">
            <Shape><Polygon POINTS="41 770 41 778 93 783 94 783 142 777 149 777 162 777 254 780 255 780 296 775 311 774 327 775 362 778 363 778 425 774 472 770 883 768 884 756 883 722 757 716 756 716 755 716 734 724 732 724 725 724 682 720 681 720 657 725 654 725 651 725 620 719 619 719 584 726 576 728 363 730 361 729 355 724 354 724 353 724 312 724 311 724 280 730 268 732 258 730 233 726 232 726 231 726 212 731 200 734 163 732 119 729 118 729 117 729 109 733 103 735 96 733 86 729 85 729 84 729 40 733 41 770"/></Shape>
	    <String CONTENT="Nemo enim unquam carnem ſuam odio ha"
                    HPOS="40.0"
                    VPOS="716.0"
                    WIDTH="844.0"
                    HEIGHT="67.0"
                    WC="0.9887627760569254"></String>
          </TextLine>
          <TextLine ID="line_14"
                    TAGREFS="LT8"
                    BASELINE="38 819 397 809 880 804" 
                    HPOS="37.0"
                    VPOS="762.0"
                    WIDTH="843.0"
                    HEIGHT="71.0">
            <Shape><Polygon POINTS="38 819 38 833 168 826 219 830 221 830 222 830 240 824 268 828 270 828 360 822 407 827 408 827 409 827 410 827 426 821 458 826 459 826 507 820 583 824 584 824 585 824 586 824 629 818 684 822 685 822 687 822 696 817 703 822 704 822 705 822 706 822 707 822 749 816 878 819 880 804 879 771 856 762 855 762 854 762 823 768 807 762 806 762 805 762 751 772 740 773 730 772 687 764 685 764 684 764 683 764 674 772 671 774 658 772 614 766 612 766 557 773 532 776 518 773 492 768 491 768 489 768 476 773 467 778 420 778 404 774 389 770 388 770 387 770 330 771 329 771 328 771 324 775 319 778 307 775 298 772 297 772 296 772 295 772 293 772 290 775 282 780 258 775 252 774 251 774 244 775 219 781 208 775 203 773 202 773 201 773 200 773 191 775 174 781 159 776 155 774 154 774 153 774 140 776 99 783 70 776 64 775 63 775 62 775 37 776 38 819"/></Shape>
	    <String CONTENT="buit, ſed nutrit &amp; fouet eam, ſicut Dominus"
                    HPOS="37.0"
                    VPOS="762.0"
                    WIDTH="843.0"
                    HEIGHT="71.0"
                    WC="0.9964243963707325"></String>
          </TextLine>
          <TextLine ID="line_15"
                    TAGREFS="LT8"
                    BASELINE="39 870 260 862" 
                    HPOS="37.0"
                    VPOS="822.0"
                    WIDTH="223.0"
                    HEIGHT="60.0">
            <Shape><Polygon POINTS="39 870 39 882 260 872 260 862 257 833 223 833 218 833 163 822 162 822 161 822 160 822 144 833 142 835 139 833 119 824 118 824 117 824 116 824 91 834 87 835 85 834 71 825 70 825 69 825 68 825 42 826 41 826 40 826 40 827 39 827 37 828 39 870"/></Shape>
	    <String CONTENT="Eccleſiam."
                    HPOS="37.0"
                    VPOS="822.0"
                    WIDTH="223.0"
                    HEIGHT="60.0"
                    WC="0.9993400990962982"></String>
          </TextLine>
        </TextBlock>
        <TextBlock HPOS="44"
                   VPOS="873"
                   WIDTH="849"
                   HEIGHT="451"
                   ID="block_1"
                   TAGREFS="BT988">
          <Shape><Polygon POINTS="893 873 893 1324 44 1324 44 873"/></Shape>
          <TextLine ID="line_16"
                    TAGREFS="LT8"
                    BASELINE="81 915 546 904 881 904" 
                    HPOS="81.0"
                    VPOS="860.0"
                    WIDTH="800.0"
                    HEIGHT="70.0">
            <Shape><Polygon POINTS="267 909 257 909 247 909 236 909 226 909 215 909 205 909 194 909 184 909 174 911 163 911 153 911 142 911 132 911 121 911 111 911 107 911 81 915 81 921 99 929 100 929 101 930 138 930 138 929 218 922 241 927 242 927 243 927 282 921 293 919 313 920 366 925 368 925 369 925 388 920 395 919 406 920 433 923 434 923 435 923 436 923 440 920 444 918 620 919 631 919 632 919 633 919 647 914 693 919 713 921 714 921 732 919 787 911 796 918 797 918 798 918 799 919 881 919 881 904 880 870 843 870 824 860 823 860 822 860 821 860 770 874 767 874 764 874 720 862 719 862 718 862 678 870 626 867 625 867 624 867 623 867 615 873 582 864 581 864 580 864 517 871 507 865 506 865 505 865 504 865 457 875 434 875 424 867 423 867 422 867 421 867 390 869 389 869 362 878 350 870 349 870 348 870 347 870 346 870 335 874 317 868 316 868 315 868 314 868 268 891 267 909"/></Shape>
	    <String CONTENT="Quoniam membra ſumus corporis eius,"
                    HPOS="81.0"
                    VPOS="860.0"
                    WIDTH="800.0"
                    HEIGHT="70.0"></String>
          </TextLine>
          <TextLine ID="line_17"
                    TAGREFS="LT8"
                    BASELINE="39 965 425 955 885 951" 
                    HPOS="38.0"
                    VPOS="911.0"
                    WIDTH="847.0"
                    HEIGHT="65.0">
            <Shape><Polygon POINTS="39 965 39 972 173 976 174 976 175 976 194 971 580 971 580 970 885 959 885 951 883 919 807 911 806 911 805 911 773 920 768 921 762 920 715 914 714 914 675 921 643 915 642 915 579 923 571 924 569 923 554 916 553 916 512 916 511 916 510 916 494 924 492 926 468 926 467 925 454 917 453 917 452 917 451 917 374 918 373 918 352 927 351 927 333 919 332 919 306 919 305 919 264 928 263 928 262 928 251 924 250 924 249 924 248 924 238 928 236 929 229 929 195 925 194 925 135 930 131 930 129 930 99 924 97 924 38 931 39 965"/></Shape>
	    <String CONTENT="ex carne eius &amp; oſſibus eius, pro quo relin¬"
                    HPOS="38.0"
                    VPOS="911.0"
                    WIDTH="847.0"
                    HEIGHT="65.0"
                    WC="0.9876065051013773"></String>
          </TextLine>
          <TextLine ID="line_18"
                    TAGREFS="LT8"
                    BASELINE="40 1014 593 1001 887 1001" 
                    HPOS="39.0"
                    VPOS="959.0"
                    WIDTH="848.0"
                    HEIGHT="69.0">
            <Shape><Polygon POINTS="40 1014 40 1022 93 1028 94 1028 159 1021 162 1021 164 1021 198 1026 199 1026 200 1026 214 1020 217 1019 229 1020 274 1025 275 1025 276 1025 290 1019 295 1018 298 1019 312 1024 313 1024 314 1024 371 1018 394 1016 411 1018 452 1022 453 1022 454 1022 474 1017 482 1015 491 1017 511 1021 512 1021 550 1016 573 1011 709 1010 716 1014 724 1017 725 1017 726 1017 727 1017 740 1013 752 1009 771 1013 785 1015 786 1015 886 1010 887 1001 886 966 860 959 859 959 823 959 822 959 821 959 805 968 797 968 635 963 634 963 633 963 632 963 622 971 622 972 554 972 512 965 511 965 476 971 417 967 415 967 414 967 383 975 365 968 364 968 363 968 362 968 331 976 297 972 296 972 162 978 130 972 129 972 128 972 127 972 116 979 81 975 80 975 39 981 40 1014"/></Shape>
	    <String CONTENT="quet homo patrem &amp; matrem &amp; adhærebit"
                    HPOS="39.0"
                    VPOS="959.0"
                    WIDTH="848.0"
                    HEIGHT="69.0"
                    WC="0.9806920837711643"></String>
          </TextLine>
          <TextLine ID="line_19"
                    TAGREFS="LT8"
                    BASELINE="42 1064 605 1050 888 1050" 
                    HPOS="41.0"
                    VPOS="1007.0"
                    WIDTH="847.0"
                    HEIGHT="71.0">
            <Shape><Polygon POINTS="42 1064 42 1072 91 1078 92 1078 93 1078 94 1078 102 1072 102 1071 118 1071 185 1071 203 1076 204 1076 205 1076 254 1069 259 1069 263 1069 309 1074 310 1074 311 1074 326 1068 327 1068 330 1068 365 1073 366 1073 394 1067 395 1067 397 1067 418 1072 419 1072 420 1072 421 1072 434 1066 436 1066 439 1066 462 1071 463 1071 528 1065 543 1064 551 1065 582 1069 583 1069 584 1069 602 1064 606 1063 623 1064 690 1067 691 1067 730 1062 746 1059 758 1060 782 1065 783 1065 888 1058 888 1050 885 1007 852 1018 798 1018 782 1009 781 1009 780 1009 754 1009 753 1009 752 1009 749 1010 734 1017 691 1011 682 1011 681 1011 680 1011 679 1011 678 1013 669 1019 654 1013 653 1013 652 1013 651 1013 650 1013 647 1014 622 1020 584 1015 573 1014 572 1014 558 1016 512 1023 497 1017 494 1016 493 1016 492 1016 491 1016 485 1018 463 1024 408 1019 377 1017 376 1017 375 1017 374 1017 370 1020 362 1025 349 1021 348 1021 347 1021 344 1021 310 1027 271 1023 259 1022 258 1022 257 1022 256 1022 255 1023 249 1029 197 1029 190 1025 185 1021 184 1021 183 1021 151 1021 150 1021 149 1021 136 1026 126 1030 41 1029 42 1064"/></Shape>
	    <String CONTENT="uxori ſuę, erunt; duo, ut uiuant unum homi"
                    HPOS="41.0"
                    VPOS="1007.0"
                    WIDTH="847.0"
                    HEIGHT="71.0"
                    WC="0.9803201610391791"></String>
          </TextLine>
          <TextLine ID="line_20"
                    TAGREFS="LT8"
                    BASELINE="42 1112 615 1099 889 1100" 
                    HPOS="41.0"
                    VPOS="1062.0"
                    WIDTH="848.0"
                    HEIGHT="63.0">
            <Shape><Polygon POINTS="42 1112 42 1125 145 1124 146 1124 148 1124 165 1118 200 1123 208 1124 209 1124 219 1123 260 1117 310 1121 311 1121 312 1121 313 1121 349 1115 357 1120 358 1120 359 1120 360 1120 448 1114 456 1119 457 1120 458 1120 459 1120 460 1120 529 1119 541 1118 593 1111 655 1116 659 1116 660 1116 661 1116 663 1116 676 1111 718 1115 721 1115 722 1115 723 1115 724 1115 734 1108 888 1112 889 1100 888 1067 777 1063 776 1063 744 1068 704 1062 703 1062 702 1062 677 1069 653 1062 652 1062 651 1062 508 1072 475 1065 474 1065 473 1065 472 1065 472 1066 467 1070 443 1067 442 1067 399 1074 377 1067 376 1067 375 1067 374 1067 345 1075 286 1068 285 1068 244 1076 163 1070 162 1070 161 1070 130 1079 41 1080 42 1112"/></Shape>
	    <String CONTENT="nem. Hoc arcanum magnum eſt, ego autem"
                    HPOS="41.0"
                    VPOS="1062.0"
                    WIDTH="848.0"
                    HEIGHT="63.0"
                    WC="0.9816059187838906"></String>
          </TextLine>
          <TextLine ID="line_21"
                    TAGREFS="LT8"
                    BASELINE="43 1159 463 1149 889 1147" 
                    HPOS="42.0"
                    VPOS="1106.0"
                    WIDTH="847.0"
                    HEIGHT="67.0">
            <Shape><Polygon POINTS="43 1159 43 1173 125 1172 126 1172 127 1172 135 1166 148 1172 149 1172 150 1172 223 1166 262 1170 263 1170 264 1170 275 1165 301 1170 302 1170 303 1170 330 1163 381 1169 382 1169 383 1169 385 1169 468 1161 487 1167 488 1167 489 1167 543 1159 597 1166 601 1166 602 1166 606 1166 652 1158 888 1161 889 1147 886 1113 815 1114 814 1114 804 1106 803 1106 802 1106 801 1106 769 1112 751 1106 750 1106 749 1106 748 1106 747 1106 738 1115 737 1116 719 1116 717 1115 679 1107 678 1107 448 1119 446 1119 444 1119 326 1113 325 1113 286 1119 256 1114 255 1114 254 1114 228 1122 170 1118 169 1118 112 1124 68 1117 67 1117 66 1117 42 1125 43 1159"/></Shape>
	    <String CONTENT="dicoquoad CHRISTVM, &amp; Eccleſiam."
                    HPOS="42.0"
                    VPOS="1106.0"
                    WIDTH="847.0"
                    HEIGHT="67.0"
                    WC="0.9947508964687586"></String>
          </TextLine>
          <TextLine ID="line_22"
                    TAGREFS="LT8"
                    BASELINE="45 1208 887 1196" 
                    HPOS="44.0"
                    VPOS="1154.0"
                    WIDTH="843.0"
                    HEIGHT="68.0">
            <Shape><Polygon POINTS="45 1208 45 1216 100 1221 101 1221 102 1221 123 1216 128 1215 132 1216 151 1222 152 1222 153 1222 154 1222 155 1222 162 1216 179 1216 271 1213 285 1215 307 1219 308 1219 309 1219 325 1215 334 1213 363 1215 393 1217 394 1217 395 1217 396 1217 399 1215 406 1211 478 1214 534 1217 535 1217 536 1217 547 1214 566 1207 619 1207 641 1214 646 1215 647 1215 648 1215 649 1215 654 1214 676 1206 885 1212 887 1196 885 1163 827 1154 826 1154 825 1154 793 1163 788 1164 781 1163 753 1155 752 1155 751 1155 720 1163 712 1165 702 1163 675 1156 674 1156 627 1163 601 1167 596 1164 590 1158 589 1158 587 1158 586 1158 585 1158 574 1164 568 1166 557 1164 535 1158 534 1158 487 1162 486 1162 485 1162 483 1164 477 1168 452 1164 431 1161 430 1161 413 1164 386 1170 325 1165 314 1164 313 1164 312 1164 311 1164 311 1165 301 1171 287 1165 283 1163 282 1163 281 1163 280 1163 273 1165 242 1173 113 1174 44 1166 45 1208"/></Shape>
	    <String CONTENT="Veruntamen &amp; uos ſingillatim, ſuam quiſ"
                    HPOS="44.0"
                    VPOS="1154.0"
                    WIDTH="843.0"
                    HEIGHT="68.0"
                    WC="0.9961504653096199"></String>
          </TextLine>
          <TextLine ID="line_23"
                    TAGREFS="LT8"
                    BASELINE="43 1259 884 1244" 
                    HPOS="42.0"
                    VPOS="1203.0"
                    WIDTH="842.0"
                    HEIGHT="75.0">
            <Shape><Polygon POINTS="43 1259 43 1270 58 1277 59 1277 60 1278 60 1277 61 1277 76 1271 86 1277 87 1277 88 1277 89 1277 164 1269 190 1269 199 1275 200 1275 201 1275 202 1275 238 1268 268 1274 270 1274 310 1269 341 1273 342 1273 404 1265 472 1269 473 1269 474 1269 487 1264 498 1270 499 1270 500 1270 501 1270 558 1263 572 1269 573 1269 574 1269 575 1269 576 1269 586 1262 641 1268 642 1268 682 1261 691 1267 692 1267 693 1267 694 1267 763 1266 764 1266 787 1259 849 1264 850 1264 884 1255 884 1244 880 1213 839 1213 838 1213 824 1203 823 1203 822 1203 821 1203 795 1204 794 1204 793 1204 779 1214 776 1214 721 1205 720 1205 719 1205 699 1211 673 1206 672 1206 671 1206 644 1216 639 1217 633 1216 608 1207 607 1207 606 1207 605 1207 604 1207 593 1216 591 1217 583 1216 552 1213 551 1213 499 1217 479 1219 476 1218 461 1210 460 1210 459 1210 458 1210 438 1218 434 1220 428 1218 401 1211 400 1211 399 1211 398 1211 376 1219 370 1222 306 1222 301 1220 282 1213 281 1213 280 1213 218 1214 217 1214 216 1214 205 1221 200 1224 42 1224 43 1259"/></Shape>
	    <String CONTENT="uxorem diligat perinde atque ſeipſum, &amp; u¬"
                    HPOS="42.0"
                    VPOS="1203.0"
                    WIDTH="842.0"
                    HEIGHT="75.0"
                    WC="0.9969604753312611"></String>
          </TextLine>
          <TextLine ID="line_24"
                    TAGREFS="LT8"
                    BASELINE="42 1306 658 1295" 
                    HPOS="41.0"
                    VPOS="1257.0"
                    WIDTH="617.0"
                    HEIGHT="67.0">
            <Shape><Polygon POINTS="42 1306 42 1318 59 1324 60 1324 61 1324 94 1318 100 1317 102 1318 110 1321 111 1321 112 1321 176 1317 192 1316 194 1317 208 1322 209 1322 210 1322 273 1320 274 1320 275 1320 282 1316 285 1314 291 1316 308 1320 309 1320 310 1320 311 1320 325 1315 332 1313 346 1315 373 1319 374 1319 375 1319 376 1319 376 1318 377 1318 380 1315 382 1312 389 1314 401 1318 402 1318 403 1318 457 1317 458 1317 459 1317 464 1314 470 1311 476 1313 486 1317 487 1317 488 1317 489 1317 491 1317 495 1313 499 1311 511 1313 530 1316 531 1316 532 1316 538 1313 547 1309 656 1311 658 1295 656 1265 589 1257 587 1257 546 1259 545 1259 530 1267 529 1267 526 1267 484 1260 483 1260 482 1260 468 1268 467 1268 464 1268 429 1261 428 1261 427 1261 426 1261 417 1269 415 1269 402 1265 401 1265 400 1265 326 1270 310 1263 309 1263 308 1263 307 1263 289 1271 288 1271 253 1264 252 1264 208 1272 174 1266 173 1266 172 1266 170 1266 163 1272 94 1269 93 1269 41 1275 42 1306"/></Shape>
	    <String CONTENT="xor uolout reuereatur maritum."
                    HPOS="41.0"
                    VPOS="1257.0"
                    WIDTH="617.0"
                    HEIGHT="67.0"
                    WC="0.9759678741296133"></String>
          </TextLine>
        </TextBlock>
        <TextBlock HPOS="277"
                   VPOS="1345"
                   WIDTH="400"
                   HEIGHT="69"
                   ID="eSc_textblock_8d541fea"
                   TAGREFS="BT987">
          <Shape><Polygon POINTS="277 1345 277 1414 677 1414 677 1345"/></Shape>
          <TextLine ID="line_25"
                    TAGREFS="LT10"
                    BASELINE="292 1404 645 1391" 
                    HPOS="297"
                    VPOS="1349"
                    WIDTH="347"
                    HEIGHT="67">
            <Shape><Polygon POINTS="298 1416 500 1416 500 1414 502 1414 508 1413 530 1403 563 1411 569 1413 571 1413 572 1413 574 1413 575 1413 577 1411 589 1402 643 1410 644 1389 639 1350 525 1360 505 1352 494 1349 492 1349 491 1349 489 1349 477 1353 461 1358 417 1355 397 1353 395 1353 394 1353 389 1355 373 1363 297 1358 298 1399"/></Shape>
	    <String CONTENT="CAPVT VI."
                    HPOS="297"
                    VPOS="1349"
                    WIDTH="347"
                    HEIGHT="67"></String>
          </TextLine>
        </TextBlock>
        <TextBlock HPOS="104"
                   VPOS="1443"
                   WIDTH="794"
                   HEIGHT="80"
                   ID="block_2"
                   TAGREFS="BT988">
          <Shape><Polygon POINTS="898 1453 888 1523 104 1523 111 1443"/></Shape>
          <TextLine ID="line_26"
                    TAGREFS="LT8"
                    BASELINE="102 1502 889 1494" 
                    HPOS="101.0"
                    VPOS="1449.0"
                    WIDTH="788.0"
                    HEIGHT="75.0">
            <Shape><Polygon POINTS="102 1502 102 1524 187 1524 187 1523 188 1523 191 1522 208 1513 273 1520 297 1522 298 1522 299 1522 307 1519 328 1512 399 1517 404 1517 405 1517 408 1517 439 1511 449 1516 457 1520 458 1520 459 1521 495 1521 495 1520 537 1514 541 1514 544 1514 575 1519 576 1519 577 1519 599 1513 612 1509 674 1511 706 1512 707 1512 755 1509 798 1507 803 1508 823 1515 824 1515 825 1515 826 1515 827 1515 837 1508 839 1507 888 1507 889 1494 885 1449 870 1455 800 1450 789 1450 788 1450 776 1451 688 1461 618 1454 605 1453 604 1453 603 1453 602 1453 601 1454 589 1462 546 1455 543 1455 542 1455 532 1455 433 1463 415 1458 404 1454 403 1454 402 1454 401 1454 400 1454 395 1459 386 1464 355 1459 349 1459 348 1459 336 1460 295 1464 284 1461 273 1457 272 1457 271 1457 270 1457 258 1461 247 1466 204 1466 194 1462 182 1458 181 1458 111 1458 110 1458 109 1458 108 1458 101 1461 102 1502"/></Shape>
	    <String CONTENT="Filij morigeri eſtote parentibus ueſtris, ut"
                    HPOS="101.0"
                    VPOS="1449.0"
                    WIDTH="788.0"
                    HEIGHT="75.0"
                    WC="0.9988449527458712"></String>
          </TextLine>
        </TextBlock>
        <TextBlock HPOS="717"
                   VPOS="1508"
                   WIDTH="171"
                   HEIGHT="55"
                   ID="block_3"
                   TAGREFS="BT17">
          <Shape><Polygon POINTS="888 1508 888 1563 717 1563 717 1508"/></Shape>
          <TextLine ID="line_27"
                    TAGREFS="LT8"
                    BASELINE="712 1544 887 1542" 
                    HPOS="710.0"
                    VPOS="1501.0"
                    WIDTH="177.0"
                    HEIGHT="76.0">
            <Shape><Polygon POINTS="712 1544 714 1577 721 1572 754 1575 781 1577 782 1577 852 1571 871 1576 872 1576 873 1576 874 1576 887 1569 887 1542 885 1512 837 1512 799 1501 798 1501 797 1501 796 1501 774 1512 733 1502 732 1502 731 1502 710 1511 712 1544"/></Shape>
	    <String CONTENT="dignum"
                    HPOS="710.0"
                    VPOS="1501.0"
                    WIDTH="177.0"
                    HEIGHT="76.0"
                    WC="0.999397893746694"></String>
          </TextLine>
        </TextBlock>
        <TextBlock HPOS="835"
                   VPOS="114"
                   WIDTH="44"
                   HEIGHT="43"
                   ID="block_6"
                   TAGREFS="BT15">
          <Shape><Polygon POINTS="879 114 879 157 835 157 835 114"/></Shape>
          <TextLine ID="line_1"
                    TAGREFS="LT8"
                    BASELINE="843 142 855 142" 
                    HPOS="843.0"
                    VPOS="103.0"
                    WIDTH="12.0"
                    HEIGHT="57.0">
            <Shape><Polygon POINTS="843 142 843 160 855 158 855 142 854 103 843 104 843 142"/></Shape>
	    <String CONTENT="2"
                    HPOS="843.0"
                    VPOS="103.0"
                    WIDTH="12.0"
                    HEIGHT="57.0"
                    WC="0.9995867609977722"></String>
          </TextLine>
        </TextBlock>
        <TextBlock HPOS="926"
                   VPOS="299"
                   WIDTH="78"
                   HEIGHT="62"
                   ID="eSc_textblock_f54c949e"
                   TAGREFS="BT15">
          <Shape><Polygon POINTS="926 299 926 361 1004 361 1004 299"/></Shape>
          <TextLine ID="eSc_line_09f4a638"
                    TAGREFS="LT8"
                    BASELINE="932 339 995 345" 
                    HPOS="929"
                    VPOS="303"
                    WIDTH="64"
                    HEIGHT="51">
            <Shape><Polygon POINTS="930 337 929 351 990 354 993 343 993 303 932 304 930 337"/></Shape>
	    <String CONTENT="10·"
                    HPOS="929"
                    VPOS="303"
                    WIDTH="64"
                    HEIGHT="51"></String>
          </TextLine>
        </TextBlock>
        <TextBlock HPOS="932"
                   VPOS="856"
                   WIDTH="72"
                   HEIGHT="79"
                   ID="eSc_textblock_1052ae59"
                   TAGREFS="BT15">
          <Shape><Polygon POINTS="932 856 932 935 1004 935 1004 856"/></Shape>
          <TextLine ID="line_28"
                    TAGREFS="LT8"
                    BASELINE="945 903 989 903" 
                    HPOS="945"
                    VPOS="877"
                    WIDTH="44"
                    HEIGHT="51">
            <Shape><Polygon POINTS="945 903 945 918 965 928 966 928 967 928 989 925 989 903 989 877 945 877 945 903"/></Shape>
	    <String CONTENT="11·"
                    HPOS="945"
                    VPOS="877"
                    WIDTH="44"
                    HEIGHT="51"></String>
          </TextLine>
        </TextBlock>
      </PrintSpace>
    </Page>
  </Layout>
</alto>
