<?xml version="1.0" encoding="UTF-8"?>
<alto xmlns:xsi="http://www.w3.org/2001/XMLSchema-instance"
      xmlns="http://www.loc.gov/standards/alto/ns-v4#"
      xsi:schemaLocation="http://www.loc.gov/standards/alto/ns-v4# http://www.loc.gov/standards/alto/v4/alto-4-2.xsd">
  <Description>
    <MeasurementUnit>pixel</MeasurementUnit>
    <sourceImageInformation>
      <fileName>bsb00035303_00007.jpg</fileName>
    </sourceImageInformation>
  </Description>
  <Tags>
    <OtherTag ID="BT7" LABEL="CustomZone" DESCRIPTION="block type CustomZone"/><OtherTag ID="BT8" LABEL="DamageZone" DESCRIPTION="block type DamageZone"/><OtherTag ID="BT9" LABEL="DigitizationArtefactZone" DESCRIPTION="block type DigitizationArtefactZone"/><OtherTag ID="BT10" LABEL="DropCapitalZone" DESCRIPTION="block type DropCapitalZone"/><OtherTag ID="BT11" LABEL="GraphicZone" DESCRIPTION="block type GraphicZone"/><OtherTag ID="BT12" LABEL="MainZone" DESCRIPTION="block type MainZone"/><OtherTag ID="BT13" LABEL="MarginTextZone" DESCRIPTION="block type MarginTextZone"/><OtherTag ID="BT14" LABEL="MusicZone" DESCRIPTION="block type MusicZone"/><OtherTag ID="BT15" LABEL="NumberingZone" DESCRIPTION="block type NumberingZone"/><OtherTag ID="BT17" LABEL="QuireMarksZone" DESCRIPTION="block type QuireMarksZone"/><OtherTag ID="BT18" LABEL="RunningTitleZone" DESCRIPTION="block type RunningTitleZone"/><OtherTag ID="BT19" LABEL="SealZone" DESCRIPTION="block type SealZone"/><OtherTag ID="BT20" LABEL="StampZone" DESCRIPTION="block type StampZone"/><OtherTag ID="BT21" LABEL="TableZone" DESCRIPTION="block type TableZone"/><OtherTag ID="BT22" LABEL="TitlePageZone" DESCRIPTION="block type TitlePageZone"/><OtherTag ID="BT985" LABEL="MainZone-Other" DESCRIPTION="block type MainZone-Other"/><OtherTag ID="BT986" LABEL="MainZone-Signature" DESCRIPTION="block type MainZone-Signature"/><OtherTag ID="BT987" LABEL="MainZone-Head" DESCRIPTION="block type MainZone-Head"/><OtherTag ID="BT988" LABEL="MainZone-P" DESCRIPTION="block type MainZone-P"/><OtherTag ID="BT989" LABEL="MainZone-P-Continued" DESCRIPTION="block type MainZone-P-Continued"/><OtherTag ID="BT990" LABEL="MarginTextZone-Notes" DESCRIPTION="block type MarginTextZone-Notes"/><OtherTag ID="BT991" LABEL="MainZone-Lg" DESCRIPTION="block type MainZone-Lg"/>
    <OtherTag ID="LT7" LABEL="CustomLine" DESCRIPTION="line type CustomLine"/><OtherTag ID="LT8" LABEL="DefaultLine" DESCRIPTION="line type DefaultLine"/><OtherTag ID="LT9" LABEL="DropCapitalLine" DESCRIPTION="line type DropCapitalLine"/><OtherTag ID="LT10" LABEL="HeadingLine" DESCRIPTION="line type HeadingLine"/><OtherTag ID="LT11" LABEL="InterlinearLine" DESCRIPTION="line type InterlinearLine"/><OtherTag ID="LT12" LABEL="MusicLine" DESCRIPTION="line type MusicLine"/>
  </Tags>
  <Layout>
    <Page WIDTH="1128"
          HEIGHT="1876"
          PHYSICAL_IMG_NR="6"
          ID="eSc_dummypage_">
      <PrintSpace HPOS="0"
                  VPOS="0"
                  WIDTH="1128"
                  HEIGHT="1876">
        <TextBlock HPOS="248.0"
                   VPOS="107.0"
                   WIDTH="397.0"
                   HEIGHT="50.0"
                   ID="block_3"
                   TAGREFS="BT18">
          <Shape><Polygon POINTS="645 107 645 157 248 157 248 107"/></Shape>
          <TextLine ID="line_0"
                    TAGREFS="LT10"
                    BASELINE="250 144 642 146" 
                    HPOS="249.0"
                    VPOS="106.0"
                    WIDTH="393.0"
                    HEIGHT="54.0">
            <Shape><Polygon POINTS="624 111 614 111 603 111 593 111 592 111 590 112 520 112 519 111 509 111 499 111 488 111 478 111 468 111 457 111 447 111 436 111 426 111 415 111 405 111 395 111 384 111 374 111 363 111 353 111 342 111 332 111 322 111 311 111 301 111 290 111 280 111 270 111 259 111 258 106 250 106 250 144 249 157 319 158 320 158 321 158 322 158 349 151 368 158 369 158 370 158 371 158 387 151 398 158 399 158 400 158 401 158 402 158 431 151 450 157 451 157 452 157 492 152 508 158 509 158 536 159 567 159 568 159 569 159 583 152 598 159 599 159 600 160 641 160 642 146 642 111 639 111 634 111"/></Shape>
	    <String CONTENT="EPISTOLA."
                    HPOS="249.0"
                    VPOS="106.0"
                    WIDTH="393.0"
                    HEIGHT="54.0"
                    WC="0.9994167420599196"></String>
          </TextLine>
        </TextBlock>
        <TextBlock HPOS="25.0"
                   VPOS="169.0"
                   WIDTH="845.0"
                   HEIGHT="645.0"
                   ID="block_4"
                   TAGREFS="BT989">
          <Shape><Polygon POINTS="870 169 870 814 25 814 25 169"/></Shape>
          <TextLine ID="line_1"
                    TAGREFS="LT8"
                    BASELINE="26 208 861 213" 
                    HPOS="26.0"
                    VPOS="176.0"
                    WIDTH="835.0"
                    HEIGHT="53.0">
            <Shape><Polygon POINTS="839 176 828 176 818 176 808 176 776 178 768 176 766 176 755 176 745 176 744 176 740 178 727 176 724 176 714 176 703 176 693 176 691 176 678 180 658 176 651 176 641 176 630 176 625 176 609 181 586 181 580 176 578 176 568 176 559 176 542 180 517 176 516 176 505 176 499 176 468 179 462 176 453 176 443 176 432 176 422 176 421 176 412 177 406 176 401 176 390 176 380 176 371 176 365 179 308 179 303 176 297 176 286 176 276 176 270 176 266 177 262 176 255 176 244 176 234 176 232 176 228 178 209 176 203 176 192 176 182 176 172 176 161 176 156 176 153 177 150 176 140 176 130 176 126 176 121 177 26 177 26 208 26 225 186 219 247 219 254 226 255 227 256 227 257 227 258 227 272 226 316 220 414 220 423 226 426 228 427 228 428 228 429 228 440 226 459 221 479 226 489 228 491 228 501 226 520 221 566 226 579 227 580 227 587 226 605 223 609 226 611 228 612 228 614 228 615 228 628 226 651 223 664 226 674 229 675 229 676 229 860 226 861 213 859 176 849 176"/></Shape>
	    <String CONTENT="quarum tamen uſu ut nulla eſt impuritas, ita nulla in abſti"
                    HPOS="26.0"
                    VPOS="176.0"
                    WIDTH="835.0"
                    HEIGHT="53.0"
                    WC="0.9792396203946259"></String>
          </TextLine>
          <TextLine ID="line_2"
                    TAGREFS="LT8"
                    BASELINE="26 258 861 261" 
                    HPOS="25.0"
                    VPOS="221.0"
                    WIDTH="836.0"
                    HEIGHT="58.0">
            <Shape><Polygon POINTS="26 258 25 268 86 275 87 275 137 270 150 276 151 276 152 276 153 276 169 270 178 276 179 276 180 276 181 276 182 276 194 270 211 276 212 276 213 276 303 270 370 277 371 277 372 277 390 272 480 272 489 277 491 277 492 277 493 277 577 272 614 278 615 279 830 279 830 278 860 272 861 261 860 234 752 234 751 233 736 224 734 224 733 224 732 224 731 224 705 233 704 233 695 233 672 232 661 224 660 224 659 224 623 224 622 224 621 224 620 224 605 233 603 233 551 233 550 232 532 223 531 223 530 223 472 231 444 224 443 224 442 224 370 232 364 232 360 232 303 221 302 221 268 227 243 221 242 221 241 221 240 221 230 230 203 223 202 223 201 223 158 231 157 231 156 231 128 221 127 221 126 221 78 227 59 221 58 221 57 221 56 221 26 230 26 258"/></Shape>
	    <String CONTENT="nentia earum ſanctitas, totum feré mundum dementa¬"
                    HPOS="25.0"
                    VPOS="221.0"
                    WIDTH="836.0"
                    HEIGHT="58.0"
                    WC="0.9938930857415292"></String>
          </TextLine>
          <TextLine ID="line_3"
                    TAGREFS="LT8"
                    BASELINE="25 307 860 310" 
                    HPOS="23.0"
                    VPOS="272.0"
                    WIDTH="837.0"
                    HEIGHT="56.0">
            <Shape><Polygon POINTS="25 307 23 318 75 326 76 326 77 326 88 321 131 321 231 321 233 321 246 326 247 326 248 326 300 322 308 322 331 322 458 327 459 327 481 324 495 322 501 324 508 327 509 327 510 328 859 328 860 310 857 281 754 281 749 280 729 276 728 276 727 276 726 276 721 280 719 282 582 282 571 280 522 273 521 273 492 280 487 280 482 280 438 273 437 273 395 279 388 280 385 279 368 273 366 273 365 273 364 273 363 273 354 279 352 281 309 281 305 279 281 272 280 272 176 272 175 272 174 272 149 279 146 279 142 279 95 272 94 272 93 272 92 272 83 279 82 279 25 279 25 307"/></Shape>
	    <String CONTENT="runt. Porrò ut iſtorum impoſtura ſerpat, non paruum mo"
                    HPOS="23.0"
                    VPOS="272.0"
                    WIDTH="837.0"
                    HEIGHT="56.0"
                    WC="0.9704167528585954"></String>
          </TextLine>
          <TextLine ID="line_4"
                    TAGREFS="LT8"
                    BASELINE="27 357 862 359" 
                    HPOS="26.0"
                    VPOS="319.0"
                    WIDTH="836.0"
                    HEIGHT="57.0">
            <Shape><Polygon POINTS="27 357 26 368 52 375 53 375 54 375 75 368 77 368 79 368 95 375 96 375 97 375 148 368 154 368 158 368 188 375 189 375 214 368 218 368 224 368 261 375 262 375 263 375 279 368 281 368 282 368 296 374 297 374 298 374 339 368 346 368 349 368 369 375 370 375 371 375 469 369 493 376 494 376 495 376 496 376 515 369 537 376 538 376 540 376 573 369 829 376 830 376 861 368 862 359 861 330 799 330 799 329 788 321 787 321 786 321 785 321 783 321 751 329 750 330 703 330 702 329 669 321 668 321 579 321 578 321 577 321 564 326 547 321 546 321 545 321 435 325 424 319 423 319 422 319 421 319 399 326 349 322 348 322 347 322 331 328 329 328 279 323 278 323 277 323 256 328 255 328 254 328 229 319 228 319 191 319 190 319 189 319 188 319 178 328 177 328 170 328 88 322 87 322 86 322 72 328 70 328 27 328 27 357"/></Shape>
	    <String CONTENT="mentum adfert, eorumqui CHRIS T Ieſſeuo¬"
                    HPOS="26.0"
                    VPOS="319.0"
                    WIDTH="836.0"
                    HEIGHT="57.0"
                    WC="0.9854684874415398"></String>
          </TextLine>
          <TextLine ID="line_5"
                    TAGREFS="LT8"
                    BASELINE="27 406 862 410" 
                    HPOS="27.0"
                    VPOS="366.0"
                    WIDTH="835.0"
                    HEIGHT="60.0">
            <Shape><Polygon POINTS="861 381 837 380 823 371 822 371 821 371 820 371 776 372 775 372 752 379 744 381 740 379 729 371 728 371 727 371 726 371 685 376 666 371 665 371 664 371 663 371 643 377 631 381 585 381 573 376 556 369 555 369 554 369 553 369 543 375 533 380 491 380 481 374 475 369 474 369 473 369 472 369 471 369 457 374 437 380 374 380 333 372 316 368 315 368 314 368 307 371 284 380 257 380 221 369 212 367 211 367 210 367 209 367 205 369 186 377 165 368 162 367 161 367 112 367 111 367 109 367 66 378 28 366 27 406 27 418 246 418 248 418 274 424 275 424 350 418 360 418 368 418 410 424 411 424 412 424 429 418 431 418 432 418 444 425 445 425 446 425 478 420 479 420 480 420 617 425 618 425 643 420 644 420 645 420 658 426 659 426 660 426 661 426 663 426 670 421 691 426 692 426 693 426 861 420 862 410 861 381"/></Shape>
	    <String CONTENT="lunt infirmitas ne dicam, an ſocordia &amp; deteſtanda le¬"
                    HPOS="27.0"
                    VPOS="366.0"
                    WIDTH="835.0"
                    HEIGHT="60.0"
                    WC="0.9974062045415243"></String>
          </TextLine>
          <TextLine ID="line_6"
                    TAGREFS="LT8"
                    BASELINE="27 456 862 461" 
                    HPOS="27.0"
                    VPOS="417.0"
                    WIDTH="835.0"
                    HEIGHT="62.0">
            <Shape><Polygon POINTS="27 425 27 456 27 471 148 467 157 471 164 474 165 474 166 475 215 475 215 474 231 471 247 469 277 471 320 475 321 475 322 475 334 471 342 469 349 471 359 476 360 476 361 476 390 471 401 470 426 471 493 476 494 476 517 471 523 470 525 471 529 475 530 475 531 475 532 475 596 471 607 471 609 471 618 477 619 477 620 477 621 478 664 478 664 477 665 477 681 471 683 471 688 471 732 478 733 479 839 479 839 478 840 478 861 471 862 461 862 433 823 422 822 422 821 422 787 427 779 422 778 422 777 422 727 422 726 422 725 422 724 422 713 431 710 432 708 431 687 421 685 421 640 421 639 421 638 421 620 429 617 432 599 432 595 429 583 421 582 421 581 421 580 421 579 421 564 429 558 431 418 431 410 427 400 420 399 420 398 420 397 420 396 420 376 426 370 428 362 426 336 418 335 418 277 418 276 418 275 418 260 425 249 430 194 430 176 424 166 421 165 421 164 421 163 421 154 423 136 428 75 427 68 422 63 417 62 417 61 417 60 417 59 417 51 422 41 426 29 422 27 425"/></Shape>
	    <String CONTENT="uitas. Dum enim ſimpliciores, nondum ſcilicet à ſpiritu"
                    HPOS="27.0"
                    VPOS="417.0"
                    WIDTH="835.0"
                    HEIGHT="62.0"
                    WC="0.9871234691568783"></String>
          </TextLine>
          <TextLine ID="line_7"
                    TAGREFS="LT8"
                    BASELINE="28 506 861 509" 
                    HPOS="27.0"
                    VPOS="469.0"
                    WIDTH="834.0"
                    HEIGHT="57.0">
            <Shape><Polygon POINTS="28 506 27 516 50 523 51 523 52 523 81 517 97 524 99 524 100 524 249 517 273 517 277 519 306 525 307 525 351 519 354 519 484 519 489 520 517 525 518 525 561 520 573 519 577 520 594 526 595 526 596 526 597 526 615 520 617 520 621 520 660 526 661 526 698 521 709 526 710 526 712 526 860 521 861 509 860 477 665 471 664 471 636 476 626 478 615 476 594 473 593 473 530 476 506 477 503 476 491 471 489 471 488 471 452 476 442 477 428 476 369 470 368 470 329 476 320 477 316 476 300 469 299 469 298 469 297 469 281 476 280 476 278 476 242 469 241 469 203 476 200 476 197 476 169 469 168 469 167 469 28 475 28 506"/></Shape>
	    <String CONTENT="intus ſatis roborati, uident tam imparem doctrina Euan¬"
                    HPOS="27.0"
                    VPOS="469.0"
                    WIDTH="834.0"
                    HEIGHT="57.0"
                    WC="0.996340916373513"></String>
          </TextLine>
          <TextLine ID="line_8"
                    TAGREFS="LT8"
                    BASELINE="30 555 862 558" 
                    HPOS="30.0"
                    VPOS="519.0"
                    WIDTH="832.0"
                    HEIGHT="58.0">
            <Shape><Polygon POINTS="30 555 30 573 208 568 216 573 222 575 223 575 224 575 252 572 285 569 295 572 306 576 307 576 308 576 309 576 310 576 316 572 321 570 339 572 376 576 377 576 378 576 379 576 384 572 387 569 395 572 402 574 403 574 404 574 436 571 466 569 471 571 481 576 482 576 483 576 516 571 518 571 520 571 544 576 545 576 574 571 584 569 599 571 645 576 646 576 683 571 715 577 716 577 717 577 740 570 741 570 744 570 841 577 842 577 843 577 861 569 862 558 860 527 717 529 709 527 696 521 695 521 694 521 693 521 692 521 683 527 678 530 617 530 611 527 603 523 602 523 601 523 600 523 593 527 590 528 586 527 570 520 569 520 536 520 535 520 534 520 513 527 507 529 470 529 461 527 432 520 359 520 358 520 357 520 333 527 330 527 326 527 279 519 278 519 234 527 231 527 229 527 208 519 207 519 206 519 205 519 184 527 182 528 108 528 106 527 93 519 92 519 91 519 54 519 53 519 52 519 30 526 30 555"/></Shape>
	    <String CONTENT="gelica uitam apud eos, qui illam profitentur, minimo nego"
                    HPOS="30.0"
                    VPOS="519.0"
                    WIDTH="832.0"
                    HEIGHT="58.0"
                    WC="0.9822038328438475"></String>
          </TextLine>
          <TextLine ID="line_9"
                    TAGREFS="LT8"
                    BASELINE="29 606 863 609" 
                    HPOS="28.0"
                    VPOS="570.0"
                    WIDTH="835.0"
                    HEIGHT="60.0">
            <Shape><Polygon POINTS="29 606 28 616 60 627 61 627 62 627 101 620 123 627 124 627 125 628 189 628 189 627 190 627 191 627 200 621 241 627 242 627 243 627 244 627 255 619 256 619 302 619 303 619 319 626 320 626 321 626 362 620 363 620 374 628 375 628 376 628 377 628 446 620 454 620 468 621 585 629 586 630 628 630 628 629 629 629 630 629 640 622 642 621 710 621 713 622 731 629 732 629 733 629 765 623 772 629 773 629 774 629 775 630 798 630 798 629 799 629 800 629 807 623 810 622 861 623 863 609 862 581 824 581 823 580 811 572 810 572 808 572 807 572 769 580 766 581 680 581 677 579 659 572 658 572 596 572 595 572 594 572 571 578 567 580 520 580 516 578 502 573 501 573 500 573 499 573 498 573 492 578 489 579 478 578 446 574 445 574 444 574 431 577 424 579 417 577 388 571 387 571 333 577 309 579 267 579 263 576 249 570 248 570 247 570 200 576 179 579 157 579 152 575 144 570 143 570 142 570 102 570 101 570 100 570 99 570 92 575 88 578 82 575 70 570 69 570 68 570 29 574 29 606"/></Shape>
	    <String CONTENT="tio ab ijs, qui ſpeciem aliquam eius præ ſe ferunt, perſua¬"
                    HPOS="28.0"
                    VPOS="570.0"
                    WIDTH="835.0"
                    HEIGHT="60.0"
                    WC="0.9837660840002157"></String>
          </TextLine>
          <TextLine ID="line_10"
                    TAGREFS="LT8"
                    BASELINE="30 654 864 659" 
                    HPOS="29.0"
                    VPOS="619.0"
                    WIDTH="835.0"
                    HEIGHT="58.0">
            <Shape><Polygon POINTS="30 654 29 668 46 672 47 672 48 672 59 669 67 665 75 669 83 672 84 672 85 672 86 672 94 669 100 667 113 669 143 673 144 673 145 673 160 669 168 667 197 669 252 674 253 674 254 674 262 670 267 667 297 670 322 672 323 672 340 670 362 667 375 670 386 673 387 673 388 673 428 670 463 668 470 671 480 675 481 675 482 675 575 671 628 669 633 671 641 675 642 675 643 675 644 675 652 671 655 670 665 672 685 675 687 675 731 672 746 671 749 672 756 677 757 677 758 677 759 677 863 672 864 659 864 631 715 631 714 630 696 622 695 622 694 622 556 629 543 629 542 629 531 621 530 621 529 621 528 621 487 628 486 628 483 628 401 623 400 623 378 628 376 628 374 628 350 620 349 620 308 620 307 620 306 620 289 627 288 627 270 620 268 620 267 620 221 627 215 627 207 627 153 622 152 622 106 626 102 626 100 626 67 619 66 619 30 625 30 654"/></Shape>
	    <String CONTENT="dentur, non eſſe eam uere Euangelicam doctrinam, quam"
                    HPOS="29.0"
                    VPOS="619.0"
                    WIDTH="835.0"
                    HEIGHT="58.0"
                    WC="0.9993498359086379"></String>
          </TextLine>
          <TextLine ID="line_11"
                    TAGREFS="LT8"
                    BASELINE="31 706 864 706" 
                    HPOS="31.0"
                    VPOS="668.0"
                    WIDTH="833.0"
                    HEIGHT="57.0">
            <Shape><Polygon POINTS="31 706 31 718 70 725 71 725 146 719 150 719 289 719 290 719 305 725 306 725 307 725 380 719 387 719 389 719 398 725 399 725 400 725 401 725 476 724 477 724 478 724 483 720 484 719 485 720 500 725 501 725 502 725 528 720 532 719 536 720 557 725 558 725 559 725 864 720 864 706 864 679 805 670 804 670 803 670 777 678 776 678 761 670 759 670 758 670 757 670 756 670 746 678 732 668 731 668 730 668 729 668 728 668 727 668 715 677 713 679 657 679 655 677 643 668 642 668 641 668 523 668 522 668 521 668 520 668 507 676 504 678 497 676 470 668 469 668 468 668 467 668 466 668 453 676 448 679 389 679 380 675 369 671 368 671 366 671 365 671 357 675 351 678 346 675 336 668 335 668 334 668 333 668 332 668 309 675 306 675 303 674 280 670 279 670 278 670 277 670 272 674 265 678 213 678 207 674 201 669 200 669 199 669 198 669 197 669 178 674 176 674 173 674 156 669 155 669 154 669 153 669 139 673 125 678 88 676 84 673 78 668 77 668 76 668 75 668 31 672 31 706"/></Shape>
	    <String CONTENT="illi prædicant· Væ igitur nobis, ſi blaſphemandi doctri¬"
                    HPOS="31.0"
                    VPOS="668.0"
                    WIDTH="833.0"
                    HEIGHT="57.0"
                    WC="0.9908423232180732"></String>
          </TextLine>
          <TextLine ID="line_12"
                    TAGREFS="LT8"
                    BASELINE="32 756 864 760" 
                    HPOS="31.0"
                    VPOS="717.0"
                    WIDTH="833.0"
                    HEIGHT="62.0">
            <Shape><Polygon POINTS="32 756 31 766 128 775 129 775 130 775 142 770 185 774 186 774 187 774 188 774 199 768 211 775 212 775 213 775 214 775 230 770 310 775 311 775 312 775 328 769 399 769 462 777 463 777 464 777 483 771 492 777 493 777 494 777 495 777 540 772 568 777 569 777 570 777 585 770 597 775 598 775 599 775 630 770 654 778 655 778 656 779 733 779 733 778 767 771 812 778 813 778 863 770 864 760 862 727 762 729 755 726 741 720 740 720 739 720 669 725 629 719 628 719 627 719 607 726 605 727 603 726 592 719 591 719 590 719 513 719 512 719 511 719 494 726 487 728 455 726 381 721 380 721 352 726 345 727 342 726 330 718 329 718 328 718 327 718 326 718 325 718 314 726 312 727 305 726 281 722 280 722 262 726 256 727 254 726 247 720 246 720 244 720 243 720 215 726 213 726 211 726 198 721 197 721 195 721 144 725 133 717 132 717 131 717 130 717 129 717 95 726 32 726 32 756"/></Shape>
	    <String CONTENT="nam CHRISTI, &amp; offenſionis puſillorumoc"
                    HPOS="31.0"
                    VPOS="717.0"
                    WIDTH="833.0"
                    HEIGHT="62.0"
                    WC="0.9872989669824258"></String>
          </TextLine>
          <TextLine ID="line_13"
                    TAGREFS="LT8"
                    BASELINE="33 806 360 806" 
                    HPOS="33.0"
                    VPOS="766.0"
                    WIDTH="327.0"
                    HEIGHT="57.0">
            <Shape><Polygon POINTS="33 806 33 817 61 823 62 823 360 817 360 806 360 778 295 778 274 767 273 767 272 767 271 767 270 767 254 777 236 766 235 766 234 766 194 766 193 766 192 766 191 766 178 778 150 778 74 766 72 766 71 766 33 777 33 806"/></Shape>
	    <String CONTENT="caſionem dederimus."
                    HPOS="33.0"
                    VPOS="766.0"
                    WIDTH="327.0"
                    HEIGHT="57.0"
                    WC="0.9946149148439106"></String>
          </TextLine>
        </TextBlock>
        <TextBlock HPOS="32.0"
                   VPOS="828.0"
                   WIDTH="840.0"
                   HEIGHT="754.0"
                   ID="block_0"
                   TAGREFS="BT988">
          <Shape><Polygon POINTS="872 828 872 1582 32 1582 32 828"/></Shape>
          <TextLine ID="line_14"
                    TAGREFS="LT8"
                    BASELINE="79 856 867 858" 
                    HPOS="79.0"
                    VPOS="816.0"
                    WIDTH="788.0"
                    HEIGHT="62.0">
            <Shape><Polygon POINTS="79 856 79 873 199 869 243 873 277 876 278 876 279 876 286 873 295 869 335 869 348 873 358 876 359 876 360 876 361 876 374 873 378 872 398 873 493 877 494 877 522 872 535 870 543 872 556 877 557 877 558 877 559 877 560 877 569 872 573 872 621 877 622 877 623 877 624 877 631 872 632 871 633 872 640 877 641 877 642 877 643 878 687 878 687 877 718 872 723 871 726 872 742 877 743 877 744 877 745 877 755 872 758 870 780 871 849 877 850 877 851 877 866 871 867 858 867 823 739 817 738 817 737 817 736 817 729 823 726 825 674 825 661 823 623 817 622 817 621 817 620 817 610 823 609 823 606 823 578 817 577 817 549 823 541 824 536 823 522 817 521 817 520 817 488 823 484 823 483 823 472 817 471 817 470 817 469 817 456 823 454 823 453 823 438 817 437 817 436 817 408 823 404 823 402 823 385 816 384 816 383 816 382 816 365 823 363 823 356 823 314 818 313 818 312 818 299 823 297 823 295 823 281 816 280 816 279 816 278 816 277 816 267 823 235 823 234 823 221 816 219 816 218 816 217 816 199 821 155 816 154 816 153 816 152 816 141 823 139 823 79 823 79 856"/></Shape>
	    <String CONTENT="Præter hos, ſunt &amp; ex ijs, qui Euangelij purißimiuin"
                    HPOS="79.0"
                    VPOS="816.0"
                    WIDTH="788.0"
                    HEIGHT="62.0"
                    WC="0.9489888491538855"></String>
          </TextLine>
          <TextLine ID="line_15"
                    TAGREFS="LT8"
                    BASELINE="34 905 868 908" 
                    HPOS="33.0"
                    VPOS="867.0"
                    WIDTH="835.0"
                    HEIGHT="59.0">
            <Shape><Polygon POINTS="34 905 33 915 103 918 110 924 111 924 112 924 113 924 158 916 160 916 219 916 296 916 365 925 366 925 368 925 393 919 464 925 466 925 467 925 468 925 477 918 523 918 591 926 592 926 673 918 712 926 713 926 765 918 781 923 782 923 783 923 867 917 868 908 867 875 791 869 790 869 789 869 775 875 768 878 719 878 709 875 692 869 691 869 690 869 664 875 652 877 648 875 640 869 639 869 638 869 636 869 635 869 624 875 619 878 591 878 582 875 562 868 561 868 560 868 559 868 541 875 536 876 532 875 516 868 515 868 513 868 512 868 491 875 485 876 482 875 470 868 469 868 468 868 467 868 466 868 455 875 452 877 401 877 399 875 391 869 390 869 389 869 388 869 341 875 328 876 325 875 308 867 307 867 306 867 305 867 283 875 281 875 277 875 225 867 107 867 106 867 105 867 86 873 57 867 56 867 55 867 34 874 34 905"/></Shape>
	    <String CONTENT="dices ſibi uideri uolunt, neq ſanè uulgariter in prouchen"
                    HPOS="33.0"
                    VPOS="867.0"
                    WIDTH="835.0"
                    HEIGHT="59.0"
                    WC="0.9819384176155617"></String>
          </TextLine>
          <TextLine ID="line_16"
                    TAGREFS="LT8"
                    BASELINE="34 956 860 960" 
                    HPOS="31.0"
                    VPOS="911.0"
                    WIDTH="827.0"
                    HEIGHT="72.0">
            <Shape><Polygon POINTS="32 955 31 966 103 978 173 969 245 969 258 978 300 969 309 980 380 972 387 980 431 972 544 978 553 970 630 983 661 983 674 972 855 977 858 959 857 920 779 914 758 925 708 925 694 914 611 914 583 923 552 912 514 923 423 923 416 914 369 922 341 912 220 920 197 911 190 911 176 920 98 912 42 920 32 955"/></Shape>
	    <String CONTENT="do illo, ſudarunt, qui neſcio qua animis ipſorumobfuſa,"
                    HPOS="31.0"
                    VPOS="911.0"
                    WIDTH="827.0"
                    HEIGHT="72.0"
                    WC="0.9895244836807251"></String>
          </TextLine>
          <TextLine ID="line_17"
                    TAGREFS="LT8"
                    BASELINE="33 1005 633 1009 860 1005" 
                    HPOS="31.0"
                    VPOS="963.0"
                    WIDTH="827.0"
                    HEIGHT="57.0">
            <Shape><Polygon POINTS="32 1003 31 1017 855 1020 858 1003 854 972 761 975 675 966 653 975 600 967 569 975 552 967 506 975 494 964 466 973 413 964 402 975 217 975 206 964 156 964 122 973 96 963 71 972 64 963 43 969 32 1003"/></Shape>
	    <String CONTENT="contentionis &amp; φιλαυτίας incertum, an stuporis &amp;"
                    HPOS="31.0"
                    VPOS="963.0"
                    WIDTH="827.0"
                    HEIGHT="57.0"
                    WC="0.9948000555135765"></String>
          </TextLine>
          <TextLine ID="line_18"
                    TAGREFS="LT8"
                    BASELINE="34 1058 791 1058 860 1054" 
                    HPOS="32.0"
                    VPOS="1014.0"
                    WIDTH="826.0"
                    HEIGHT="64.0">
            <Shape><Polygon POINTS="32 1056 32 1078 92 1069 855 1075 858 1053 855 1022 741 1014 708 1025 688 1014 661 1025 553 1017 438 1025 402 1014 384 1027 344 1027 319 1014 292 1025 262 1014 223 1023 212 1014 147 1014 96 1023 71 1014 40 1023 32 1056"/></Shape>
	    <String CONTENT="ignorantiæ nubecula, Sacramentis, quæ ſymbola ſum"
                    HPOS="32.0"
                    VPOS="1014.0"
                    WIDTH="826.0"
                    HEIGHT="64.0"
                    WC="0.9957351356136556"></String>
          </TextLine>
          <TextLine ID="line_19"
                    TAGREFS="LT8"
                    BASELINE="36 1107 821 1107 860 1106" 
                    HPOS="34.0"
                    VPOS="1064.0"
                    WIDTH="824.0"
                    HEIGHT="60.0">
            <Shape><Polygon POINTS="35 1106 35 1119 855 1124 858 1105 852 1064 827 1072 746 1064 730 1064 729 1064 727 1064 725 1064 725 1066 714 1072 661 1066 643 1064 641 1064 639 1064 638 1064 636 1066 628 1074 552 1074 536 1067 525 1064 524 1064 522 1064 520 1064 519 1064 516 1067 508 1074 215 1074 211 1070 187 1064 186 1064 184 1064 183 1064 167 1072 158 1064 156 1064 154 1064 64 1064 62 1064 61 1064 34 1072 35 1106"/></Shape>
	    <String CONTENT="Christianorum, &amp; externo uerbo, ea tribuunt, unde di"
                    HPOS="34.0"
                    VPOS="1064.0"
                    WIDTH="824.0"
                    HEIGHT="60.0"
                    WC="0.9935179295448157"></String>
          </TextLine>
          <TextLine ID="line_20"
                    TAGREFS="LT8"
                    BASELINE="35 1156 687 1158 860 1155" 
                    HPOS="32.0"
                    VPOS="1114.0"
                    WIDTH="826.0"
                    HEIGHT="55.0">
            <Shape><Polygon POINTS="32 1169 857 1169 858 1124 846 1114 597 1122 553 1122 497 1114 474 1122 467 1114 402 1114 389 1122 359 1114 317 1122 278 1114 248 1122 170 1114 145 1122 117 1114 106 1124 43 1124 39 1116 32 1169"/></Shape>
	    <String CONTENT="uinæ beneuolentiæ, uirtutis́ claritas non parum obſcu¬"
                    HPOS="32.0"
                    VPOS="1114.0"
                    WIDTH="826.0"
                    HEIGHT="55.0"
                    WC="0.9908983219753612"></String>
          </TextLine>
          <TextLine ID="line_21"
                    TAGREFS="LT8"
                    BASELINE="35 1206 791 1208 860 1206" 
                    HPOS="32.0"
                    VPOS="1163.0"
                    WIDTH="826.0"
                    HEIGHT="64.0">
            <Shape><Polygon POINTS="34 1205 32 1217 855 1227 858 1205 854 1169 729 1172 694 1163 668 1172 646 1163 603 1172 594 1163 558 1170 530 1163 517 1174 449 1174 428 1163 312 1170 256 1163 244 1172 167 1163 147 1174 34 1174 34 1205"/></Shape>
	    <String CONTENT="ratur·Vehicula enim illa faciunt, ſpiritus ſancti, &amp; fidei,"
                    HPOS="32.0"
                    VPOS="1163.0"
                    WIDTH="826.0"
                    HEIGHT="64.0"
                    WC="0.9873642790115486"></String>
          </TextLine>
          <TextLine ID="line_22"
                    TAGREFS="LT8"
                    BASELINE="35 1256 860 1253" 
                    HPOS="32.0"
                    VPOS="1214.0"
                    WIDTH="826.0"
                    HEIGHT="60.0">
            <Shape><Polygon POINTS="34 1255 34 1270 855 1274 858 1252 854 1219 517 1222 514 1222 488 1214 486 1214 484 1214 359 1224 348 1224 336 1216 334 1216 333 1216 50 1216 48 1216 46 1216 45 1216 32 1222 34 1255"/></Shape>
	    <String CONTENT="cum hæc donet ſola bonitas Dei, impetrata morte CHRI"
                    HPOS="32.0"
                    VPOS="1214.0"
                    WIDTH="826.0"
                    HEIGHT="60.0"
                    WC="0.9931130455090449"></String>
          </TextLine>
          <TextLine ID="line_23"
                    TAGREFS="LT8"
                    BASELINE="38 1306 866 1309" 
                    HPOS="37.0"
                    VPOS="1274.0"
                    WIDTH="829.0"
                    HEIGHT="51.0">
            <Shape><Polygon POINTS="38 1306 37 1314 109 1320 110 1320 158 1316 180 1323 181 1323 182 1323 225 1317 235 1322 236 1322 237 1322 238 1322 239 1322 248 1316 349 1316 372 1323 373 1323 374 1323 462 1318 505 1324 506 1324 659 1318 692 1318 700 1324 701 1324 702 1324 703 1324 750 1318 767 1324 768 1324 769 1325 834 1325 834 1324 835 1324 865 1316 866 1309 865 1275 38 1274 38 1306"/></Shape>
	    <String CONTENT="STI. Hi ex eadem cognitionis gratiæ Dei angustia, &amp;"
                    HPOS="37.0"
                    VPOS="1274.0"
                    WIDTH="829.0"
                    HEIGHT="51.0"
                    WC="0.9891903692600774"></String>
          </TextLine>
          <TextLine ID="line_24"
                    TAGREFS="LT8"
                    BASELINE="37 1355 874 1358" 
                    HPOS="37.0"
                    VPOS="1318.0"
                    WIDTH="837.0"
                    HEIGHT="58.0">
            <Shape><Polygon POINTS="37 1355 37 1373 91 1366 135 1366 154 1372 156 1373 157 1373 158 1373 159 1373 162 1372 180 1367 190 1372 194 1374 195 1374 197 1374 216 1372 266 1366 290 1371 299 1373 300 1373 301 1373 305 1371 316 1366 347 1371 350 1371 351 1371 359 1371 420 1366 448 1370 481 1375 482 1376 548 1376 548 1375 549 1375 550 1375 558 1369 570 1375 571 1375 572 1375 573 1375 589 1369 592 1368 614 1369 752 1375 753 1375 754 1375 777 1368 792 1374 793 1374 794 1374 873 1366 874 1358 874 1328 847 1321 846 1321 845 1321 844 1321 823 1327 813 1319 812 1319 811 1319 810 1319 744 1320 743 1320 742 1320 733 1326 731 1328 676 1328 672 1326 659 1319 658 1319 657 1319 656 1319 655 1319 645 1325 641 1328 622 1328 619 1325 610 1319 609 1319 608 1319 607 1319 567 1325 547 1328 481 1328 458 1324 423 1318 422 1318 421 1318 420 1318 412 1323 407 1326 373 1323 341 1320 340 1320 339 1320 333 1322 324 1326 308 1322 303 1321 302 1321 301 1321 295 1322 277 1326 262 1322 251 1318 250 1318 208 1318 207 1318 192 1321 169 1326 127 1320 106 1318 105 1318 104 1318 96 1320 77 1326 65 1320 63 1318 62 1318 61 1318 60 1318 37 1319 37 1355"/></Shape>
	    <String CONTENT="ſanctorum ſalutem æternam negant, dum hic, qui Chri¬"
                    HPOS="37.0"
                    VPOS="1318.0"
                    WIDTH="837.0"
                    HEIGHT="58.0"
                    WC="0.9868293622365365"></String>
          </TextLine>
          <TextLine ID="line_25"
                    TAGREFS="LT8"
                    BASELINE="36 1408 875 1408" 
                    HPOS="36.0"
                    VPOS="1370.0"
                    WIDTH="839.0"
                    HEIGHT="55.0">
            <Shape><Polygon POINTS="36 1408 36 1417 286 1417 316 1424 317 1424 319 1424 368 1419 387 1424 388 1424 389 1425 439 1425 439 1424 440 1424 442 1424 448 1419 460 1424 461 1424 462 1424 521 1419 540 1424 541 1424 542 1424 594 1419 753 1424 754 1424 875 1416 875 1408 874 1376 638 1378 633 1376 625 1370 624 1370 623 1370 595 1370 594 1370 593 1370 580 1376 576 1379 540 1379 533 1376 512 1370 511 1370 510 1370 509 1370 508 1370 498 1377 497 1377 452 1378 444 1377 407 1370 406 1370 405 1370 380 1377 376 1378 372 1377 351 1370 350 1370 296 1370 295 1370 293 1370 292 1370 286 1375 280 1370 279 1370 278 1370 216 1370 215 1370 214 1370 191 1377 188 1378 183 1377 153 1373 152 1373 102 1378 96 1378 95 1378 85 1370 84 1370 83 1370 53 1370 52 1370 51 1370 36 1377 36 1408"/></Shape>
	    <String CONTENT="stouere crediderint, rurſum poße excidere, non tam in¬"
                    HPOS="36.0"
                    VPOS="1370.0"
                    WIDTH="839.0"
                    HEIGHT="55.0"
                    WC="0.9923664618421484"></String>
          </TextLine>
          <TextLine ID="line_26"
                    TAGREFS="LT8"
                    BASELINE="36 1455 877 1458" 
                    HPOS="35.0"
                    VPOS="1418.0"
                    WIDTH="842.0"
                    HEIGHT="58.0">
            <Shape><Polygon POINTS="36 1455 35 1467 64 1472 65 1472 66 1472 80 1467 81 1467 83 1467 101 1474 102 1474 103 1474 104 1474 105 1474 114 1467 115 1467 202 1467 204 1467 211 1473 212 1473 213 1473 261 1474 262 1474 263 1474 264 1474 273 1467 274 1467 310 1467 314 1467 342 1474 344 1474 378 1467 382 1467 389 1467 457 1475 458 1476 568 1476 568 1475 569 1475 570 1475 581 1468 624 1468 680 1475 681 1476 728 1476 728 1475 729 1475 730 1475 742 1468 841 1475 842 1475 876 1467 877 1458 876 1425 835 1419 834 1419 832 1419 831 1419 823 1425 816 1430 600 1430 561 1428 557 1426 543 1419 542 1419 541 1419 488 1424 429 1418 428 1418 427 1418 426 1418 415 1425 372 1420 371 1420 370 1420 346 1426 322 1420 321 1420 320 1420 319 1420 317 1420 309 1426 283 1418 282 1418 281 1418 280 1418 247 1427 241 1428 237 1427 213 1418 212 1418 211 1418 210 1418 174 1427 173 1427 155 1418 154 1418 107 1418 106 1418 105 1418 104 1418 92 1427 36 1427 36 1455"/></Shape>
	    <String CONTENT="conſiderate, quàm periculoſe affirmant. Quæ enimfi¬"
                    HPOS="35.0"
                    VPOS="1418.0"
                    WIDTH="842.0"
                    HEIGHT="58.0"
                    WC="0.9995938699979049"></String>
          </TextLine>
          <TextLine ID="line_27"
                    TAGREFS="LT8"
                    BASELINE="37 1504 881 1507" 
                    HPOS="36.0"
                    VPOS="1467.0"
                    WIDTH="845.0"
                    HEIGHT="60.0">
            <Shape><Polygon POINTS="37 1504 36 1517 109 1525 110 1526 134 1526 134 1525 135 1525 136 1525 145 1518 164 1525 165 1525 166 1525 167 1525 195 1518 197 1518 198 1518 273 1523 274 1523 275 1523 292 1518 293 1518 434 1518 435 1518 459 1526 460 1526 461 1527 582 1527 582 1526 583 1526 596 1520 616 1526 617 1526 618 1527 750 1527 750 1526 751 1526 772 1519 797 1526 798 1526 799 1526 800 1526 822 1519 880 1519 881 1507 880 1473 840 1469 839 1469 838 1469 837 1469 832 1472 826 1477 756 1477 741 1472 736 1470 734 1470 733 1470 732 1470 731 1470 729 1471 721 1477 654 1477 602 1471 584 1469 583 1469 572 1470 538 1475 516 1470 509 1469 508 1469 501 1470 466 1476 406 1470 405 1470 404 1470 387 1475 380 1469 379 1468 378 1468 377 1468 376 1468 368 1469 338 1473 313 1469 308 1468 307 1468 306 1468 304 1468 289 1474 277 1468 276 1468 275 1468 221 1468 219 1468 218 1468 217 1468 207 1475 186 1468 185 1468 184 1468 183 1468 182 1468 172 1475 108 1469 107 1469 106 1469 87 1475 37 1467 37 1504"/></Shape>
	    <String CONTENT="des, quæ ſe dubitet habere repoſitam ſibi penes Deumui¬"
                    HPOS="36.0"
                    VPOS="1467.0"
                    WIDTH="845.0"
                    HEIGHT="60.0"
                    WC="0.9950907555493441"></String>
          </TextLine>
          <TextLine ID="line_28"
                    TAGREFS="LT8"
                    BASELINE="37 1559 885 1559" 
                    HPOS="37.0"
                    VPOS="1519.0"
                    WIDTH="848.0"
                    HEIGHT="70.0">
            <Shape><Polygon POINTS="37 1559 37 1589 129 1588 130 1588 131 1588 148 1574 175 1574 224 1574 242 1586 243 1586 244 1586 246 1586 247 1586 248 1586 265 1574 303 1583 304 1583 305 1583 323 1575 342 1589 344 1589 345 1589 346 1589 385 1589 475 1588 476 1588 477 1588 495 1574 562 1587 564 1587 565 1587 600 1574 622 1580 623 1580 624 1580 685 1574 709 1581 710 1581 712 1581 713 1581 732 1575 745 1582 746 1582 747 1582 821 1574 831 1582 832 1582 834 1582 835 1582 865 1576 881 1589 885 1559 885 1528 863 1528 848 1519 847 1519 846 1519 845 1519 811 1520 810 1520 808 1520 797 1527 763 1521 762 1521 704 1527 683 1519 682 1519 681 1519 624 1527 612 1519 611 1519 610 1519 587 1519 586 1519 585 1519 584 1519 573 1528 493 1528 479 1519 478 1519 477 1519 405 1519 404 1519 403 1519 377 1527 341 1519 340 1519 339 1519 338 1519 327 1528 298 1528 283 1519 282 1519 281 1519 256 1519 255 1519 254 1519 236 1528 175 1528 146 1519 145 1519 144 1519 143 1519 130 1526 37 1527 37 1559"/></Shape>
	    <String CONTENT="tam ætcrnam, hoc est, eſſe filium at hæredem Dei ?am"
                    HPOS="37.0"
                    VPOS="1519.0"
                    WIDTH="848.0"
                    HEIGHT="70.0"
                    WC="0.9796570741905356"></String>
          </TextLine>
        </TextBlock>
        <TextBlock HPOS="883.0"
                   VPOS="925.0"
                   WIDTH="181.0"
                   HEIGHT="371.0"
                   ID="eSc_textblock_1834c0d8"
                   TAGREFS="BT990">
          <Shape><Polygon POINTS="883 925 883 1096 883 1296 1064 1296 1064 925"/></Shape>
          <TextLine ID="eSc_line_6d39b95a"
                    TAGREFS="LT8"
                    BASELINE="890 1004 1041 1001" 
                    HPOS="887.0"
                    VPOS="945.0"
                    WIDTH="153.0"
                    HEIGHT="71.0">
            <Shape><Polygon POINTS="888 1016 1040 1016 1040 1000 1035 953 974 955 973 953 965 947 965 945 963 945 962 945 960 945 887 953 888 1003"/></Shape>
	    <String CONTENT="Sacramen"
                    HPOS="887.0"
                    VPOS="945.0"
                    WIDTH="153.0"
                    HEIGHT="71.0"
                    WC="0.9998172596096992"></String>
          </TextLine>
          <TextLine ID="eSc_line_493f8e55"
                    TAGREFS="LT8"
                    BASELINE="890 1052 891 1052 1038 1053" 
                    HPOS="887.0"
                    VPOS="1013.0"
                    WIDTH="150.0"
                    HEIGHT="54.0">
            <Shape><Polygon POINTS="888 1050 887 1067 1035 1064 1037 1052 1035 1019 888 1013 888 1050"/></Shape>
	    <String CONTENT="is et exter"
                    HPOS="887.0"
                    VPOS="1013.0"
                    WIDTH="150.0"
                    HEIGHT="54.0"
                    WC="0.9655357111584056"></String>
          </TextLine>
          <TextLine ID="eSc_line_31e2b3c4"
                    TAGREFS="LT8"
                    BASELINE="890 1105 1024 1101" 
                    HPOS="887.0"
                    VPOS="1059.0"
                    WIDTH="136.0"
                    HEIGHT="54.0">
            <Shape><Polygon POINTS="888 1103 888 1113 1023 1109 1023 1100 1020 1067 954 1059 952 1059 887 1067 888 1103"/></Shape>
	    <String CONTENT="io uerbo"
                    HPOS="887.0"
                    VPOS="1059.0"
                    WIDTH="136.0"
                    HEIGHT="54.0"
                    WC="0.9995793700218201"></String>
          </TextLine>
          <TextLine ID="eSc_line_6d9fd00c"
                    TAGREFS="LT8"
                    BASELINE="890 1154 1042 1151" 
                    HPOS="887.0"
                    VPOS="1113.0"
                    WIDTH="154.0"
                    HEIGHT="62.0">
            <Shape><Polygon POINTS="888 1153 890 1175 908 1166 943 1170 962 1174 963 1174 965 1174 966 1174 966 1172 971 1169 974 1164 1040 1163 1041 1150 1037 1113 887 1113 888 1153"/></Shape>
	    <String CONTENT="quidam ni"
                    HPOS="887.0"
                    VPOS="1113.0"
                    WIDTH="154.0"
                    HEIGHT="62.0"
                    WC="0.9999608397483826"></String>
          </TextLine>
          <TextLine ID="eSc_line_e5550ce4"
                    TAGREFS="LT8"
                    BASELINE="890 1205 1039 1200" 
                    HPOS="887.0"
                    VPOS="1155.0"
                    WIDTH="151.0"
                    HEIGHT="67.0">
            <Shape><Polygon POINTS="888 1203 888 1216 985 1222 987 1222 1037 1213 1038 1199 1035 1164 982 1155 980 1155 979 1155 977 1155 965 1166 963 1166 959 1166 910 1158 908 1158 907 1158 887 1164 888 1203"/></Shape>
	    <String CONTENT="nium tri¬"
                    HPOS="887.0"
                    VPOS="1155.0"
                    WIDTH="151.0"
                    HEIGHT="67.0"
                    WC="0.9998791548940871"></String>
          </TextLine>
          <TextLine ID="eSc_line_ed284b79"
                    TAGREFS="LT8"
                    BASELINE="890 1253 982 1253" 
                    HPOS="888.0"
                    VPOS="1210.0"
                    WIDTH="92.0"
                    HEIGHT="76.0">
            <Shape><Polygon POINTS="888 1252 888 1278 979 1286 980 1252 980 1219 888 1210 888 1252"/></Shape>
	    <String CONTENT="buunt-"
                    HPOS="888.0"
                    VPOS="1210.0"
                    WIDTH="92.0"
                    HEIGHT="76.0"
                    WC="0.9431543449560801"></String>
          </TextLine>
        </TextBlock>
        <TextBlock HPOS="540.0"
                   VPOS="1576.0"
                   WIDTH="193.0"
                   HEIGHT="59.0"
                   ID="block_2"
                   TAGREFS="BT17">
          <Shape><Polygon POINTS="730 1576 733 1635 540 1635 540 1576 634 1576"/></Shape>
          <TextLine ID="eSc_line_81c40ba1"
                    TAGREFS="LT8"
                    BASELINE="574 1612 601 1612" 
                    HPOS="572.0"
                    VPOS="1574.0"
                    WIDTH="28.0"
                    HEIGHT="73.0">
            <Shape><Polygon POINTS="572 1611 572 1638 597 1647 600 1611 600 1578 572 1574 572 1611"/></Shape>
	    <String CONTENT="O"
                    HPOS="572.0"
                    VPOS="1574.0"
                    WIDTH="28.0"
                    HEIGHT="73.0"></String>
          </TextLine>
          <TextLine ID="eSc_line_0d81e275"
                    TAGREFS="LT8"
                    BASELINE="678 1620 698 1620" 
                    HPOS="677.0"
                    VPOS="1569.0"
                    WIDTH="20.0"
                    HEIGHT="74.0">
            <Shape><Polygon POINTS="677 1643 697 1643 697 1619 697 1574 678 1569 677 1619 677 1643"/></Shape>
	    <String CONTENT="4"
                    HPOS="677.0"
                    VPOS="1569.0"
                    WIDTH="20.0"
                    HEIGHT="74.0"></String>
          </TextLine>
        </TextBlock>
        <TextBlock HPOS="772.0"
                   VPOS="1596.0"
                   WIDTH="117.0"
                   HEIGHT="64.0"
                   ID="eSc_textblock_ab198de4"
                   TAGREFS="BT17">
          <Shape><Polygon POINTS="772 1596 772 1660 889 1660 889 1596"/></Shape>
          <TextLine ID="line_29"
                    TAGREFS="LT8"
                    BASELINE="774 1611 880 1608" 
                    HPOS="772.0"
                    VPOS="1571.0"
                    WIDTH="108.0"
                    HEIGHT="67.0">
            <Shape><Polygon POINTS="774 1611 774 1638 822 1637 823 1637 836 1633 846 1628 853 1631 869 1635 870 1635 871 1635 872 1635 873 1635 880 1627 880 1608 878 1575 864 1571 863 1571 862 1571 823 1577 822 1577 808 1572 807 1572 806 1572 772 1578 774 1611"/></Shape>
	    <String CONTENT="Deus"
                    HPOS="772.0"
                    VPOS="1571.0"
                    WIDTH="108.0"
                    HEIGHT="67.0"
                    WC="0.9999347925186157"></String>
          </TextLine>
        </TextBlock>
      </PrintSpace>
    </Page>
  </Layout>
</alto>
