<?xml version="1.0" encoding="UTF-8"?>
<alto xmlns:xsi="http://www.w3.org/2001/XMLSchema-instance"
      xmlns="http://www.loc.gov/standards/alto/ns-v4#"
      xsi:schemaLocation="http://www.loc.gov/standards/alto/ns-v4# http://www.loc.gov/standards/alto/v4/alto-4-2.xsd">
  <Description>
    <MeasurementUnit>pixel</MeasurementUnit>
    <sourceImageInformation>
      <fileName>bsb00035303_00052.jpg</fileName>
    </sourceImageInformation>
  </Description>
  <Tags>
    <OtherTag ID="BT7" LABEL="CustomZone" DESCRIPTION="block type CustomZone"/><OtherTag ID="BT10" LABEL="DropCapitalZone" DESCRIPTION="block type DropCapitalZone"/><OtherTag ID="BT11" LABEL="GraphicZone" DESCRIPTION="block type GraphicZone"/><OtherTag ID="BT12" LABEL="MainZone" DESCRIPTION="block type MainZone"/><OtherTag ID="BT13" LABEL="MarginTextZone" DESCRIPTION="block type MarginTextZone"/><OtherTag ID="BT15" LABEL="NumberingZone" DESCRIPTION="block type NumberingZone"/><OtherTag ID="BT17" LABEL="QuireMarksZone" DESCRIPTION="block type QuireMarksZone"/><OtherTag ID="BT18" LABEL="RunningTitleZone" DESCRIPTION="block type RunningTitleZone"/><OtherTag ID="BT22" LABEL="TitlePageZone" DESCRIPTION="block type TitlePageZone"/><OtherTag ID="BT985" LABEL="MainZone-Other" DESCRIPTION="block type MainZone-Other"/><OtherTag ID="BT986" LABEL="MainZone-Signature" DESCRIPTION="block type MainZone-Signature"/><OtherTag ID="BT987" LABEL="MainZone-Head" DESCRIPTION="block type MainZone-Head"/><OtherTag ID="BT988" LABEL="MainZone-P" DESCRIPTION="block type MainZone-P"/><OtherTag ID="BT989" LABEL="MainZone-P-Continued" DESCRIPTION="block type MainZone-P-Continued"/><OtherTag ID="BT990" LABEL="MarginTextZone-Notes" DESCRIPTION="block type MarginTextZone-Notes"/><OtherTag ID="BT991" LABEL="MainZone-Lg" DESCRIPTION="block type MainZone-Lg"/><OtherTag ID="BT1884" LABEL="MainZone-Sp" DESCRIPTION="block type MainZone-Sp"/><OtherTag ID="BT1885" LABEL="MainZone-Entry" DESCRIPTION="block type MainZone-Entry"/><OtherTag ID="BT1886" LABEL="MainZone-Sp-Continued" DESCRIPTION="block type MainZone-Sp-Continued"/><OtherTag ID="BT2601" LABEL="text" DESCRIPTION="block type text"/>
    <OtherTag ID="LT7" LABEL="CustomLine" DESCRIPTION="line type CustomLine"/><OtherTag ID="LT8" LABEL="DefaultLine" DESCRIPTION="line type DefaultLine"/><OtherTag ID="LT9" LABEL="DropCapitalLine" DESCRIPTION="line type DropCapitalLine"/><OtherTag ID="LT10" LABEL="HeadingLine" DESCRIPTION="line type HeadingLine"/><OtherTag ID="LT11" LABEL="InterlinearLine" DESCRIPTION="line type InterlinearLine"/><OtherTag ID="LT12" LABEL="MusicLine" DESCRIPTION="line type MusicLine"/><OtherTag ID="LT767" LABEL="default" DESCRIPTION="line type default"/>
  </Tags>
  <Layout>
    <Page WIDTH="1128"
          HEIGHT="1876"
          PHYSICAL_IMG_NR="51"
          ID="eSc_dummypage_">
      <PrintSpace HPOS="0"
                  VPOS="0"
                  WIDTH="1128"
                  HEIGHT="1876">
        <TextBlock HPOS="322"
                   VPOS="135"
                   WIDTH="722"
                   HEIGHT="43"
                   ID="eSc_textblock_7dee276d"
                   TAGREFS="BT18">
          <Shape><Polygon POINTS="322 135 322 178 1044 178 1044 135"/></Shape>
          <TextLine ID="eSc_line_549b5564"
                    TAGREFS="LT767"
                    BASELINE="327 178 1035 171" 
                    HPOS="326"
                    VPOS="133"
                    WIDTH="709"
                    HEIGHT="55">
            <Shape><Polygon POINTS="1024 137 1014 136 1007 134 977 137 972 133 962 133 951 133 941 133 930 133 920 133 910 133 899 133 890 135 879 137 876 135 874 133 868 133 857 133 847 133 837 133 826 133 816 133 805 133 795 133 792 133 786 136 781 139 777 137 771 133 764 133 763 133 750 137 749 137 748 137 731 133 723 133 717 137 715 140 654 141 570 141 569 140 557 135 556 135 555 135 554 135 553 135 546 140 544 142 461 142 461 141 456 137 456 136 455 136 454 136 453 136 452 136 437 142 436 142 431 142 358 136 357 136 326 143 327 178 327 188 1035 180 1035 171 1032 138 1024 137"/></Shape>
	    <String CONTENT="IN EPISTOLAM AD EPHESIOS"
                    HPOS="326"
                    VPOS="133"
                    WIDTH="709"
                    HEIGHT="55"
                    WC="0.9997629399100939"></String>
          </TextLine>
        </TextBlock>
        <TextBlock HPOS="250"
                   VPOS="197"
                   WIDTH="840"
                   HEIGHT="404"
                   ID="eSc_textblock_f03288ab"
                   TAGREFS="BT989">
          <Shape><Polygon POINTS="250 197 250 601 1090 601 1090 197"/></Shape>
          <TextLine ID="eSc_line_6947cd19"
                    TAGREFS="LT767"
                    BASELINE="256 244 732 237 1081 238" 
                    HPOS="255"
                    VPOS="191"
                    WIDTH="826"
                    HEIGHT="70">
            <Shape><Polygon POINTS="1072 198 1059 192 1058 192 1057 192 1056 192 1038 201 1034 204 994 204 991 202 976 191 975 191 974 191 973 191 866 192 865 192 864 192 850 203 849 204 848 204 826 194 825 194 824 194 823 194 805 202 785 196 783 196 782 196 741 201 732 194 731 194 730 194 729 194 728 194 727 194 719 201 666 199 665 199 664 199 663 199 656 204 632 194 631 194 630 194 629 194 603 201 504 195 503 195 502 195 479 203 463 200 462 200 461 200 446 208 439 208 412 208 388 198 387 198 386 198 385 198 384 198 370 208 361 202 360 202 359 202 358 202 357 202 342 209 341 210 255 210 256 244 256 253 332 261 333 261 334 261 335 261 344 255 418 260 419 260 457 253 463 258 464 258 466 258 467 258 468 258 478 254 491 259 492 259 493 260 575 260 575 259 607 252 612 251 628 252 716 257 717 257 792 251 795 251 810 257 811 257 812 257 813 257 814 257 821 251 822 250 825 251 845 256 846 256 847 256 879 250 890 249 900 250 940 256 941 256 992 250 1009 248 1021 250 1052 255 1053 255 1080 249 1081 238 1080 204 1079 203"/></Shape>
	    <String CONTENT="cam, habeant in ſe, ſemel admiranda ſtupendaq́; omnia,"
                    HPOS="255"
                    VPOS="191"
                    WIDTH="826"
                    HEIGHT="70"
                    WC="0.9772480361991458"></String>
          </TextLine>
          <TextLine ID="eSc_line_421af2a4"
                    TAGREFS="LT767"
                    BASELINE="254 293 1079 286" 
                    HPOS="253"
                    VPOS="247"
                    WIDTH="826"
                    HEIGHT="57">
            <Shape><Polygon POINTS="254 293 254 304 1077 298 1079 286 1076 249 1037 248 1036 248 1035 248 1028 249 1001 256 992 250 988 247 987 247 986 247 985 247 984 247 975 250 958 257 938 251 926 248 925 248 924 248 923 248 911 252 892 257 835 257 827 253 818 249 817 249 816 249 788 254 770 257 766 254 758 249 757 249 756 249 755 249 694 250 693 250 692 250 684 256 679 259 658 256 610 250 609 250 608 250 582 258 573 261 499 261 497 259 485 252 484 252 483 252 482 252 481 252 461 260 459 261 457 260 444 252 443 252 442 252 440 252 439 252 420 257 395 252 394 252 393 252 391 252 380 261 354 255 353 255 352 255 351 255 350 255 340 262 339 263 319 263 295 263 279 255 278 255 277 255 276 255 253 263 254 293"/></Shape>
	    <String CONTENT="dum abest illis, longanimitas, benignitas, neglectus ſui,"
                    HPOS="253"
                    VPOS="247"
                    WIDTH="826"
                    HEIGHT="57"
                    WC="0.9973146978177523"></String>
          </TextLine>
          <TextLine ID="eSc_line_bc6f10eb"
                    TAGREFS="LT767"
                    BASELINE="254 343 1079 335" 
                    HPOS="253"
                    VPOS="297"
                    WIDTH="826"
                    HEIGHT="62">
            <Shape><Polygon POINTS="254 343 254 359 279 354 323 358 332 359 333 359 334 359 337 358 357 353 381 358 385 358 386 358 513 357 525 356 569 350 632 354 659 356 660 356 661 356 668 354 681 348 774 348 789 352 795 354 796 354 797 354 823 352 876 347 1077 348 1079 335 1077 302 1059 297 1058 297 1057 297 1028 302 1023 303 1021 302 1009 297 1008 297 1007 297 1006 297 990 303 982 306 976 303 970 298 969 298 968 298 943 298 942 298 941 298 926 303 916 308 870 308 863 304 854 299 853 299 852 299 803 299 802 299 801 299 781 305 767 310 708 310 697 306 679 301 678 301 677 301 676 301 675 301 668 306 663 310 626 307 601 305 600 305 584 307 560 312 474 312 466 309 446 303 445 303 444 303 401 308 390 303 389 303 388 303 387 303 386 303 378 310 374 313 355 313 342 310 320 304 319 304 317 304 316 304 298 311 293 312 291 311 283 304 282 304 281 304 263 304 262 304 261 304 260 304 253 308 254 343"/></Shape>
	    <String CONTENT="ſtudium iuſtitiæ &amp; ueritatis in omnes, ſumma tolerantia,"
                    HPOS="253"
                    VPOS="297"
                    WIDTH="826"
                    HEIGHT="62"
                    WC="0.9880105831793377"></String>
          </TextLine>
          <TextLine ID="eSc_line_71fbc8d0"
                    TAGREFS="LT767"
                    BASELINE="256 393 1083 384" 
                    HPOS="255"
                    VPOS="348"
                    WIDTH="828"
                    HEIGHT="62">
            <Shape><Polygon POINTS="256 393 256 410 312 404 329 409 330 409 331 409 361 404 411 408 412 408 448 401 518 407 520 407 521 407 522 407 566 400 591 406 592 406 593 406 594 406 681 399 703 404 704 404 705 404 706 404 707 404 718 398 733 403 734 403 736 403 816 397 872 403 876 403 877 403 878 403 879 403 900 396 1081 400 1083 384 1081 357 1053 352 1052 352 937 357 908 352 906 352 905 352 887 358 871 348 870 348 869 348 820 348 819 348 818 348 817 348 803 359 759 349 758 349 757 349 716 360 714 360 710 360 623 350 622 350 581 351 580 351 556 361 556 362 549 362 521 362 504 352 503 352 502 352 501 352 500 352 483 358 469 352 468 352 467 352 466 352 439 363 437 363 434 363 408 356 407 356 406 356 405 356 390 363 389 364 352 364 351 363 337 354 336 354 335 354 270 354 268 354 267 354 266 354 255 361 256 393"/></Shape>
	    <String CONTENT="facilitas, &amp; candor, adeſt uero inuidentia, procacitas, tu"
                    HPOS="255"
                    VPOS="348"
                    WIDTH="828"
                    HEIGHT="62"
                    WC="0.9888719967727003"></String>
          </TextLine>
          <TextLine ID="eSc_line_19716d0d"
                    TAGREFS="LT767"
                    BASELINE="255 445 776 435 1084 435" 
                    HPOS="254"
                    VPOS="395"
                    WIDTH="830"
                    HEIGHT="67">
            <Shape><Polygon POINTS="255 445 255 455 305 455 329 462 330 462 331 462 384 454 389 453 395 453 426 459 427 459 428 459 439 453 442 452 449 453 484 460 485 460 486 460 487 460 497 453 500 451 511 453 529 455 530 455 562 452 590 450 597 452 610 456 611 456 612 456 656 452 682 449 687 451 693 456 694 456 695 456 721 457 722 457 723 457 724 457 733 451 738 449 749 451 779 456 780 456 781 456 803 451 818 447 838 450 861 454 862 454 863 454 874 450 880 448 886 450 898 454 899 454 900 455 946 455 946 454 947 454 960 449 969 446 985 449 1004 453 1006 453 1007 453 1015 449 1021 445 1028 449 1035 452 1036 452 1037 452 1084 448 1084 435 1080 404 1035 395 1034 395 1033 395 1032 395 1017 405 1017 406 942 406 928 400 927 400 926 400 925 400 924 400 915 407 900 407 859 407 857 407 845 398 844 398 843 398 808 398 807 398 748 399 747 399 726 408 706 403 705 403 704 403 703 403 702 403 694 409 693 410 601 410 586 405 585 405 584 405 538 411 536 411 534 411 487 402 486 402 485 402 462 411 447 403 446 403 410 403 409 403 254 414 255 445"/></Shape>
	    <String CONTENT="mor, fastidium fratrum, animi præfractio, iniquitas, diffi"
                    HPOS="254"
                    VPOS="395"
                    WIDTH="830"
                    HEIGHT="67"
                    WC="0.9885813922717653"></String>
          </TextLine>
          <TextLine ID="eSc_line_04eda468"
                    TAGREFS="LT767"
                    BASELINE="255 492 1082 483" 
                    HPOS="254"
                    VPOS="447"
                    WIDTH="828"
                    HEIGHT="65">
            <Shape><Polygon POINTS="255 492 255 505 345 510 346 510 347 510 360 505 363 504 378 505 422 508 423 508 424 508 439 504 446 503 448 504 457 511 458 511 459 511 460 512 517 512 517 511 557 504 569 502 579 504 618 510 619 510 620 510 621 510 621 509 628 503 629 502 653 501 657 503 667 509 668 509 669 509 670 509 699 503 714 500 731 503 755 506 756 506 794 502 808 501 812 502 823 507 824 507 825 507 826 507 844 502 855 499 921 500 922 501 928 506 929 506 930 506 932 506 984 505 985 505 986 505 991 501 996 497 1010 501 1023 505 1024 505 1025 505 1082 500 1082 483 1080 455 1023 447 1022 447 1021 447 991 455 987 457 895 457 881 456 805 449 804 449 766 457 758 451 757 451 756 451 755 451 754 451 741 457 715 450 714 450 713 450 668 451 667 451 666 451 657 458 655 459 650 458 621 453 620 453 619 453 602 459 597 461 534 461 532 459 523 453 522 453 521 453 474 453 473 453 472 453 445 460 435 463 387 463 382 460 369 455 368 455 366 455 365 455 349 461 341 463 331 461 305 455 304 455 303 455 291 461 288 462 254 462 255 492"/></Shape>
	    <String CONTENT="cultas, animus ſuſpicax &amp; infidus, nihil ſunt, eoq; nequa"
                    HPOS="254"
                    VPOS="447"
                    WIDTH="828"
                    HEIGHT="65"
                    WC="0.9970778237309372"></String>
          </TextLine>
          <TextLine ID="eSc_line_37223f93"
                    TAGREFS="LT767"
                    BASELINE="256 542 1080 534" 
                    HPOS="255"
                    VPOS="496"
                    WIDTH="825"
                    HEIGHT="64">
            <Shape><Polygon POINTS="256 542 256 560 300 554 345 559 357 560 358 560 375 558 413 554 438 557 446 558 447 558 453 557 481 551 558 555 560 555 561 555 562 555 578 550 672 550 694 553 715 556 716 556 734 552 747 550 767 552 801 555 802 555 803 555 804 555 810 551 815 548 822 551 835 555 836 555 837 555 859 550 873 547 921 549 999 553 1000 553 1079 546 1080 534 1077 505 1010 505 995 496 994 496 993 496 976 496 975 496 974 496 973 496 961 506 942 506 927 496 926 496 925 496 924 496 847 497 846 497 845 497 834 505 822 497 821 497 820 497 788 497 787 497 786 497 785 497 767 507 745 498 744 498 743 498 699 507 575 499 574 499 548 500 547 500 546 500 533 509 358 501 357 501 356 501 355 501 338 511 265 507 264 507 263 507 262 507 255 510 256 542"/></Shape>
	    <String CONTENT="quam filij Dei, et nihil minus quàm ſpiritu Christi præ¬"
                    HPOS="255"
                    VPOS="496"
                    WIDTH="825"
                    HEIGHT="64"
                    WC="0.9788987584281386"></String>
          </TextLine>
          <TextLine ID="eSc_line_28db5b84"
                    TAGREFS="LT767"
                    BASELINE="255 591 954 583" 
                    HPOS="254"
                    VPOS="546"
                    WIDTH="700"
                    HEIGHT="66">
            <Shape><Polygon POINTS="255 591 255 602 288 609 289 609 290 609 303 603 313 611 314 611 315 611 316 612 341 612 341 611 342 611 361 603 413 610 414 610 415 610 433 601 452 609 453 609 454 609 455 609 476 603 501 609 502 609 503 609 504 609 524 600 569 608 570 608 626 601 651 607 652 607 653 607 694 598 775 606 776 606 777 606 778 606 778 605 787 598 799 604 800 604 801 604 802 604 818 597 836 604 837 604 838 604 839 604 867 596 933 604 934 604 935 604 954 594 954 583 951 555 884 555 883 555 865 546 864 546 863 546 810 547 808 547 776 557 773 557 771 557 747 550 746 550 745 550 744 550 743 550 743 551 736 557 734 558 689 558 688 558 677 549 676 549 675 549 654 549 653 549 652 549 628 558 597 550 596 550 595 550 594 550 593 550 593 551 583 559 582 560 555 560 555 559 532 550 531 550 530 550 529 550 510 560 509 560 508 560 483 551 482 551 428 551 427 551 426 551 399 561 398 562 327 562 325 562 288 553 287 553 286 553 285 553 254 562 255 591"/></Shape>
	    <String CONTENT="diti, quicquid ſimulent, aut faciant, aut habeant·"
                    HPOS="254"
                    VPOS="546"
                    WIDTH="700"
                    HEIGHT="66"></String>
          </TextLine>
        </TextBlock>
        <TextBlock HPOS="240"
                   VPOS="617"
                   WIDTH="853"
                   HEIGHT="1003"
                   ID="eSc_textblock_38921fea"
                   TAGREFS="BT988">
          <Shape><Polygon POINTS="240 617 240 1620 1093 1620 1093 617"/></Shape>
          <TextLine ID="eSc_line_41efba82"
                    TAGREFS="LT767"
                    BASELINE="253 671 1074 661" 
                    HPOS="252"
                    VPOS="612"
                    WIDTH="822"
                    HEIGHT="83">
            <Shape><Polygon POINTS="253 671 253 682 289 694 290 694 291 695 339 695 339 694 452 692 453 692 477 681 479 681 482 681 503 685 504 685 505 685 522 681 532 679 553 681 594 685 595 685 628 681 647 678 651 680 663 689 664 689 665 689 666 689 667 689 698 680 710 677 758 680 822 684 823 684 868 679 912 675 918 679 928 686 929 686 930 686 932 687 983 687 983 686 984 686 985 686 995 679 997 677 1032 674 1073 678 1074 661 1073 626 1047 612 1046 612 1026 612 1025 612 1024 612 1002 625 986 626 972 627 961 626 910 622 909 622 865 627 849 628 845 627 829 621 828 621 827 621 826 621 825 621 817 627 816 627 777 615 776 615 724 615 723 615 722 615 721 615 705 627 700 631 605 631 599 627 597 626 596 626 595 626 594 626 585 628 570 631 561 628 540 618 538 618 537 618 431 619 430 619 429 619 415 628 408 633 373 628 341 624 340 624 339 624 338 624 333 628 327 633 314 628 295 621 293 621 292 621 252 628 253 671"/></Shape>
	    <String CONTENT="Qui prędeſtinauit pridem nos, ut in"
                    HPOS="252"
                    VPOS="612"
                    WIDTH="822"
                    HEIGHT="83"
                    WC="0.9995185484488806"></String>
          </TextLine>
          <TextLine ID="eSc_line_0c49e916"
                    TAGREFS="LT767"
                    BASELINE="499 731 803 729" 
                    HPOS="498"
                    VPOS="676"
                    WIDTH="305"
                    HEIGHT="70">
            <Shape><Polygon POINTS="499 731 499 739 601 746 602 746 603 746 604 746 611 739 626 739 636 739 647 746 648 746 649 746 650 746 685 738 689 738 695 738 786 745 787 745 788 745 803 737 803 729 801 693 777 693 775 692 737 676 736 676 720 676 719 676 718 676 717 676 701 689 698 693 678 693 674 688 661 677 661 676 660 676 659 676 658 676 631 677 630 677 629 677 629 678 620 686 617 689 614 686 612 685 611 685 610 685 609 685 608 685 606 686 593 694 569 694 548 684 530 677 529 677 528 677 498 682 499 731"/></Shape>
	    <String CONTENT="filios ſibi &amp;c."
                    HPOS="498"
                    VPOS="676"
                    WIDTH="305"
                    HEIGHT="70"
                    WC="0.9874409953753154"></String>
          </TextLine>
          <TextLine ID="eSc_line_f590d7b6"
                    TAGREFS="LT767"
                    BASELINE="303 803 691 795 1082 792" 
                    HPOS="302"
                    VPOS="749"
                    WIDTH="780"
                    HEIGHT="68">
            <Shape><Polygon POINTS="1073 755 1055 749 1053 749 1052 749 1011 758 1009 758 1007 758 963 750 962 750 961 750 960 750 950 757 901 751 900 751 899 751 872 758 855 753 854 753 853 753 852 753 840 759 836 760 813 759 731 753 730 753 729 753 728 753 728 754 722 759 718 763 681 763 676 759 672 756 671 756 670 756 669 756 668 756 657 759 652 761 650 759 645 755 644 755 643 755 642 755 582 760 512 766 446 760 414 758 413 758 389 760 329 768 302 761 303 803 303 809 372 817 373 817 435 809 445 808 460 808 529 812 530 812 531 812 547 808 552 807 557 808 585 813 586 813 634 807 656 805 659 807 664 810 665 810 666 810 667 810 700 807 732 804 1081 804 1082 792 1081 762 1073 755"/></Shape>
	    <String CONTENT="Vt magis certam Apoſtolus electionem Dei, tũ omnia"
                    HPOS="302"
                    VPOS="749"
                    WIDTH="780"
                    HEIGHT="68"
                    WC="0.9907105810501996"></String>
          </TextLine>
          <TextLine ID="eSc_line_dc3a1f8a"
                    TAGREFS="LT767"
                    BASELINE="252 856 693 845 1083 842" 
                    HPOS="251"
                    VPOS="802"
                    WIDTH="832"
                    HEIGHT="70">
            <Shape><Polygon POINTS="252 856 252 865 307 872 308 872 309 872 333 866 360 871 361 871 362 871 380 864 385 862 397 864 419 867 420 867 421 867 422 867 425 864 428 861 442 864 480 869 481 869 482 869 501 862 504 862 508 862 537 868 538 868 540 868 541 868 541 867 546 862 550 858 690 858 698 861 708 865 709 865 710 865 712 865 722 860 734 856 773 860 794 862 795 862 806 860 832 854 856 859 865 861 866 861 875 859 902 853 946 859 952 859 953 859 1038 858 1039 858 1040 858 1048 853 1081 857 1083 842 1081 807 1058 802 1057 802 1056 802 1055 802 1046 807 1042 810 1025 808 1012 806 1011 806 984 809 959 811 955 809 943 803 942 803 941 803 940 803 917 810 910 812 903 810 881 804 880 804 879 804 878 804 865 811 861 813 850 811 835 809 834 809 813 812 800 815 796 813 782 807 781 807 707 807 706 807 705 807 684 816 680 817 676 816 651 809 650 809 649 809 616 817 611 818 609 817 594 810 593 810 592 810 591 810 590 810 579 818 578 819 577 818 566 810 565 810 564 810 534 810 533 810 532 810 515 819 512 820 509 820 486 813 485 813 484 813 483 813 457 821 454 821 452 821 421 812 420 812 419 812 418 812 417 812 403 822 397 822 361 823 356 823 305 815 304 815 266 816 265 816 251 823 252 856"/></Shape>
	    <String CONTENT="ab illa pendere, perſuaderet, adijcit Deum, ſanctos præde"
                    HPOS="251"
                    VPOS="802"
                    WIDTH="832"
                    HEIGHT="70"
                    WC="0.9892634822611224"></String>
          </TextLine>
          <TextLine ID="eSc_line_062972d8"
                    TAGREFS="LT767"
                    BASELINE="253 906 1079 890" 
                    HPOS="252"
                    VPOS="850"
                    WIDTH="827"
                    HEIGHT="75">
            <Shape><Polygon POINTS="253 906 253 925 293 919 324 924 326 924 327 924 328 924 329 924 347 915 375 915 389 922 393 923 394 923 395 923 396 923 399 922 407 918 434 920 453 922 454 922 455 922 456 922 459 920 471 911 498 911 508 918 510 920 511 920 512 920 513 920 528 917 564 909 575 916 581 919 582 919 583 920 608 920 608 919 609 919 610 919 610 918 616 914 619 910 626 914 635 918 636 918 638 918 665 912 690 907 695 911 701 917 702 917 703 917 704 917 705 917 706 917 713 910 719 905 810 905 819 907 849 914 850 914 851 914 875 905 876 905 877 905 921 909 922 909 923 909 941 903 943 902 944 903 954 911 955 911 957 911 958 912 974 912 974 911 1016 907 1017 907 1018 907 1027 900 1062 906 1063 906 1064 906 1079 898 1079 890 1073 850 1059 859 978 853 975 853 974 853 973 853 972 853 964 860 954 853 953 852 952 852 951 852 950 852 949 852 944 854 921 862 870 856 853 854 852 854 851 854 850 854 847 856 838 865 819 865 756 859 720 856 719 856 695 861 663 868 636 862 614 858 612 858 585 865 560 870 551 866 542 860 541 860 510 860 509 860 508 860 495 867 486 871 435 869 410 868 409 868 408 868 407 868 407 869 406 870 402 874 355 874 352 871 344 865 342 865 341 865 311 865 310 865 309 865 308 865 301 870 268 866 267 866 266 866 252 872 253 906"/></Shape>
	    <String CONTENT="finiſſe, &amp; prædeſtinaſſe, ut ſibi eos in filios adoptaret."
                    HPOS="252"
                    VPOS="850"
                    WIDTH="827"
                    HEIGHT="75"
                    WC="0.9822961276975172"></String>
          </TextLine>
          <TextLine ID="eSc_line_8a9dcb9b"
                    TAGREFS="LT767"
                    BASELINE="255 957 569 947 1081 940" 
                    HPOS="254"
                    VPOS="907"
                    WIDTH="827"
                    HEIGHT="67">
            <Shape><Polygon POINTS="255 957 255 964 306 974 307 974 362 963 378 972 379 972 380 972 381 973 401 973 401 972 402 972 403 972 417 963 457 971 458 971 459 971 479 960 521 970 522 970 580 957 642 957 677 967 678 967 679 967 680 967 712 955 790 955 817 964 818 964 819 964 820 964 854 953 880 953 895 961 896 961 897 961 898 963 951 963 951 961 952 961 986 953 1002 960 1003 960 1004 960 1006 960 1035 950 1050 955 1051 955 1052 955 1053 955 1081 948 1081 940 1079 914 1010 907 1009 907 970 915 953 908 952 908 951 908 950 908 925 916 821 910 820 910 756 918 705 911 704 911 703 911 702 911 691 920 678 915 677 915 676 915 675 915 674 915 665 921 631 912 630 912 629 912 605 914 604 914 603 914 591 922 575 915 574 915 523 915 522 915 521 915 496 922 470 916 469 916 468 916 467 916 440 924 354 927 284 921 283 921 282 921 254 929 255 957"/></Shape>
	    <String CONTENT="Quis ergocaſus poßit obtingere tam grauis, qui repro¬"
                    HPOS="254"
                    VPOS="907"
                    WIDTH="827"
                    HEIGHT="67"
                    WC="0.9940378407262406"></String>
          </TextLine>
          <TextLine ID="eSc_line_b94b556c"
                    TAGREFS="LT767"
                    BASELINE="253 1005 1077 990" 
                    HPOS="252"
                    VPOS="954"
                    WIDTH="825"
                    HEIGHT="67">
            <Shape><Polygon POINTS="253 1005 253 1016 306 1021 307 1021 347 1015 368 1011 385 1014 417 1019 418 1019 459 1013 484 1008 567 1008 576 1010 589 1015 590 1015 591 1015 592 1015 593 1015 598 1010 602 1007 616 1010 624 1011 625 1011 626 1011 629 1010 638 1006 645 1009 649 1011 650 1011 651 1011 669 1009 694 1006 714 1008 745 1013 746 1013 747 1013 762 1007 774 1004 786 1007 799 1011 800 1011 801 1011 839 1006 873 1002 944 1002 948 1005 953 1008 954 1008 955 1008 957 1008 1077 1002 1077 990 1075 961 1033 954 1032 954 1031 954 1016 961 1014 964 990 964 988 963 966 955 965 955 964 955 922 963 912 956 911 956 910 956 909 956 908 956 892 964 881 958 880 958 879 958 878 958 867 965 866 965 863 965 823 958 822 958 821 958 799 966 794 967 786 966 744 959 743 959 700 967 689 969 678 968 635 961 634 961 633 961 632 961 622 969 621 969 609 969 508 965 507 965 479 971 469 973 466 971 458 966 457 966 456 966 432 966 431 966 430 966 412 972 405 975 340 975 336 973 326 968 325 968 324 968 323 968 302 974 293 976 288 974 278 969 277 969 276 969 252 974 253 1005"/></Shape>
	    <String CONTENT="bos facerct, quos Deus mutari neſcius, ab æterno præde¬"
                    HPOS="252"
                    VPOS="954"
                    WIDTH="825"
                    HEIGHT="67"
                    WC="0.9866225556893782"></String>
          </TextLine>
          <TextLine ID="eSc_line_68255b94"
                    TAGREFS="LT767"
                    BASELINE="253 1056 690 1045 1076 1041" 
                    HPOS="252"
                    VPOS="1002"
                    WIDTH="824"
                    HEIGHT="67">
            <Shape><Polygon POINTS="253 1056 253 1069 387 1069 387 1068 388 1068 389 1068 391 1066 396 1063 402 1066 407 1068 408 1068 409 1068 410 1068 411 1068 413 1066 419 1062 462 1065 478 1066 479 1066 489 1065 521 1059 543 1064 551 1065 552 1065 553 1065 558 1064 575 1058 617 1063 624 1063 625 1063 626 1063 628 1063 645 1057 671 1062 680 1063 681 1063 695 1062 737 1055 762 1059 767 1060 768 1060 769 1060 772 1059 790 1054 870 1058 884 1058 885 1058 886 1058 889 1057 909 1052 930 1057 934 1057 935 1057 936 1057 937 1057 954 1051 1075 1054 1076 1041 1074 1010 1039 1002 1038 1002 969 1011 966 1011 952 1003 951 1003 950 1003 949 1003 948 1003 947 1003 947 1004 938 1011 937 1014 862 1014 860 1013 843 1005 842 1005 841 1005 756 1007 755 1007 738 1015 732 1017 729 1015 721 1008 720 1008 719 1008 680 1008 679 1008 678 1008 658 1016 652 1018 647 1016 628 1009 627 1009 626 1009 578 1010 577 1010 576 1010 569 1017 566 1019 555 1017 520 1011 519 1011 518 1011 517 1011 509 1018 504 1022 252 1022 253 1056"/></Shape>
	    <String CONTENT="stinauit, uitæ &amp; hæreditati ſalutis? Sed notandus ordo,"
                    HPOS="252"
                    VPOS="1002"
                    WIDTH="824"
                    HEIGHT="67"
                    WC="0.9907421415502374"></String>
          </TextLine>
          <TextLine ID="eSc_line_d172bd39"
                    TAGREFS="LT767"
                    BASELINE="254 1106 665 1095 1079 1091" 
                    HPOS="253"
                    VPOS="1051"
                    WIDTH="826"
                    HEIGHT="69">
            <Shape><Polygon POINTS="254 1106 254 1120 346 1113 409 1116 428 1117 429 1117 430 1117 433 1116 445 1109 457 1115 460 1116 461 1116 462 1116 463 1116 464 1116 466 1115 475 1108 511 1114 525 1115 526 1115 527 1115 534 1113 551 1107 656 1109 692 1109 693 1109 694 1109 695 1109 696 1108 701 1104 718 1107 742 1112 743 1112 744 1112 745 1112 753 1106 758 1103 775 1106 802 1111 803 1111 844 1104 863 1101 874 1103 896 1107 897 1107 996 1102 1022 1106 1023 1106 1079 1097 1079 1091 1075 1057 1001 1059 996 1058 975 1053 974 1053 973 1053 972 1053 955 1059 945 1051 944 1051 943 1051 942 1051 891 1056 865 1052 864 1052 863 1052 838 1062 824 1057 823 1057 822 1057 788 1063 783 1064 782 1064 771 1054 770 1054 769 1054 749 1054 748 1054 747 1054 746 1054 733 1065 720 1055 719 1055 718 1055 717 1055 716 1055 683 1064 664 1056 663 1056 661 1056 558 1065 529 1058 528 1058 481 1059 480 1059 458 1070 457 1070 391 1062 390 1062 389 1062 388 1062 374 1072 253 1074 254 1106"/></Shape>
	    <String CONTENT="primum locum habet Dei electio ſiue prædestinatio, pro"
                    HPOS="253"
                    VPOS="1051"
                    WIDTH="826"
                    HEIGHT="69"
                    WC="0.9951369210525796"></String>
          </TextLine>
          <TextLine ID="eSc_line_64da4a54"
                    TAGREFS="LT767"
                    BASELINE="253 1156 725 1144 1081 1141" 
                    HPOS="252"
                    VPOS="1102"
                    WIDTH="829"
                    HEIGHT="70">
            <Shape><Polygon POINTS="253 1156 253 1172 336 1164 371 1169 372 1169 373 1169 380 1169 511 1159 529 1165 534 1166 535 1166 536 1166 548 1164 576 1158 586 1163 592 1165 593 1165 594 1165 666 1164 692 1159 722 1155 744 1158 769 1162 770 1162 771 1162 772 1162 778 1157 785 1154 818 1156 843 1157 844 1157 896 1154 937 1151 952 1152 997 1156 998 1156 1081 1148 1081 1141 1079 1112 1011 1102 1010 1102 1009 1102 1008 1102 993 1113 959 1113 945 1103 944 1103 943 1103 924 1103 923 1103 860 1105 859 1105 840 1116 823 1116 815 1116 814 1116 791 1109 790 1109 789 1109 742 1117 724 1107 723 1107 722 1107 721 1107 720 1107 706 1118 704 1118 561 1111 560 1111 509 1122 507 1122 494 1113 493 1113 492 1113 491 1113 489 1113 468 1122 405 1114 404 1114 403 1114 379 1124 379 1125 328 1125 301 1125 293 1120 292 1120 291 1120 290 1120 252 1126 253 1156"/></Shape>
	    <String CONTENT="ximum adoptatio in filios, quæ aliãs uocatio dicitur, dum"
                    HPOS="252"
                    VPOS="1102"
                    WIDTH="829"
                    HEIGHT="70"
                    WC="0.9965455768437221"></String>
          </TextLine>
          <TextLine ID="eSc_line_0c488da9"
                    TAGREFS="LT767"
                    BASELINE="252 1206 720 1194 1073 1194" 
                    HPOS="251"
                    VPOS="1152"
                    WIDTH="822"
                    HEIGHT="71">
            <Shape><Polygon POINTS="252 1206 252 1214 285 1223 286 1223 287 1223 348 1214 350 1214 351 1214 382 1221 383 1222 422 1222 422 1221 423 1221 424 1221 434 1214 495 1220 496 1220 534 1213 558 1208 658 1208 666 1212 672 1215 673 1215 674 1215 675 1215 683 1212 693 1208 698 1212 703 1216 704 1216 705 1216 706 1217 736 1217 736 1216 737 1216 748 1212 767 1204 958 1202 981 1211 984 1212 985 1212 986 1212 995 1211 1025 1205 1072 1210 1073 1194 1071 1161 1035 1161 1034 1161 1015 1152 1014 1152 1013 1152 1012 1152 1011 1152 1000 1162 983 1162 943 1153 942 1153 941 1153 921 1163 920 1163 915 1163 836 1155 835 1155 793 1165 790 1165 788 1165 740 1156 739 1156 698 1157 697 1157 676 1167 675 1167 670 1167 618 1162 617 1162 586 1168 585 1168 557 1159 556 1159 555 1159 554 1159 529 1168 506 1161 505 1161 504 1161 503 1161 502 1161 488 1170 487 1170 472 1162 471 1162 445 1162 444 1162 405 1163 404 1163 403 1163 391 1171 390 1171 315 1166 314 1166 251 1173 252 1206"/></Shape>
	    <String CONTENT="nimirum ſpiritu ſuo donatos, ad ſe Dominus trahit, ſuiq;"
                    HPOS="251"
                    VPOS="1152"
                    WIDTH="822"
                    HEIGHT="71"
                    WC="0.9897539424044746"></String>
          </TextLine>
          <TextLine ID="eSc_line_ca6f7b9e"
                    TAGREFS="LT767"
                    BASELINE="250 1256 742 1243 1077 1239" 
                    HPOS="249"
                    VPOS="1202"
                    WIDTH="828"
                    HEIGHT="68">
            <Shape><Polygon POINTS="250 1256 250 1270 434 1260 454 1265 461 1267 462 1267 463 1267 464 1267 466 1267 469 1265 476 1261 510 1263 540 1265 541 1265 542 1265 553 1262 571 1256 628 1260 666 1261 667 1261 713 1256 757 1252 818 1253 976 1255 977 1255 978 1255 979 1255 989 1247 990 1247 1017 1254 1018 1254 1019 1254 1076 1244 1077 1239 1075 1210 981 1202 979 1202 914 1213 911 1213 909 1213 843 1205 842 1205 841 1205 840 1205 825 1215 824 1215 798 1207 797 1207 764 1207 763 1207 762 1207 761 1207 749 1217 748 1217 738 1217 615 1211 614 1211 569 1221 565 1221 561 1221 522 1213 521 1213 520 1213 519 1213 505 1222 496 1216 495 1216 494 1216 493 1216 457 1223 455 1223 454 1223 431 1215 430 1215 429 1215 428 1215 427 1215 415 1224 414 1224 411 1224 338 1217 337 1217 336 1217 335 1217 335 1218 326 1226 325 1226 324 1226 301 1222 300 1222 249 1227 250 1256"/></Shape>
	    <String CONTENT="cognitione donat, quos ab æterno ad hoc deputauit. Ter¬"
                    HPOS="249"
                    VPOS="1202"
                    WIDTH="828"
                    HEIGHT="68"
                    WC="0.9761412040753799"></String>
          </TextLine>
          <TextLine ID="eSc_line_2f759389"
                    TAGREFS="LT767"
                    BASELINE="249 1306 552 1297 1076 1289" 
                    HPOS="248"
                    VPOS="1249"
                    WIDTH="828"
                    HEIGHT="69">
            <Shape><Polygon POINTS="249 1306 249 1318 1076 1301 1076 1289 1075 1259 1063 1251 1062 1251 1061 1251 1060 1251 1059 1251 1032 1260 1006 1249 1004 1249 1003 1249 1002 1249 984 1259 957 1250 955 1250 954 1250 936 1251 935 1251 934 1251 922 1262 902 1255 901 1255 900 1255 899 1255 898 1255 890 1263 854 1263 841 1253 840 1253 839 1253 838 1253 837 1253 803 1264 778 1253 777 1253 776 1253 775 1253 762 1261 746 1254 745 1254 744 1254 706 1260 670 1255 669 1255 668 1255 667 1255 655 1264 631 1257 630 1257 629 1257 628 1257 608 1267 589 1267 574 1257 573 1257 572 1257 571 1257 570 1257 569 1257 552 1269 551 1269 483 1260 482 1260 481 1260 453 1271 452 1271 428 1261 427 1261 426 1261 350 1269 320 1263 319 1263 317 1263 316 1263 299 1274 297 1275 248 1275 249 1306"/></Shape>
	    <String CONTENT="tio demum loco ſuccedit uitæ ſanctimonia, &amp; dilectionis"
                    HPOS="248"
                    VPOS="1249"
                    WIDTH="828"
                    HEIGHT="69"
                    WC="0.9939632903445851"></String>
          </TextLine>
          <TextLine ID="eSc_line_ee048ed5"
                    TAGREFS="LT767"
                    BASELINE="249 1358 629 1345 1077 1339" 
                    HPOS="248"
                    VPOS="1301"
                    WIDTH="829"
                    HEIGHT="72">
            <Shape><Polygon POINTS="249 1358 249 1367 261 1373 262 1373 263 1373 376 1371 413 1364 470 1369 471 1369 472 1369 473 1369 481 1363 523 1366 524 1366 525 1366 537 1360 538 1359 581 1359 582 1359 603 1366 604 1366 605 1366 606 1366 629 1358 630 1358 631 1358 661 1365 663 1365 699 1358 722 1364 723 1364 724 1364 770 1354 772 1354 774 1354 830 1361 831 1361 832 1361 834 1361 844 1353 914 1360 915 1360 916 1360 939 1351 961 1359 962 1359 963 1359 964 1359 979 1350 1024 1354 1025 1354 1077 1347 1077 1339 1075 1311 1047 1304 1046 1304 1045 1304 1026 1311 1011 1301 1010 1301 1009 1301 1008 1301 975 1303 974 1303 955 1313 954 1314 925 1314 790 1314 779 1307 778 1307 777 1307 727 1307 726 1307 725 1307 724 1307 712 1318 710 1318 679 1313 678 1313 620 1319 605 1314 604 1314 603 1314 553 1321 535 1314 534 1314 494 1313 493 1313 492 1313 491 1313 479 1323 478 1323 477 1323 456 1319 455 1319 420 1324 418 1324 417 1324 390 1315 389 1315 388 1315 356 1316 355 1316 354 1316 339 1326 337 1326 295 1317 293 1317 248 1327 249 1358"/></Shape>
	    <String CONTENT="officio ſitas, qua bona opera proferuntur, quæ uidentes"
                    HPOS="248"
                    VPOS="1301"
                    WIDTH="829"
                    HEIGHT="72"></String>
          </TextLine>
          <TextLine ID="eSc_line_de668a91"
                    TAGREFS="LT767"
                    BASELINE="249 1407 743 1393 1077 1389" 
                    HPOS="248"
                    VPOS="1354"
                    WIDTH="829"
                    HEIGHT="66">
            <Shape><Polygon POINTS="249 1407 249 1415 338 1420 339 1420 340 1420 341 1420 352 1414 417 1418 418 1418 419 1418 436 1412 480 1416 481 1416 482 1416 483 1416 491 1411 583 1414 584 1414 585 1414 586 1414 595 1409 612 1414 614 1414 615 1414 659 1413 660 1413 661 1413 672 1407 778 1410 779 1410 780 1410 802 1403 814 1409 815 1409 816 1409 848 1403 935 1407 936 1407 984 1399 1051 1403 1052 1403 1053 1403 1077 1396 1077 1389 1074 1362 969 1364 963 1363 939 1354 938 1354 937 1354 936 1354 935 1354 923 1363 919 1366 896 1366 892 1363 881 1355 880 1355 879 1355 842 1355 841 1355 840 1355 820 1364 815 1366 801 1364 762 1358 761 1358 759 1358 747 1365 746 1365 738 1365 699 1362 698 1362 697 1362 696 1362 691 1365 681 1371 646 1371 632 1366 620 1361 619 1361 618 1361 567 1362 547 1363 546 1363 545 1363 541 1367 532 1373 470 1373 450 1368 447 1367 446 1367 445 1367 444 1367 442 1368 427 1374 411 1370 410 1370 409 1370 408 1370 407 1370 398 1376 384 1372 383 1372 382 1372 334 1378 248 1370 249 1407"/></Shape>
	    <String CONTENT="homines, patrem cæleſtem, cuius beneficio ea proueni¬"
                    HPOS="248"
                    VPOS="1354"
                    WIDTH="829"
                    HEIGHT="66"></String>
          </TextLine>
          <TextLine ID="eSc_line_36c392f1"
                    TAGREFS="LT767"
                    BASELINE="248 1458 528 1447 1075 1440" 
                    HPOS="247"
                    VPOS="1403"
                    WIDTH="828"
                    HEIGHT="69">
            <Shape><Polygon POINTS="248 1458 248 1472 337 1470 338 1470 339 1470 349 1463 394 1469 398 1469 399 1469 405 1469 476 1459 549 1464 550 1464 551 1464 571 1459 582 1464 586 1466 587 1466 589 1466 603 1464 647 1455 664 1462 669 1464 670 1464 671 1464 682 1462 712 1454 722 1461 725 1463 726 1463 727 1463 728 1464 759 1464 759 1463 761 1463 770 1460 787 1453 861 1457 920 1460 921 1460 922 1460 935 1455 946 1450 955 1454 958 1455 959 1455 960 1455 971 1454 1002 1448 1047 1448 1055 1452 1061 1457 1062 1457 1063 1457 1064 1457 1065 1457 1075 1451 1075 1440 1072 1404 954 1412 941 1408 930 1403 929 1403 928 1403 927 1403 916 1408 903 1413 896 1409 890 1404 889 1404 888 1404 887 1404 864 1410 855 1411 847 1410 819 1405 818 1405 817 1405 806 1411 798 1415 781 1412 759 1407 758 1407 757 1407 746 1412 738 1417 692 1417 685 1414 675 1409 674 1409 650 1409 649 1409 648 1409 647 1409 639 1415 634 1418 619 1415 596 1412 595 1412 594 1412 581 1416 573 1419 522 1418 387 1414 386 1414 385 1414 384 1414 374 1421 373 1422 370 1422 341 1416 340 1416 339 1416 320 1423 317 1424 247 1424 248 1458"/></Shape>
	    <String CONTENT="unt, glorificant· Vt ita quartum in ſanctis ſit, gloria Dei,"
                    HPOS="247"
                    VPOS="1403"
                    WIDTH="828"
                    HEIGHT="69"
                    WC="0.9967170725266139"></String>
          </TextLine>
          <TextLine ID="eSc_line_c7e178c3"
                    TAGREFS="LT767"
                    BASELINE="249 1509 526 1497 976 1490" 
                    HPOS="247"
                    VPOS="1452"
                    WIDTH="729"
                    HEIGHT="67">
            <Shape><Polygon POINTS="249 1509 249 1516 427 1519 428 1519 429 1519 445 1513 472 1516 473 1516 474 1516 475 1516 475 1515 480 1510 481 1510 500 1517 501 1517 502 1517 503 1517 521 1509 525 1508 531 1509 562 1516 564 1516 565 1516 590 1508 593 1507 600 1507 646 1511 647 1511 648 1511 658 1506 661 1503 745 1502 746 1502 753 1509 754 1509 755 1509 756 1509 757 1509 785 1502 816 1510 817 1510 818 1510 836 1502 842 1509 843 1509 844 1509 845 1510 879 1510 879 1509 880 1509 881 1509 891 1502 923 1508 924 1508 976 1496 976 1490 973 1462 915 1463 914 1463 899 1452 898 1452 897 1452 878 1452 877 1452 876 1452 853 1464 825 1455 824 1455 823 1455 822 1455 790 1466 787 1466 781 1466 702 1457 701 1457 700 1457 699 1457 699 1458 694 1462 672 1458 671 1458 670 1458 669 1458 651 1469 650 1469 648 1469 625 1463 624 1463 623 1463 592 1470 591 1470 590 1470 564 1460 562 1460 561 1460 529 1467 473 1462 472 1462 471 1462 470 1462 453 1473 451 1473 428 1469 427 1469 426 1469 406 1474 405 1474 404 1474 383 1464 382 1464 381 1464 380 1464 359 1475 338 1465 337 1465 336 1465 335 1465 334 1465 317 1476 316 1477 247 1477 249 1509"/></Shape>
	    <String CONTENT="ex iustitia, qua illos dignatio Dei ornat, reſultans·"
                    HPOS="247"
                    VPOS="1452"
                    WIDTH="729"
                    HEIGHT="67"></String>
          </TextLine>
          <TextLine ID="eSc_line_5676801c"
                    TAGREFS="LT767"
                    BASELINE="273 1553 1077 1537" 
                    HPOS="272"
                    VPOS="1500"
                    WIDTH="805"
                    HEIGHT="69">
            <Shape><Polygon POINTS="273 1553 273 1563 322 1569 323 1569 504 1559 509 1559 522 1565 523 1565 524 1565 584 1557 590 1557 593 1557 622 1563 623 1563 657 1556 658 1556 671 1556 974 1556 975 1556 1076 1546 1077 1537 1075 1508 977 1500 976 1500 958 1501 957 1501 955 1501 945 1510 943 1512 883 1512 878 1512 826 1503 825 1503 781 1514 780 1514 779 1514 744 1506 743 1506 742 1506 701 1516 700 1516 699 1516 676 1507 675 1507 674 1507 673 1507 654 1516 578 1509 577 1509 576 1509 575 1509 564 1517 554 1510 553 1510 552 1510 524 1510 523 1510 522 1510 494 1520 483 1513 482 1513 481 1513 480 1513 479 1513 478 1513 470 1519 457 1514 456 1514 455 1514 454 1514 423 1522 422 1523 388 1523 338 1523 327 1518 326 1518 325 1518 272 1525 273 1553"/></Shape>
	    <String CONTENT="Hæc ucro tanta fœlicitas in nullam aliam cauſſam re¬"
                    HPOS="272"
                    VPOS="1500"
                    WIDTH="805"
                    HEIGHT="69"
                    WC="0.9908141574034324"></String>
          </TextLine>
          <TextLine ID="eSc_line_1247efe5"
                    TAGREFS="LT767"
                    BASELINE="246 1608 598 1597 1075 1590" 
                    HPOS="244"
                    VPOS="1553"
                    WIDTH="831"
                    HEIGHT="82">
            <Shape><Polygon POINTS="246 1608 246 1635 326 1635 326 1634 327 1634 335 1632 381 1617 432 1628 449 1632 450 1632 543 1630 544 1630 554 1624 574 1614 611 1611 653 1615 654 1615 713 1609 755 1615 756 1615 757 1615 776 1608 839 1611 840 1611 841 1611 863 1606 886 1614 908 1622 909 1622 910 1622 962 1621 963 1621 991 1611 1015 1602 1074 1608 1075 1590 1072 1559 953 1563 948 1560 941 1554 940 1554 939 1554 938 1554 937 1554 936 1554 929 1559 912 1553 911 1553 910 1553 909 1553 891 1561 885 1563 878 1561 861 1554 860 1554 859 1554 838 1556 837 1556 836 1556 828 1562 824 1564 810 1562 779 1558 778 1558 777 1558 776 1558 770 1563 766 1566 742 1566 732 1563 714 1558 713 1558 712 1558 710 1558 709 1558 703 1563 697 1568 635 1564 624 1564 623 1564 618 1565 585 1570 546 1565 515 1562 513 1562 512 1562 511 1562 506 1566 497 1572 436 1567 398 1564 397 1564 396 1564 388 1568 375 1574 357 1568 348 1565 347 1565 346 1565 345 1565 337 1568 323 1576 296 1576 283 1569 280 1567 279 1567 278 1567 277 1567 244 1569 246 1608"/></Shape>
	    <String CONTENT="ferenda est, quam dignationem diuinæ uoluntatis, &amp; me"
                    HPOS="244"
                    VPOS="1553"
                    WIDTH="831"
                    HEIGHT="82"
                    WC="0.984121599287357"></String>
          </TextLine>
        </TextBlock>
        <TextBlock HPOS="86"
                   VPOS="704"
                   WIDTH="142"
                   HEIGHT="102"
                   ID="eSc_textblock_7378ac2b"
                   TAGREFS="BT990">
          <Shape><Polygon POINTS="86 704 86 806 228 806 228 704"/></Shape>
          <TextLine ID="eSc_line_e350c98d"
                    TAGREFS="LT767"
                    BASELINE="95 743 233 741" 
                    HPOS="94"
                    VPOS="707"
                    WIDTH="139"
                    HEIGHT="51">
            <Shape><Polygon POINTS="157 707 146 708 136 709 126 709 115 710 105 711 97 711 94 712 95 743 95 758 181 757 182 757 183 757 183 756 188 752 231 757 233 741 231 712 160 707 157 707"/></Shape>
	    <String CONTENT="Sectiun¬"
                    HPOS="94"
                    VPOS="707"
                    WIDTH="139"
                    HEIGHT="51"
                    WC="0.9955527931451797"></String>
          </TextLine>
          <TextLine ID="eSc_line_c1b8dbbc"
                    TAGREFS="LT767"
                    BASELINE="95 792 192 792" 
                    HPOS="95"
                    VPOS="756"
                    WIDTH="97"
                    HEIGHT="52">
            <Shape><Polygon POINTS="95 792 95 808 192 806 192 792 192 767 129 756 128 756 127 756 95 766 95 792"/></Shape>
	    <String CONTENT="cula 3·"
                    HPOS="95"
                    VPOS="756"
                    WIDTH="97"
                    HEIGHT="52"></String>
          </TextLine>
        </TextBlock>
      </PrintSpace>
    </Page>
  </Layout>
</alto>
