<?xml version="1.0" encoding="UTF-8"?>
<alto xmlns:xsi="http://www.w3.org/2001/XMLSchema-instance"
      xmlns="http://www.loc.gov/standards/alto/ns-v4#"
      xsi:schemaLocation="http://www.loc.gov/standards/alto/ns-v4# http://www.loc.gov/standards/alto/v4/alto-4-2.xsd">
  <Description>
    <MeasurementUnit>pixel</MeasurementUnit>
    <sourceImageInformation>
      <fileName>bsb00035303_00011.jpg</fileName>
    </sourceImageInformation>
  </Description>
  <Tags>
    <OtherTag ID="BT7" LABEL="CustomZone" DESCRIPTION="block type CustomZone"/><OtherTag ID="BT8" LABEL="DamageZone" DESCRIPTION="block type DamageZone"/><OtherTag ID="BT9" LABEL="DigitizationArtefactZone" DESCRIPTION="block type DigitizationArtefactZone"/><OtherTag ID="BT10" LABEL="DropCapitalZone" DESCRIPTION="block type DropCapitalZone"/><OtherTag ID="BT11" LABEL="GraphicZone" DESCRIPTION="block type GraphicZone"/><OtherTag ID="BT12" LABEL="MainZone" DESCRIPTION="block type MainZone"/><OtherTag ID="BT13" LABEL="MarginTextZone" DESCRIPTION="block type MarginTextZone"/><OtherTag ID="BT14" LABEL="MusicZone" DESCRIPTION="block type MusicZone"/><OtherTag ID="BT15" LABEL="NumberingZone" DESCRIPTION="block type NumberingZone"/><OtherTag ID="BT17" LABEL="QuireMarksZone" DESCRIPTION="block type QuireMarksZone"/><OtherTag ID="BT18" LABEL="RunningTitleZone" DESCRIPTION="block type RunningTitleZone"/><OtherTag ID="BT19" LABEL="SealZone" DESCRIPTION="block type SealZone"/><OtherTag ID="BT20" LABEL="StampZone" DESCRIPTION="block type StampZone"/><OtherTag ID="BT21" LABEL="TableZone" DESCRIPTION="block type TableZone"/><OtherTag ID="BT22" LABEL="TitlePageZone" DESCRIPTION="block type TitlePageZone"/><OtherTag ID="BT985" LABEL="MainZone-Other" DESCRIPTION="block type MainZone-Other"/><OtherTag ID="BT986" LABEL="MainZone-Signature" DESCRIPTION="block type MainZone-Signature"/><OtherTag ID="BT987" LABEL="MainZone-Head" DESCRIPTION="block type MainZone-Head"/><OtherTag ID="BT988" LABEL="MainZone-P" DESCRIPTION="block type MainZone-P"/><OtherTag ID="BT989" LABEL="MainZone-P-Continued" DESCRIPTION="block type MainZone-P-Continued"/><OtherTag ID="BT990" LABEL="MarginTextZone-Notes" DESCRIPTION="block type MarginTextZone-Notes"/><OtherTag ID="BT991" LABEL="MainZone-Lg" DESCRIPTION="block type MainZone-Lg"/>
    <OtherTag ID="LT7" LABEL="CustomLine" DESCRIPTION="line type CustomLine"/><OtherTag ID="LT8" LABEL="DefaultLine" DESCRIPTION="line type DefaultLine"/><OtherTag ID="LT9" LABEL="DropCapitalLine" DESCRIPTION="line type DropCapitalLine"/><OtherTag ID="LT10" LABEL="HeadingLine" DESCRIPTION="line type HeadingLine"/><OtherTag ID="LT11" LABEL="InterlinearLine" DESCRIPTION="line type InterlinearLine"/><OtherTag ID="LT12" LABEL="MusicLine" DESCRIPTION="line type MusicLine"/>
  </Tags>
  <Layout>
    <Page WIDTH="1128"
          HEIGHT="1876"
          PHYSICAL_IMG_NR="10"
          ID="eSc_dummypage_">
      <PrintSpace HPOS="0"
                  VPOS="0"
                  WIDTH="1128"
                  HEIGHT="1876">
        <TextBlock HPOS="274.0"
                   VPOS="132.0"
                   WIDTH="399.0"
                   HEIGHT="52.0"
                   ID="block_3"
                   TAGREFS="BT18">
          <Shape><Polygon POINTS="673 132 673 184 274 184 274 132"/></Shape>
          <TextLine ID="line_0"
                    TAGREFS="LT8"
                    BASELINE="283 170 668 168" 
                    HPOS="282.0"
                    VPOS="133.0"
                    WIDTH="386.0"
                    HEIGHT="56.0">
            <Shape><Polygon POINTS="657 137 647 137 636 137 626 137 621 139 620 139 614 139 593 137 584 137 574 137 564 137 553 137 543 137 532 137 522 137 511 137 508 137 500 139 495 137 491 137 480 137 470 137 463 137 456 140 448 137 438 137 428 137 419 137 411 140 404 137 397 137 386 137 381 137 376 140 368 137 365 137 355 137 345 137 334 137 324 137 317 137 313 137 303 137 292 137 291 134 282 133 283 170 283 182 354 177 361 181 376 188 377 188 378 189 401 189 401 188 402 188 403 188 409 183 420 187 421 187 422 187 423 187 424 187 436 179 442 176 452 178 473 183 474 183 503 177 516 175 519 177 531 185 532 185 533 185 534 185 535 185 536 185 536 184 545 176 547 175 560 175 564 176 589 187 590 187 591 188 653 188 653 187 654 187 655 187 655 186 668 174 668 168 667 140 659 137 657 137"/></Shape>
	    <String CONTENT="EPISTOLA."
                    HPOS="282.0"
                    VPOS="133.0"
                    WIDTH="386.0"
                    HEIGHT="56.0"
                    WC="0.9996209078364902"></String>
          </TextLine>
        </TextBlock>
        <TextBlock HPOS="61.0"
                   VPOS="193.0"
                   WIDTH="840.0"
                   HEIGHT="919.0"
                   ID="block_4"
                   TAGREFS="BT989">
          <Shape><Polygon POINTS="895 196 901 1105 61 1112 61 193"/></Shape>
          <TextLine ID="line_1"
                    TAGREFS="LT8"
                    BASELINE="57 239 890 229" 
                    HPOS="56.0"
                    VPOS="202.0"
                    WIDTH="834.0"
                    HEIGHT="57.0">
            <Shape><Polygon POINTS="879 202 869 202 859 202 848 202 838 202 827 202 817 202 806 202 796 202 786 202 775 202 765 202 754 202 744 202 733 202 723 202 713 202 702 202 692 202 689 202 650 203 645 202 640 202 629 202 619 202 608 202 598 202 587 202 583 202 554 205 546 202 535 202 525 202 515 202 504 202 499 202 498 203 495 205 489 203 486 202 483 202 473 202 462 202 452 202 442 202 431 202 429 202 427 204 426 205 424 204 418 202 410 202 400 202 398 202 390 205 387 206 385 205 380 202 379 202 369 202 358 202 348 202 337 202 328 202 324 206 323 207 267 208 264 207 258 203 257 203 256 203 255 203 254 203 253 203 248 207 246 209 192 209 185 208 142 202 141 202 140 202 139 202 130 209 92 205 91 205 56 210 57 239 57 251 139 259 140 259 200 258 201 258 226 249 228 249 231 249 266 257 267 257 268 257 289 249 302 257 303 257 304 257 305 257 383 247 390 247 397 247 472 255 473 255 553 244 559 244 560 244 576 253 577 253 578 253 635 243 640 243 641 243 655 252 656 252 657 252 737 242 742 242 749 242 864 250 865 250 866 250 890 240 890 229 887 202 879 202"/></Shape>
	    <String CONTENT="crem facere incœpiſti·Cui ſiquidem principum rectius ſa"
                    HPOS="56.0"
                    VPOS="202.0"
                    WIDTH="834.0"
                    HEIGHT="57.0"
                    WC="0.9982433503324335"></String>
          </TextLine>
          <TextLine ID="line_2"
                    TAGREFS="LT8"
                    BASELINE="57 288 889 280" 
                    HPOS="56.0"
                    VPOS="243.0"
                    WIDTH="833.0"
                    HEIGHT="63.0">
            <Shape><Polygon POINTS="57 288 57 300 123 300 137 306 138 306 139 306 140 306 167 299 173 298 178 299 200 305 201 305 202 305 253 298 257 298 261 298 360 305 361 305 413 297 456 304 457 304 515 294 530 302 531 302 574 303 575 303 628 293 678 302 679 302 751 301 752 301 789 291 875 297 876 297 877 297 878 297 889 290 889 280 885 243 857 251 835 243 832 243 831 243 830 243 825 243 782 252 741 245 734 244 733 244 732 244 731 244 731 245 721 252 680 247 679 247 678 247 663 254 508 254 497 249 496 249 495 249 493 249 466 254 451 249 446 248 445 248 369 248 368 248 329 249 328 249 327 249 324 251 316 256 308 251 303 249 302 249 301 249 287 252 262 257 238 252 226 250 225 250 202 253 160 258 153 253 152 253 151 253 150 253 149 253 148 253 138 258 111 254 91 251 90 251 89 251 82 254 72 258 56 255 57 288"/></Shape>
	    <String CONTENT="crorum cõmentarij inſcribantur, quam ei qui ſacrorum"
                    HPOS="56.0"
                    VPOS="243.0"
                    WIDTH="833.0"
                    HEIGHT="63.0"
                    WC="0.9969749754329897"></String>
          </TextLine>
          <TextLine ID="line_3"
                    TAGREFS="LT8"
                    BASELINE="58 339 888 329" 
                    HPOS="57.0"
                    VPOS="291.0"
                    WIDTH="831.0"
                    HEIGHT="68.0">
            <Shape><Polygon POINTS="58 339 59 359 78 354 126 358 135 358 136 358 137 358 139 357 157 349 181 356 184 357 185 357 186 358 211 358 211 357 212 357 215 356 230 348 267 354 274 355 275 355 276 355 281 354 310 347 364 351 365 351 389 346 406 351 413 353 414 353 415 353 417 353 423 351 432 346 438 350 444 354 445 354 446 354 447 354 544 353 545 353 546 353 553 347 558 344 580 347 627 351 628 351 629 351 640 344 643 343 656 344 720 351 721 351 722 351 749 342 888 338 888 329 886 302 805 291 804 291 803 291 802 291 790 302 789 302 786 302 749 295 748 295 747 295 736 302 733 303 670 303 667 302 655 293 654 293 653 293 652 293 651 293 625 300 590 294 589 294 587 294 561 302 549 306 471 306 461 302 449 297 448 297 447 297 446 297 428 302 423 303 397 302 329 299 328 299 327 299 316 302 298 308 284 302 277 299 276 299 275 299 257 302 239 306 234 302 230 299 229 299 228 299 227 299 199 300 198 300 197 300 193 302 185 309 168 302 162 300 161 300 160 300 148 302 115 310 93 302 89 301 88 301 87 301 57 302 58 339"/></Shape>
	    <String CONTENT="ſcientiam ſuo locohabet, digneq́; colit? Inter quos admo¬"
                    HPOS="57.0"
                    VPOS="291.0"
                    WIDTH="831.0"
                    HEIGHT="68.0"
                    WC="0.9807938504637334"></String>
          </TextLine>
          <TextLine ID="line_4"
                    TAGREFS="LT8"
                    BASELINE="58 386 887 378" 
                    HPOS="57.0"
                    VPOS="343.0"
                    WIDTH="830.0"
                    HEIGHT="64.0">
            <Shape><Polygon POINTS="58 386 58 401 159 407 160 407 161 407 162 407 172 400 175 398 326 398 327 398 345 405 346 405 347 405 348 405 349 405 358 398 359 397 418 397 419 397 429 404 430 404 431 404 432 405 464 405 464 404 466 404 484 396 486 396 551 396 558 396 573 403 574 403 575 403 576 403 604 395 622 402 623 402 624 403 674 403 674 402 761 393 835 400 836 400 887 390 887 378 885 349 837 343 836 343 796 349 780 352 639 352 634 351 627 346 626 346 625 346 586 346 585 346 584 346 583 346 576 351 572 353 511 352 369 348 368 348 325 353 320 349 319 349 317 349 316 349 315 349 314 349 308 353 305 355 285 354 241 350 240 350 239 350 238 350 232 354 229 356 212 354 183 351 182 351 181 351 168 355 159 358 100 358 96 355 91 351 90 351 89 351 88 351 57 355 58 386"/></Shape>
	    <String CONTENT="dum paucos tua celſitudo præclare fulget, quæ cum ſyn"
                    HPOS="57.0"
                    VPOS="343.0"
                    WIDTH="830.0"
                    HEIGHT="64.0"
                    WC="0.9910161225300915"></String>
          </TextLine>
          <TextLine ID="line_5"
                    TAGREFS="LT8"
                    BASELINE="58 437 886 428" 
                    HPOS="57.0"
                    VPOS="392.0"
                    WIDTH="829.0"
                    HEIGHT="62.0">
            <Shape><Polygon POINTS="58 437 58 449 239 454 240 454 241 454 242 454 252 447 253 447 262 447 336 452 337 452 377 446 380 446 382 446 424 452 425 452 473 445 475 445 477 445 516 451 517 451 599 443 609 442 610 442 623 449 624 449 625 449 626 449 638 442 639 442 644 442 700 449 701 449 754 441 756 441 758 441 791 448 792 448 885 439 886 428 884 400 850 400 842 392 841 392 840 392 839 392 792 400 751 393 725 393 724 393 723 393 722 393 714 400 609 395 608 395 607 395 577 402 522 396 521 396 520 396 519 396 509 403 477 397 476 397 475 397 474 397 463 403 434 398 433 398 432 398 431 398 421 405 370 405 339 398 338 398 337 398 336 398 326 405 265 399 264 399 263 399 238 407 141 407 111 401 110 401 57 408 58 437"/></Shape>
	    <String CONTENT="ceriore pietatis doctrina, &amp; linguarũ studia, ſine quibus"
                    HPOS="57.0"
                    VPOS="392.0"
                    WIDTH="829.0"
                    HEIGHT="62.0"
                    WC="0.9917970536084011"></String>
          </TextLine>
          <TextLine ID="line_6"
                    TAGREFS="LT8"
                    BASELINE="59 487 647 482 886 484" 
                    HPOS="58.0"
                    VPOS="443.0"
                    WIDTH="829.0"
                    HEIGHT="61.0">
            <Shape><Polygon POINTS="59 487 58 454 97 446 99 446 128 451 141 446 143 446 221 451 242 446 246 446 259 452 261 453 268 452 307 446 308 446 340 451 354 453 403 453 408 450 422 445 425 445 437 450 443 452 452 450 474 445 508 445 518 449 525 452 579 448 602 447 603 447 615 448 645 451 651 447 656 443 660 443 670 447 682 452 734 452 761 443 763 443 775 446 796 449 861 445 879 443 881 443 884 445 887 446 886 495 886 495 884 496 869 502 868 502 868 503 803 503 802 502 800 502 791 496 786 494 690 494 677 497 653 503 651 503 620 497 607 495 502 495 496 498 488 503 485 503 461 498 447 495 440 498 434 501 432 501 377 499 319 496 303 499 278 504 277 504 255 499 244 497 238 499 227 504 225 504 190 500 168 497 163 500 157 504 154 504 59 500"/></Shape>
	    <String CONTENT="nulla ſolida eruditio constat, ſuis coniungi curat. Neq; pa"
                    HPOS="58.0"
                    VPOS="443.0"
                    WIDTH="829.0"
                    HEIGHT="61.0"
                    WC="0.96811713202525"></String>
          </TextLine>
          <TextLine ID="line_7"
                    TAGREFS="LT8"
                    BASELINE="61 536 680 531 886 532" 
                    HPOS="60.0"
                    VPOS="496.0"
                    WIDTH="827.0"
                    HEIGHT="60.0">
            <Shape><Polygon POINTS="61 536 60 500 139 507 175 507 191 499 239 499 241 500 256 506 298 500 311 498 312 498 390 499 393 499 394 500 403 506 472 506 483 500 493 500 571 504 578 500 582 497 586 497 595 500 606 504 665 500 727 496 728 496 755 500 774 503 782 500 791 497 793 497 857 500 887 502 886 544 747 544 720 552 715 553 714 553 714 554 683 554 682 553 681 553 678 552 663 545 650 552 649 553 647 553 647 554 609 554 608 553 604 553 571 545 550 553 543 553 473 546 436 554 424 554 308 546 298 552 295 552 266 547 200 552 198 552 179 547 141 554 140 554 94 549 61 556"/></Shape>
	    <String CONTENT="rum uero huc audaciæ me prouocauit, quod ſciam, te cam"
                    HPOS="60.0"
                    VPOS="496.0"
                    WIDTH="827.0"
                    HEIGHT="60.0"
                    WC="0.9930205278926425"></String>
          </TextLine>
          <TextLine ID="line_8"
                    TAGREFS="LT8"
                    BASELINE="63 587 886 583" 
                    HPOS="62.0"
                    VPOS="542.0"
                    WIDTH="825.0"
                    HEIGHT="65.0">
            <Shape><Polygon POINTS="63 587 62 551 160 547 161 547 183 552 207 557 234 552 263 546 265 546 281 552 292 557 329 557 373 552 432 546 434 546 457 552 471 556 548 556 566 552 604 545 606 545 621 552 627 555 635 552 658 544 661 544 685 552 689 553 692 552 719 544 721 544 769 551 791 544 792 544 853 542 855 542 878 552 880 554 886 554 887 603 881 603 880 603 849 599 821 595 811 599 798 604 797 604 797 605 728 605 727 604 725 604 719 600 712 596 565 596 541 604 540 604 484 605 481 605 477 602 467 597 442 597 426 602 419 605 415 605 408 603 395 598 380 603 373 605 371 605 302 603 235 602 228 604 219 607 217 607 204 604 179 599 152 605 139 607 138 607 63 605"/></Shape>
	    <String CONTENT="Chriſti cognitionem nactum, quam hæc Pauli Epistola,"
                    HPOS="62.0"
                    VPOS="542.0"
                    WIDTH="825.0"
                    HEIGHT="65.0"
                    WC="0.9816176192118571"></String>
          </TextLine>
          <TextLine ID="line_9"
                    TAGREFS="LT8"
                    BASELINE="62 637 885 629" 
                    HPOS="61.0"
                    VPOS="593.0"
                    WIDTH="824.0"
                    HEIGHT="57.0">
            <Shape><Polygon POINTS="62 637 62 650 453 650 453 649 492 647 600 642 666 647 677 647 678 647 679 647 681 646 701 640 755 645 756 645 810 639 883 645 885 629 883 602 804 593 803 593 802 593 768 603 727 603 716 596 715 596 714 596 713 596 712 596 701 601 679 594 678 594 677 594 676 594 651 602 641 595 640 595 639 595 584 595 583 595 582 595 581 595 571 602 561 596 560 596 559 596 558 596 557 596 537 605 491 605 474 596 473 596 472 596 471 596 445 604 410 598 409 598 361 607 308 607 300 601 299 601 298 601 297 601 236 607 184 599 183 599 182 599 181 599 168 607 141 607 100 600 99 600 97 600 61 609 62 637"/></Shape>
	    <String CONTENT="ut &amp; reliquæ omnes, tradit, cui nihiladhæreat adhuc,"
                    HPOS="61.0"
                    VPOS="593.0"
                    WIDTH="824.0"
                    HEIGHT="57.0"
                    WC="0.9955971263922178"></String>
          </TextLine>
          <TextLine ID="line_10"
                    TAGREFS="LT8"
                    BASELINE="63 688 891 678" 
                    HPOS="62.0"
                    VPOS="643.0"
                    WIDTH="829.0"
                    HEIGHT="62.0">
            <Shape><Polygon POINTS="63 688 63 705 117 699 167 703 168 703 169 703 183 698 226 703 227 703 228 703 229 703 229 702 235 697 305 702 306 702 307 702 308 702 314 696 329 701 330 701 331 702 391 702 394 702 394 701 395 701 396 701 404 695 466 700 467 700 468 700 483 694 538 699 540 699 596 693 641 698 642 698 817 689 889 695 891 678 888 644 777 650 742 645 728 643 727 643 726 643 722 645 709 651 663 646 661 646 660 646 659 646 652 652 557 653 503 647 493 646 492 646 491 646 488 647 474 654 442 647 437 647 436 647 433 647 404 654 395 648 395 647 394 647 393 647 391 647 390 647 388 648 369 655 306 651 305 651 304 651 303 651 296 657 260 657 249 649 248 649 247 649 246 649 179 650 178 650 177 650 167 657 62 651 63 688"/></Shape>
	    <String CONTENT="fermenti cõmentorum rationis humanæ, quæ dixerit uale"
                    HPOS="62.0"
                    VPOS="643.0"
                    WIDTH="829.0"
                    HEIGHT="62.0"
                    WC="0.9874173678733684"></String>
          </TextLine>
          <TextLine ID="line_11"
                    TAGREFS="LT8"
                    BASELINE="62 737 892 727" 
                    HPOS="61.0"
                    VPOS="692.0"
                    WIDTH="831.0"
                    HEIGHT="61.0">
            <Shape><Polygon POINTS="61 707 62 737 62 748 289 746 296 748 307 753 308 753 309 753 310 753 328 748 340 745 346 748 351 752 352 752 353 752 354 753 393 753 393 752 394 752 410 748 426 744 432 748 437 751 438 751 439 751 440 752 475 752 475 751 524 747 578 743 617 747 641 749 642 749 643 749 652 747 674 741 706 746 719 748 720 748 721 748 722 748 724 746 729 742 797 744 798 744 799 744 810 738 891 745 892 727 890 692 839 692 838 692 837 692 835 692 806 700 772 694 771 694 719 701 688 695 682 694 681 694 680 694 677 695 655 701 635 695 633 695 632 695 631 695 630 695 628 696 611 703 558 703 528 697 520 696 519 696 501 698 442 704 408 699 394 697 393 697 365 700 309 706 298 701 293 699 292 699 291 699 279 701 254 706 231 702 219 700 218 700 127 701 126 701 125 701 121 704 115 708 62 705 61 707"/></Shape>
	    <String CONTENT="mundi elementis, confiteatur plantantẽ ct rigantem nihil"
                    HPOS="61.0"
                    VPOS="692.0"
                    WIDTH="831.0"
                    HEIGHT="61.0"
                    WC="0.9919514561954298"></String>
          </TextLine>
          <TextLine ID="line_12"
                    TAGREFS="LT8"
                    BASELINE="65 787 892 778" 
                    HPOS="64.0"
                    VPOS="743.0"
                    WIDTH="828.0"
                    HEIGHT="63.0">
            <Shape><Polygon POINTS="65 787 65 801 103 806 104 806 105 806 121 801 123 801 134 806 135 806 136 806 137 806 138 806 144 801 150 798 175 801 218 805 219 805 221 805 236 800 248 796 257 800 267 804 268 804 270 805 322 805 322 804 323 804 336 799 348 795 366 795 373 799 378 803 379 803 380 803 381 803 418 798 454 794 508 798 518 798 519 798 524 798 551 793 562 797 572 801 573 801 574 801 609 797 642 793 667 796 693 800 694 800 732 799 733 799 734 799 739 796 746 791 764 796 770 797 771 797 772 797 773 797 777 795 789 791 800 795 803 796 804 796 805 796 806 796 811 795 830 790 890 794 892 778 890 747 715 743 714 743 713 743 712 743 703 749 699 752 661 750 619 748 618 748 504 753 486 753 483 753 438 746 437 746 436 746 408 754 407 754 393 750 391 750 390 750 349 755 339 756 337 755 321 748 320 748 250 748 249 748 156 758 155 758 153 758 92 750 91 750 90 750 64 759 65 787"/></Shape>
	    <String CONTENT="eſſe, ne quid noſtris operibus arrogemus, ſacrũ tamen"
                    HPOS="64.0"
                    VPOS="743.0"
                    WIDTH="828.0"
                    HEIGHT="63.0"
                    WC="0.9833067501032794"></String>
          </TextLine>
          <TextLine ID="line_13"
                    TAGREFS="LT8"
                    BASELINE="63 836 892 828" 
                    HPOS="62.0"
                    VPOS="791.0"
                    WIDTH="830.0"
                    HEIGHT="65.0">
            <Shape><Polygon POINTS="63 836 63 848 79 856 80 856 81 856 82 856 83 856 95 847 142 851 143 851 166 846 168 846 178 846 372 854 373 854 423 853 424 853 450 844 468 851 469 851 470 851 471 851 472 851 472 850 480 843 487 843 499 843 500 843 516 852 517 852 518 852 519 853 580 853 580 852 581 852 619 842 620 841 716 841 717 841 742 850 743 850 744 850 793 841 814 849 815 849 816 850 849 850 849 849 892 838 892 828 891 799 870 791 869 791 799 791 798 791 797 791 775 799 771 800 769 799 758 792 757 792 756 792 755 792 754 792 740 799 737 800 731 799 720 795 719 795 718 795 693 799 681 800 675 798 657 793 656 793 655 793 617 798 598 801 579 798 551 794 550 794 549 794 541 798 533 802 485 798 444 795 443 795 428 798 406 803 380 798 377 798 376 798 375 798 374 798 349 805 267 805 221 800 219 800 173 805 155 798 154 798 110 798 109 798 108 798 92 804 62 798 63 836"/></Shape>
	    <String CONTENT="habeat externum quo Euangelij, exhortationisq́; in"
                    HPOS="62.0"
                    VPOS="791.0"
                    WIDTH="830.0"
                    HEIGHT="65.0"
                    WC="0.9779323678390652"></String>
          </TextLine>
          <TextLine ID="line_14"
                    TAGREFS="LT8"
                    BASELINE="65 887 891 879" 
                    HPOS="64.0"
                    VPOS="842.0"
                    WIDTH="827.0"
                    HEIGHT="61.0">
            <Shape><Polygon POINTS="65 887 65 897 359 903 360 903 361 903 375 898 386 894 412 898 442 902 443 902 444 902 445 902 451 898 456 894 489 893 507 898 518 901 519 901 520 902 567 902 567 901 568 901 569 901 572 898 580 893 621 898 640 900 641 900 642 900 646 898 660 891 708 891 775 898 786 899 787 899 793 898 836 890 854 898 855 898 856 898 857 898 859 898 867 893 888 898 891 879 889 851 788 842 787 842 716 851 685 843 684 843 683 843 682 843 656 852 655 853 612 853 612 852 594 844 593 844 592 844 591 844 590 844 579 852 578 853 574 852 538 845 537 845 536 845 535 845 525 853 524 853 517 853 427 846 426 846 380 854 371 855 364 854 347 849 346 849 345 849 301 854 291 855 284 854 242 848 241 848 240 848 227 855 224 856 212 855 183 851 182 851 145 855 127 857 118 855 94 849 93 849 92 849 64 855 65 887"/></Shape>
	    <String CONTENT="Domino, uſum, et ſi uehiculum ſpiritus inde nullũ faciat,"
                    HPOS="64.0"
                    VPOS="842.0"
                    WIDTH="827.0"
                    HEIGHT="61.0"
                    WC="0.9880501134642239"></String>
          </TextLine>
          <TextLine ID="line_15"
                    TAGREFS="LT8"
                    BASELINE="64 936 895 927" 
                    HPOS="63.0"
                    VPOS="890.0"
                    WIDTH="832.0"
                    HEIGHT="65.0">
            <Shape><Polygon POINTS="63 906 64 936 64 946 130 955 131 955 132 955 162 946 165 946 222 946 223 946 242 954 243 954 244 954 314 947 328 953 329 953 330 953 359 951 360 951 378 946 383 945 399 946 455 951 456 951 457 951 458 951 466 946 471 943 494 946 511 948 512 948 572 946 602 945 605 946 615 950 616 950 617 950 653 949 654 949 655 949 659 946 665 942 683 946 687 946 688 946 694 946 746 940 774 946 787 948 788 948 801 946 829 940 847 946 852 947 853 947 854 947 895 945 895 927 892 899 848 900 845 899 831 891 830 891 829 891 805 890 804 890 803 890 802 890 791 899 789 901 781 899 768 896 767 896 766 896 765 896 764 896 759 899 756 902 657 902 653 900 645 896 644 896 643 896 642 896 641 896 635 900 632 903 525 903 521 901 505 894 504 894 433 894 432 894 431 894 430 894 417 902 411 905 399 902 371 895 370 895 369 895 342 896 341 896 328 903 323 905 311 903 278 896 277 896 221 903 192 907 176 904 162 901 161 901 160 901 159 901 159 902 156 904 151 908 114 908 108 904 95 898 94 898 93 898 63 904 63 906"/></Shape>
	    <String CONTENT="de quare Caſpar Schuenftfeldius tuus, pro eximia ſua re"
                    HPOS="63.0"
                    VPOS="890.0"
                    WIDTH="832.0"
                    HEIGHT="65.0"
                    WC="0.990973238511519"></String>
          </TextLine>
          <TextLine ID="line_16"
                    TAGREFS="LT8"
                    BASELINE="65 985 893 979" 
                    HPOS="64.0"
                    VPOS="944.0"
                    WIDTH="829.0"
                    HEIGHT="59.0">
            <Shape><Polygon POINTS="65 985 65 996 170 996 175 996 205 1003 206 1003 303 997 321 1003 322 1003 323 1003 372 1002 373 1002 385 996 386 996 387 996 397 1002 398 1002 399 1002 400 1002 466 1001 467 1001 484 996 495 994 500 996 508 1001 509 1001 510 1002 559 1002 559 1001 585 996 605 993 619 996 628 999 629 999 630 999 673 996 758 991 891 996 893 979 892 952 877 944 876 944 875 944 874 944 857 951 837 944 836 944 835 944 834 944 804 951 773 944 772 944 771 944 752 952 689 945 688 945 687 945 685 945 675 951 644 946 643 946 642 946 615 954 591 954 576 946 575 946 574 946 526 951 518 946 517 946 516 946 515 946 475 954 456 947 455 947 454 947 395 954 356 947 355 947 354 947 335 955 285 948 284 948 238 955 210 951 209 951 208 951 207 951 200 957 168 957 154 949 153 949 152 949 151 949 131 956 111 949 110 949 109 949 64 957 65 985"/></Shape>
	    <String CONTENT="uelatione, præclare ſcripſit, neq; ſacramenta contemnat,"
                    HPOS="64.0"
                    VPOS="944.0"
                    WIDTH="829.0"
                    HEIGHT="59.0"
                    WC="0.9991376070039613"></String>
          </TextLine>
          <TextLine ID="line_17"
                    TAGREFS="LT8"
                    BASELINE="69 1035 895 1028" 
                    HPOS="68.0"
                    VPOS="995.0"
                    WIDTH="827.0"
                    HEIGHT="60.0">
            <Shape><Polygon POINTS="69 1035 69 1055 142 1055 142 1054 143 1054 144 1054 145 1053 156 1045 186 1052 191 1053 192 1053 200 1052 226 1046 235 1051 239 1053 240 1053 241 1054 302 1054 302 1053 329 1049 371 1043 397 1048 421 1052 422 1052 454 1047 476 1043 485 1046 488 1047 489 1047 491 1047 527 1045 596 1041 605 1043 618 1047 619 1047 620 1047 657 1042 677 1040 683 1042 700 1048 701 1048 702 1048 703 1048 718 1041 719 1041 720 1041 739 1045 740 1045 813 1039 820 1039 822 1039 841 1044 842 1044 843 1044 895 1037 895 1028 892 997 710 1002 700 998 694 996 693 996 692 996 678 998 655 1003 547 1000 513 999 512 999 511 999 507 1000 495 1004 486 1000 475 995 474 995 473 995 418 1000 373 996 372 996 371 996 370 996 362 1001 361 1002 359 1001 344 996 342 996 341 996 340 996 328 1002 320 1005 308 1002 290 997 289 997 288 997 287 997 276 1002 266 1007 213 1007 204 1003 188 997 187 997 186 997 78 998 77 998 76 998 68 1002 69 1035"/></Shape>
	    <String CONTENT="ſed ſuoloco, ꝓ ſymbolis ſcilicet externæ cõmunionis inter"
                    HPOS="68.0"
                    VPOS="995.0"
                    WIDTH="827.0"
                    HEIGHT="60.0"
                    WC="0.9809918722202038"></String>
          </TextLine>
          <TextLine ID="line_18"
                    TAGREFS="LT8"
                    BASELINE="68 1085 756 1079" 
                    HPOS="67.0"
                    VPOS="1043.0"
                    WIDTH="689.0"
                    HEIGHT="61.0">
            <Shape><Polygon POINTS="68 1085 68 1096 154 1104 155 1104 156 1104 157 1104 165 1099 203 1102 204 1102 205 1102 206 1102 206 1101 212 1096 285 1103 286 1103 361 1097 374 1102 375 1102 376 1102 436 1101 437 1101 463 1094 479 1101 480 1101 481 1102 522 1102 522 1101 523 1101 524 1101 533 1094 542 1100 543 1100 544 1100 545 1101 593 1101 593 1100 594 1100 595 1100 601 1095 633 1100 634 1100 635 1100 636 1100 649 1091 756 1090 756 1079 755 1052 731 1045 730 1045 729 1045 728 1045 703 1051 692 1043 691 1043 690 1043 641 1043 640 1043 639 1043 616 1050 597 1044 596 1044 595 1044 594 1044 593 1044 593 1045 584 1052 547 1044 546 1044 545 1044 524 1053 437 1045 436 1045 435 1045 409 1054 330 1046 329 1046 328 1046 310 1055 210 1055 201 1048 201 1047 200 1047 199 1047 183 1047 182 1047 125 1056 114 1048 113 1048 112 1048 89 1048 88 1048 87 1048 67 1056 68 1085"/></Shape>
	    <String CONTENT="Chriſtianos &amp; instituendæ &amp; alendæ, habeat."
                    HPOS="67.0"
                    VPOS="1043.0"
                    WIDTH="689.0"
                    HEIGHT="61.0"
                    WC="0.9993199165477309"></String>
          </TextLine>
        </TextBlock>
        <TextBlock HPOS="68.0"
                   VPOS="1098.0"
                   WIDTH="847.0"
                   HEIGHT="508.0"
                   ID="block_0"
                   TAGREFS="BT988">
          <Shape><Polygon POINTS="909 1111 915 1586 68 1606 68 1098"/></Shape>
          <TextLine ID="line_19"
                    TAGREFS="LT8"
                    BASELINE="116 1137 899 1127" 
                    HPOS="115.0"
                    VPOS="1090.0"
                    WIDTH="784.0"
                    HEIGHT="64.0">
            <Shape><Polygon POINTS="116 1137 117 1154 137 1148 203 1153 229 1154 230 1154 231 1154 240 1152 260 1147 275 1151 279 1152 280 1152 281 1152 282 1152 283 1152 284 1151 290 1147 298 1151 301 1152 302 1152 303 1152 304 1152 309 1150 319 1147 335 1150 354 1153 355 1153 439 1152 440 1152 454 1147 464 1144 522 1146 623 1150 624 1150 625 1150 638 1144 641 1142 666 1143 746 1148 747 1148 748 1148 749 1148 758 1141 759 1141 775 1146 776 1146 777 1146 823 1140 825 1140 827 1140 861 1146 862 1146 899 1138 899 1127 897 1099 814 1090 813 1090 812 1090 811 1090 802 1095 743 1091 742 1091 741 1091 740 1091 726 1100 724 1100 687 1100 666 1100 658 1094 657 1094 656 1094 655 1094 654 1094 653 1094 645 1100 644 1101 591 1101 589 1100 570 1093 569 1093 568 1093 567 1093 543 1101 541 1101 538 1101 512 1096 511 1096 478 1101 472 1102 469 1101 451 1095 450 1095 449 1095 448 1095 447 1095 439 1101 436 1103 427 1102 397 1097 396 1097 369 1102 356 1104 353 1102 346 1096 345 1096 344 1096 325 1096 324 1096 323 1096 300 1102 290 1105 287 1102 281 1097 280 1097 279 1097 236 1097 235 1097 234 1097 215 1103 204 1106 191 1103 170 1098 169 1098 168 1098 115 1103 116 1137"/></Shape>
	    <String CONTENT="Hãc nostramitaq; qualemcunq operam celſitudo tua"
                    HPOS="115.0"
                    VPOS="1090.0"
                    WIDTH="784.0"
                    HEIGHT="64.0"
                    WC="0.9772546498142943"></String>
          </TextLine>
          <TextLine ID="line_20"
                    TAGREFS="LT8"
                    BASELINE="69 1188 899 1177" 
                    HPOS="68.0"
                    VPOS="1145.0"
                    WIDTH="831.0"
                    HEIGHT="60.0">
            <Shape><Polygon POINTS="829 1145 819 1145 817 1145 811 1150 811 1151 808 1151 792 1151 752 1145 746 1145 736 1145 725 1145 723 1145 708 1151 654 1146 653 1146 545 1153 533 1145 532 1145 531 1145 527 1145 517 1145 506 1145 496 1145 495 1145 494 1145 493 1145 479 1154 478 1155 454 1155 412 1155 388 1147 387 1147 386 1147 385 1147 384 1147 375 1153 360 1148 359 1148 358 1148 357 1148 337 1155 323 1149 322 1149 321 1149 277 1156 249 1148 248 1148 247 1148 176 1157 158 1149 157 1149 156 1149 90 1150 89 1150 75 1156 68 1174 69 1188 69 1205 155 1197 182 1197 192 1203 193 1204 194 1204 195 1204 197 1204 208 1203 252 1196 295 1201 316 1203 317 1203 355 1200 413 1194 448 1198 470 1200 471 1200 510 1196 538 1194 547 1196 565 1200 566 1200 567 1200 672 1198 673 1198 674 1198 682 1193 685 1191 689 1193 699 1198 700 1198 701 1198 805 1190 816 1190 818 1190 843 1196 844 1196 845 1196 898 1188 899 1177 897 1150 853 1150 838 1145 829 1145"/></Shape>
	    <String CONTENT="ſibi incupatam, eo animo excipiat, quo quemlibet ad pro"
                    HPOS="68.0"
                    VPOS="1145.0"
                    WIDTH="831.0"
                    HEIGHT="60.0"
                    WC="0.9991557056253607"></String>
          </TextLine>
          <TextLine ID="line_21"
                    TAGREFS="LT8"
                    BASELINE="67 1237 897 1228" 
                    HPOS="66.0"
                    VPOS="1189.0"
                    WIDTH="831.0"
                    HEIGHT="64.0">
            <Shape><Polygon POINTS="67 1237 67 1251 169 1253 170 1253 172 1253 177 1251 189 1246 231 1250 232 1250 293 1245 335 1250 348 1251 349 1251 358 1250 389 1244 414 1249 420 1250 421 1250 431 1249 471 1245 477 1249 478 1250 479 1250 480 1250 481 1250 515 1249 516 1249 517 1249 525 1243 600 1248 603 1248 604 1248 605 1248 634 1242 682 1248 688 1248 689 1248 690 1248 692 1248 718 1241 773 1247 775 1247 776 1247 777 1247 795 1240 895 1246 897 1228 895 1197 860 1189 859 1189 857 1189 856 1189 846 1197 845 1197 842 1197 782 1190 781 1190 780 1190 754 1197 751 1198 750 1197 740 1190 739 1190 738 1190 688 1190 687 1190 685 1190 659 1198 653 1199 635 1198 576 1193 575 1193 574 1193 561 1198 556 1200 523 1198 462 1195 461 1195 442 1199 429 1201 420 1199 403 1194 402 1194 401 1194 400 1194 381 1199 374 1201 368 1199 353 1194 352 1194 351 1194 350 1194 336 1199 334 1200 333 1199 325 1194 324 1194 323 1194 273 1194 272 1194 188 1195 187 1195 176 1200 166 1204 66 1201 67 1237"/></Shape>
	    <String CONTENT="mouendã Christi gloriam in quouis conatũ ſolet, hoc est,"
                    HPOS="66.0"
                    VPOS="1189.0"
                    WIDTH="831.0"
                    HEIGHT="64.0"
                    WC="0.9979158701567814"></String>
          </TextLine>
          <TextLine ID="line_22"
                    TAGREFS="LT8"
                    BASELINE="67 1287 900 1276" 
                    HPOS="66.0"
                    VPOS="1238.0"
                    WIDTH="834.0"
                    HEIGHT="65.0">
            <Shape><Polygon POINTS="67 1287 67 1297 119 1297 136 1303 137 1303 138 1303 200 1296 253 1302 254 1302 335 1294 347 1301 348 1301 349 1301 350 1302 393 1302 393 1301 394 1301 395 1301 408 1293 409 1293 466 1300 467 1300 468 1300 480 1294 498 1299 499 1299 500 1299 540 1294 589 1298 590 1298 591 1298 606 1292 720 1294 721 1294 722 1294 734 1289 741 1294 742 1294 743 1294 744 1294 774 1290 807 1295 808 1295 810 1295 811 1295 819 1290 831 1295 832 1295 834 1295 835 1295 836 1295 844 1289 868 1293 869 1293 899 1287 900 1276 898 1248 856 1248 837 1238 836 1238 835 1238 834 1238 812 1248 810 1249 751 1249 749 1248 736 1241 734 1241 733 1241 732 1241 731 1241 723 1248 722 1248 710 1242 709 1242 708 1242 679 1247 651 1240 650 1240 649 1240 620 1241 619 1241 618 1241 607 1248 602 1250 543 1248 522 1247 521 1247 512 1248 472 1252 463 1248 454 1243 453 1243 420 1243 419 1243 391 1248 387 1248 386 1248 381 1244 380 1244 379 1244 378 1244 377 1244 376 1244 371 1248 361 1253 336 1248 328 1246 327 1246 326 1246 325 1246 323 1248 311 1254 273 1248 256 1245 255 1245 254 1245 247 1248 226 1255 177 1248 164 1246 163 1246 162 1246 161 1246 159 1248 146 1257 115 1257 66 1248 67 1287"/></Shape>
	    <String CONTENT="iucundo &amp; fauenti, quodq́; cœpit, post doctrinam Chri¬"
                    HPOS="66.0"
                    VPOS="1238.0"
                    WIDTH="834.0"
                    HEIGHT="65.0"
                    WC="0.98106641681106"></String>
          </TextLine>
          <TextLine ID="line_23"
                    TAGREFS="LT8"
                    BASELINE="69 1337 898 1328" 
                    HPOS="68.0"
                    VPOS="1292.0"
                    WIDTH="830.0"
                    HEIGHT="62.0">
            <Shape><Polygon POINTS="68 1322 69 1337 69 1354 138 1348 155 1352 156 1352 157 1352 158 1352 174 1346 211 1351 212 1351 251 1346 259 1352 260 1352 261 1352 262 1352 263 1352 279 1345 289 1351 290 1351 291 1351 292 1351 405 1350 406 1350 428 1344 447 1350 448 1350 449 1350 450 1350 491 1345 504 1349 505 1349 506 1349 507 1349 508 1349 518 1343 580 1349 585 1349 586 1349 587 1349 589 1349 612 1342 681 1348 689 1348 690 1348 694 1348 731 1341 786 1347 793 1347 794 1347 795 1347 796 1347 805 1340 896 1345 898 1328 896 1300 851 1300 838 1293 837 1293 836 1293 835 1293 819 1299 810 1293 808 1293 807 1293 806 1293 805 1293 788 1299 772 1293 771 1293 770 1293 769 1293 768 1293 757 1301 733 1301 720 1292 719 1292 718 1292 695 1292 694 1292 693 1292 692 1292 681 1299 673 1293 672 1293 671 1293 670 1293 669 1293 640 1302 584 1302 557 1294 556 1294 555 1294 554 1294 553 1294 545 1300 528 1295 527 1295 526 1295 525 1295 508 1303 446 1303 434 1295 433 1295 432 1295 381 1295 380 1295 379 1295 342 1304 291 1297 290 1297 289 1297 274 1305 273 1306 244 1306 236 1306 205 1297 204 1297 203 1297 202 1297 172 1306 170 1306 140 1298 139 1298 84 1298 83 1298 82 1298 81 1298 74 1302 68 1322"/></Shape>
	    <String CONTENT="ſti ſynceram, &amp; nullis humanis figmentis fermentatam,"
                    HPOS="68.0"
                    VPOS="1292.0"
                    WIDTH="830.0"
                    HEIGHT="62.0"
                    WC="0.9993446368091511"></String>
          </TextLine>
          <TextLine ID="line_24"
                    TAGREFS="LT8"
                    BASELINE="70 1388 767 1378 906 1378" 
                    HPOS="69.0"
                    VPOS="1342.0"
                    WIDTH="837.0"
                    HEIGHT="62.0">
            <Shape><Polygon POINTS="70 1388 69 1355 163 1356 170 1354 184 1349 186 1349 213 1353 224 1355 234 1353 262 1347 263 1347 291 1353 300 1354 312 1353 359 1346 360 1346 462 1351 482 1352 495 1351 560 1344 561 1344 634 1349 650 1343 653 1343 670 1350 672 1351 745 1351 749 1349 773 1342 776 1342 791 1348 805 1342 807 1342 860 1348 863 1349 906 1349 906 1393 884 1396 880 1396 861 1390 840 1397 831 1397 775 1390 756 1396 754 1396 689 1391 653 1399 634 1399 505 1393 489 1400 488 1400 376 1401 374 1401 359 1394 327 1402 312 1402 174 1396 159 1404 150 1404 104 1397 70 1404"/></Shape>
	    <String CONTENT="pergat curare, ut linguas &amp; aliæ frugi artes, iuuentus"
                    HPOS="69.0"
                    VPOS="1342.0"
                    WIDTH="837.0"
                    HEIGHT="62.0"
                    WC="0.9966284555417521"></String>
          </TextLine>
          <TextLine ID="line_25"
                    TAGREFS="LT8"
                    BASELINE="71 1436 906 1428" 
                    HPOS="71.0"
                    VPOS="1391.0"
                    WIDTH="835.0"
                    HEIGHT="59.0">
            <Shape><Polygon POINTS="71 1416 75 1405 139 1405 140 1404 151 1397 155 1397 179 1404 186 1404 231 1398 233 1398 243 1403 374 1403 374 1402 402 1395 404 1395 541 1401 546 1401 559 1394 595 1394 628 1400 691 1392 692 1392 743 1399 756 1392 757 1392 816 1391 818 1391 831 1398 847 1391 850 1391 868 1399 906 1399 906 1443 848 1440 827 1439 814 1440 766 1446 765 1446 733 1441 725 1440 718 1441 692 1447 691 1447 604 1443 569 1441 545 1443 500 1448 499 1448 469 1442 417 1445 319 1450 317 1450 277 1446 251 1444 238 1447 228 1449 225 1449 215 1447 202 1444 71 1448"/></Shape>
	    <String CONTENT="eius doceatur, neq; audiat non tam regilioſos ut uideri uo"
                    HPOS="71.0"
                    VPOS="1391.0"
                    WIDTH="835.0"
                    HEIGHT="59.0"
                    WC="0.9814714255004093"></String>
          </TextLine>
          <TextLine ID="line_26"
                    TAGREFS="LT8"
                    BASELINE="70 1484 906 1479" 
                    HPOS="69.0"
                    VPOS="1442.0"
                    WIDTH="837.0"
                    HEIGHT="60.0">
            <Shape><Polygon POINTS="70 1484 69 1445 94 1445 109 1454 221 1454 237 1445 238 1445 272 1444 321 1444 323 1445 338 1452 355 1445 356 1444 387 1444 387 1445 400 1452 455 1445 469 1443 470 1443 481 1445 520 1451 577 1450 585 1445 587 1443 591 1443 604 1445 649 1451 667 1442 670 1442 679 1445 698 1450 715 1445 722 1442 843 1442 855 1445 876 1449 906 1447 906 1490 874 1490 871 1491 864 1497 861 1497 827 1492 818 1491 708 1491 697 1493 671 1500 668 1500 647 1494 639 1492 589 1492 582 1495 571 1500 569 1500 502 1499 500 1499 496 1496 493 1494 487 1496 471 1501 470 1501 470 1502 338 1502 337 1501 336 1501 328 1498 324 1496 304 1501 301 1501 295 1498 290 1496 275 1498 248 1502 247 1502 229 1499 204 1494 170 1499 152 1502 151 1502 136 1500 105 1494 70 1500"/></Shape>
	    <String CONTENT="lunt, quam fastidioſos quoſdam, qui hæc ſancta Dei dona"
                    HPOS="69.0"
                    VPOS="1442.0"
                    WIDTH="837.0"
                    HEIGHT="60.0"
                    WC="0.9927443992007863"></String>
          </TextLine>
          <TextLine ID="line_27"
                    TAGREFS="LT8"
                    BASELINE="69 1535 906 1527" 
                    HPOS="68.0"
                    VPOS="1490.0"
                    WIDTH="838.0"
                    HEIGHT="61.0">
            <Shape><Polygon POINTS="68 1518 71 1507 186 1504 204 1495 206 1495 237 1499 338 1494 339 1494 397 1503 434 1493 437 1493 473 1502 568 1502 584 1492 628 1492 653 1501 705 1495 707 1495 717 1500 730 1493 733 1493 748 1501 797 1501 822 1490 824 1490 878 1495 900 1490 903 1490 906 1491 906 1540 892 1542 891 1542 820 1538 805 1538 788 1546 786 1546 715 1540 703 1539 689 1546 685 1546 667 1540 664 1540 649 1547 647 1547 580 1542 579 1542 525 1548 523 1548 504 1543 498 1541 447 1541 435 1544 412 1549 410 1549 384 1544 372 1542 361 1545 349 1548 347 1548 327 1545 321 1544 319 1545 312 1550 310 1550 310 1551 234 1551 233 1550 232 1550 217 1546 203 1543 189 1547 179 1550 176 1550 158 1544 69 1547 69 1535"/></Shape>
	    <String CONTENT="contemnũt, à ſpiritu uolẽtes omnia diſcere, cum quo haud"
                    HPOS="68.0"
                    VPOS="1490.0"
                    WIDTH="838.0"
                    HEIGHT="61.0"
                    WC="0.9839817881584167"></String>
          </TextLine>
          <TextLine ID="line_28"
                    TAGREFS="LT8"
                    BASELINE="72 1588 906 1579" 
                    HPOS="71.0"
                    VPOS="1539.0"
                    WIDTH="835.0"
                    HEIGHT="71.0">
            <Shape><Polygon POINTS="72 1588 71 1553 162 1554 166 1552 175 1546 178 1546 216 1552 229 1553 257 1551 307 1548 308 1548 326 1551 333 1552 336 1551 348 1545 350 1545 382 1551 386 1551 388 1550 405 1544 407 1544 433 1549 467 1543 469 1543 482 1550 483 1551 543 1551 545 1549 565 1542 567 1542 627 1549 632 1549 664 1541 667 1541 696 1549 763 1549 764 1548 785 1540 787 1540 848 1545 864 1539 906 1539 906 1595 895 1593 880 1591 801 1591 789 1595 754 1605 753 1605 753 1606 641 1606 640 1605 606 1599 598 1598 581 1599 527 1606 525 1606 515 1601 504 1597 491 1601 485 1603 481 1603 479 1602 470 1596 400 1596 375 1605 361 1609 359 1609 335 1606 281 1597 265 1607 261 1610 257 1610 251 1608 230 1598 172 1598 72 1610"/></Shape>
	    <String CONTENT="perinde magnam familiaritatem habent, qui profecto di¬"
                    HPOS="71.0"
                    VPOS="1539.0"
                    WIDTH="835.0"
                    HEIGHT="71.0"
                    WC="0.9910559488667382"></String>
          </TextLine>
        </TextBlock>
        <TextBlock HPOS="746.0"
                   VPOS="1596.0"
                   WIDTH="165.0"
                   HEIGHT="59.0"
                   ID="block_2"
                   TAGREFS="BT17">
          <Shape><Polygon POINTS="911 1596 911 1655 746 1655 746 1596"/></Shape>
          <TextLine ID="line_29"
                    TAGREFS="LT8"
                    BASELINE="749 1633 903 1633" 
                    HPOS="749.0"
                    VPOS="1588.0"
                    WIDTH="154.0"
                    HEIGHT="75.0">
            <Shape><Polygon POINTS="749 1633 749 1658 781 1663 782 1663 783 1663 798 1657 804 1655 813 1657 838 1663 839 1663 840 1663 841 1663 856 1656 859 1655 903 1655 903 1633 903 1599 870 1599 857 1588 856 1588 855 1588 798 1588 797 1588 796 1588 795 1588 778 1598 762 1593 761 1593 759 1593 758 1593 749 1597 749 1633"/></Shape>
	    <String CONTENT="gnieſſent,"
                    HPOS="749.0"
                    VPOS="1588.0"
                    WIDTH="154.0"
                    HEIGHT="75.0"
                    WC="0.9994024276733399"></String>
          </TextLine>
        </TextBlock>
        <TextBlock HPOS="900.0"
                   VPOS="443.0"
                   WIDTH="157.0"
                   HEIGHT="154.0"
                   ID="eSc_textblock_d3193cbe"
                   TAGREFS="BT990">
          <Shape><Polygon POINTS="1057 597 1057 443 900 443 900 597 985 597"/></Shape>
          <TextLine ID="eSc_line_7faffc13"
                    TAGREFS="LT8"
                    BASELINE="906 484 1053 485" 
                    HPOS="906.0"
                    VPOS="442.0"
                    WIDTH="147.0"
                    HEIGHT="59.0">
            <Shape><Polygon POINTS="915 446 917 446 948 451 1051 442 1053 485 1053 494 978 501 976 501 954 495 950 495 920 500 919 500 906 498 906 449"/></Shape>
	    <String CONTENT="Pura prin"
                    HPOS="906.0"
                    VPOS="442.0"
                    WIDTH="147.0"
                    HEIGHT="59.0"
                    WC="0.9924358394410875"></String>
          </TextLine>
          <TextLine ID="eSc_line_a275a714"
                    TAGREFS="LT8"
                    BASELINE="906 532 1053 533" 
                    HPOS="906.0"
                    VPOS="495.0"
                    WIDTH="147.0"
                    HEIGHT="58.0">
            <Shape><Polygon POINTS="911 503 924 500 950 495 951 495 984 500 995 502 1051 501 1053 533 1051 549 961 542 943 550 939 552 938 552 938 553 906 553 906 503"/></Shape>
	    <String CONTENT="cipis huius"
                    HPOS="906.0"
                    VPOS="495.0"
                    WIDTH="147.0"
                    HEIGHT="58.0"
                    WC="0.9948860731991854"></String>
          </TextLine>
          <TextLine ID="eSc_line_7604cdf2"
                    TAGREFS="LT8"
                    BASELINE="906 583 1010 582" 
                    HPOS="906.0"
                    VPOS="542.0"
                    WIDTH="104.0"
                    HEIGHT="60.0">
            <Shape><Polygon POINTS="923 554 925 552 944 542 948 542 963 552 963 553 1008 553 1010 582 1010 597 906 602 906 554"/></Shape>
	    <String CONTENT="rtligio¬"
                    HPOS="906.0"
                    VPOS="542.0"
                    WIDTH="104.0"
                    HEIGHT="60.0"
                    WC="0.9766924828290939"></String>
          </TextLine>
        </TextBlock>
        <TextBlock HPOS="919.0"
                   VPOS="1338.0"
                   WIDTH="151.0"
                   HEIGHT="259.0"
                   ID="eSc_textblock_63574255"
                   TAGREFS="BT990">
          <Shape><Polygon POINTS="919 1338 919 1597 1070 1597 1070 1522 1070 1338"/></Shape>
          <TextLine ID="eSc_line_c6da9d09"
                    TAGREFS="LT8"
                    BASELINE="919 1379 1070 1379" 
                    HPOS="919.0"
                    VPOS="1341.0"
                    WIDTH="151.0"
                    HEIGHT="53.0">
            <Shape><Polygon POINTS="922 1342 925 1342 937 1348 971 1348 971 1347 987 1341 989 1341 1069 1347 1070 1379 1069 1394 942 1388 919 1391 919 1343"/></Shape>
	    <String CONTENT="In contem"
                    HPOS="919.0"
                    VPOS="1341.0"
                    WIDTH="151.0"
                    HEIGHT="53.0"
                    WC="0.999917189280192"></String>
          </TextLine>
          <TextLine ID="eSc_line_108d5e1a"
                    TAGREFS="LT8"
                    BASELINE="919 1428 1065 1427" 
                    HPOS="919.0"
                    VPOS="1390.0"
                    WIDTH="146.0"
                    HEIGHT="55.0">
            <Shape><Polygon POINTS="936 1399 936 1398 946 1392 950 1392 967 1396 992 1390 994 1390 1063 1398 1065 1427 1064 1437 976 1443 975 1443 955 1439 951 1438 949 1439 938 1445 936 1445 919 1444 919 1399"/></Shape>
	    <String CONTENT="ptores bo"
                    HPOS="919.0"
                    VPOS="1390.0"
                    WIDTH="146.0"
                    HEIGHT="55.0"
                    WC="0.9563971161842346"></String>
          </TextLine>
          <TextLine ID="eSc_line_3c10b363"
                    TAGREFS="LT8"
                    BASELINE="919 1479 1071 1478" 
                    HPOS="919.0"
                    VPOS="1442.0"
                    WIDTH="152.0"
                    HEIGHT="53.0">
            <Shape><Polygon POINTS="928 1445 960 1442 962 1442 970 1445 986 1449 1068 1445 1071 1478 1071 1489 1055 1495 1051 1495 1039 1490 919 1490 919 1446"/></Shape>
	    <String CONTENT="narum ar"
                    HPOS="919.0"
                    VPOS="1442.0"
                    WIDTH="152.0"
                    HEIGHT="53.0"
                    WC="0.9993505775928497"></String>
          </TextLine>
          <TextLine ID="eSc_line_21de64e0"
                    TAGREFS="LT8"
                    BASELINE="919 1527 1045 1526" 
                    HPOS="919.0"
                    VPOS="1489.0"
                    WIDTH="126.0"
                    HEIGHT="55.0">
            <Shape><Polygon POINTS="919 1497 933 1489 937 1489 955 1498 1043 1499 1045 1526 1045 1535 1022 1544 1019 1544 997 1537 938 1543 936 1543 922 1537 921 1537 919 1537 919 1497"/></Shape>
	    <String CONTENT="tium &amp;"
                    HPOS="919.0"
                    VPOS="1489.0"
                    WIDTH="126.0"
                    HEIGHT="55.0"
                    WC="0.9999597370624542"></String>
          </TextLine>
          <TextLine ID="eSc_line_e015a424"
                    TAGREFS="LT8"
                    BASELINE="919 1579 1062 1577" 
                    HPOS="919.0"
                    VPOS="1538.0"
                    WIDTH="143.0"
                    HEIGHT="64.0">
            <Shape><Polygon POINTS="933 1539 960 1546 984 1540 986 1540 1021 1545 1045 1538 1049 1538 1061 1545 1062 1577 1062 1590 1046 1599 1042 1599 1016 1593 962 1602 961 1602 919 1596 919 1539"/></Shape>
	    <String CONTENT="linguarũ."
                    HPOS="919.0"
                    VPOS="1538.0"
                    WIDTH="143.0"
                    HEIGHT="64.0"
                    WC="0.995180857181549"></String>
          </TextLine>
        </TextBlock>
      </PrintSpace>
    </Page>
  </Layout>
</alto>
