<?xml version="1.0" encoding="UTF-8"?>
<alto xmlns:xsi="http://www.w3.org/2001/XMLSchema-instance"
      xmlns="http://www.loc.gov/standards/alto/ns-v4#"
      xsi:schemaLocation="http://www.loc.gov/standards/alto/ns-v4# http://www.loc.gov/standards/alto/v4/alto-4-2.xsd">
  <Description>
    <MeasurementUnit>pixel</MeasurementUnit>
    <sourceImageInformation>
      <fileName>bsb00035303_00008.jpg</fileName>
    </sourceImageInformation>
  </Description>
  <Tags>
    <OtherTag ID="BT7" LABEL="CustomZone" DESCRIPTION="block type CustomZone"/><OtherTag ID="BT8" LABEL="DamageZone" DESCRIPTION="block type DamageZone"/><OtherTag ID="BT9" LABEL="DigitizationArtefactZone" DESCRIPTION="block type DigitizationArtefactZone"/><OtherTag ID="BT10" LABEL="DropCapitalZone" DESCRIPTION="block type DropCapitalZone"/><OtherTag ID="BT11" LABEL="GraphicZone" DESCRIPTION="block type GraphicZone"/><OtherTag ID="BT12" LABEL="MainZone" DESCRIPTION="block type MainZone"/><OtherTag ID="BT13" LABEL="MarginTextZone" DESCRIPTION="block type MarginTextZone"/><OtherTag ID="BT14" LABEL="MusicZone" DESCRIPTION="block type MusicZone"/><OtherTag ID="BT15" LABEL="NumberingZone" DESCRIPTION="block type NumberingZone"/><OtherTag ID="BT17" LABEL="QuireMarksZone" DESCRIPTION="block type QuireMarksZone"/><OtherTag ID="BT18" LABEL="RunningTitleZone" DESCRIPTION="block type RunningTitleZone"/><OtherTag ID="BT19" LABEL="SealZone" DESCRIPTION="block type SealZone"/><OtherTag ID="BT20" LABEL="StampZone" DESCRIPTION="block type StampZone"/><OtherTag ID="BT21" LABEL="TableZone" DESCRIPTION="block type TableZone"/><OtherTag ID="BT22" LABEL="TitlePageZone" DESCRIPTION="block type TitlePageZone"/><OtherTag ID="BT985" LABEL="MainZone-Other" DESCRIPTION="block type MainZone-Other"/><OtherTag ID="BT986" LABEL="MainZone-Signature" DESCRIPTION="block type MainZone-Signature"/><OtherTag ID="BT987" LABEL="MainZone-Head" DESCRIPTION="block type MainZone-Head"/><OtherTag ID="BT988" LABEL="MainZone-P" DESCRIPTION="block type MainZone-P"/><OtherTag ID="BT989" LABEL="MainZone-P-Continued" DESCRIPTION="block type MainZone-P-Continued"/><OtherTag ID="BT990" LABEL="MarginTextZone-Notes" DESCRIPTION="block type MarginTextZone-Notes"/><OtherTag ID="BT991" LABEL="MainZone-Lg" DESCRIPTION="block type MainZone-Lg"/>
    <OtherTag ID="LT7" LABEL="CustomLine" DESCRIPTION="line type CustomLine"/><OtherTag ID="LT8" LABEL="DefaultLine" DESCRIPTION="line type DefaultLine"/><OtherTag ID="LT9" LABEL="DropCapitalLine" DESCRIPTION="line type DropCapitalLine"/><OtherTag ID="LT10" LABEL="HeadingLine" DESCRIPTION="line type HeadingLine"/><OtherTag ID="LT11" LABEL="InterlinearLine" DESCRIPTION="line type InterlinearLine"/><OtherTag ID="LT12" LABEL="MusicLine" DESCRIPTION="line type MusicLine"/>
  </Tags>
  <Layout>
    <Page WIDTH="1128"
          HEIGHT="1876"
          PHYSICAL_IMG_NR="7"
          ID="eSc_dummypage_">
      <PrintSpace HPOS="0"
                  VPOS="0"
                  WIDTH="1128"
                  HEIGHT="1876">
        <TextBlock HPOS="470.0"
                   VPOS="90.0"
                   WIDTH="427.0"
                   HEIGHT="61.0"
                   ID="block_4"
                   TAGREFS="BT18">
          <Shape><Polygon POINTS="897 90 897 151 470 151 470 90"/></Shape>
          <TextLine ID="line_0"
                    TAGREFS="LT10"
                    BASELINE="468 129 889 135" 
                    HPOS="467.0"
                    VPOS="91.0"
                    WIDTH="422.0"
                    HEIGHT="65.0">
            <Shape><Polygon POINTS="801 94 791 94 780 94 770 94 759 94 749 94 739 94 728 94 718 94 707 94 697 94 687 94 676 94 666 94 655 94 645 94 634 94 624 94 614 94 603 94 593 94 582 94 572 94 561 94 551 94 541 94 530 94 520 94 509 94 499 94 488 92 487 91 468 91 468 129 467 142 478 147 479 147 480 147 506 142 510 141 513 142 536 152 537 152 538 152 540 152 541 152 553 143 571 150 572 150 573 150 574 150 575 150 582 143 590 149 590 150 591 150 592 150 593 150 594 150 595 150 595 149 601 143 602 142 617 142 618 143 636 152 638 152 639 152 640 152 654 144 677 154 678 154 679 154 680 154 681 154 695 144 696 144 697 144 727 154 728 154 729 154 730 154 731 154 743 145 753 154 753 155 754 155 755 155 756 156 776 156 776 155 777 155 778 155 790 145 791 145 792 146 817 156 818 156 819 156 820 156 821 156 829 151 874 156 875 156 876 156 877 156 888 147 889 135 889 99 817 94 812 94"/></Shape>
	    <String CONTENT="MARTINI BVCERI"
                    HPOS="467.0"
                    VPOS="91.0"
                    WIDTH="422.0"
                    HEIGHT="65.0"
                    WC="0.9999292748314994"></String>
          </TextLine>
        </TextBlock>
        <TextBlock HPOS="273.0"
                   VPOS="164.0"
                   WIDTH="583.0"
                   HEIGHT="54.0"
                   ID="block_2"
                   TAGREFS="BT989">
          <Shape><Polygon POINTS="856 164 856 218 273 218 273 164"/></Shape>
          <TextLine ID="line_1"
                    TAGREFS="LT8"
                    BASELINE="273 204 421 200 860 203" 
                    HPOS="272.0"
                    VPOS="168.0"
                    WIDTH="588.0"
                    HEIGHT="57.0">
            <Shape><Polygon POINTS="845 171 835 171 824 171 820 171 817 174 814 171 803 171 793 171 782 171 780 171 774 174 767 171 762 171 751 171 741 171 730 171 728 171 718 174 714 171 709 171 699 171 689 171 678 171 668 171 657 171 647 171 641 171 638 174 636 175 607 175 607 174 604 171 595 171 584 171 582 174 573 171 564 171 553 171 543 171 532 171 522 171 511 171 505 171 503 174 478 174 476 171 470 171 459 171 449 171 438 171 429 171 428 171 418 171 407 171 397 171 386 171 376 171 374 174 331 174 325 171 324 171 313 171 303 171 292 171 291 168 273 173 273 204 272 217 305 212 421 212 445 217 471 224 472 224 473 224 474 224 474 223 480 217 485 212 511 212 522 217 533 224 534 224 535 224 536 224 550 217 558 212 568 216 582 225 583 225 584 225 617 217 655 225 656 225 756 219 812 225 813 225 859 214 860 203 860 174 851 171 845 171"/></Shape>
	    <String CONTENT="DE V Sſuis, pro fide ipſorum facit."
                    HPOS="272.0"
                    VPOS="168.0"
                    WIDTH="588.0"
                    HEIGHT="57.0"
                    WC="0.9802782756941659"></String>
          </TextLine>
        </TextBlock>
        <TextBlock HPOS="270.0"
                   VPOS="215.0"
                   WIDTH="838.0"
                   HEIGHT="841.0"
                   ID="block_1"
                   TAGREFS="BT988">
          <Shape><Polygon POINTS="1108 215 1108 1056 270 1056 270 215"/></Shape>
          <TextLine ID="line_2"
                    TAGREFS="LT8"
                    BASELINE="322 247 1094 259" 
                    HPOS="321.0"
                    VPOS="224.0"
                    WIDTH="773.0"
                    HEIGHT="55.0">
            <Shape><Polygon POINTS="1030 224 1028 224 1025 224 997 229 924 224 916 224 905 224 895 224 885 224 877 224 845 228 832 224 822 224 812 224 801 224 791 224 780 224 770 224 759 224 712 226 581 224 572 224 561 224 551 224 541 224 530 224 520 224 509 224 499 224 488 224 478 224 468 224 457 224 447 224 436 224 426 224 415 224 405 224 395 224 384 224 374 224 363 224 353 224 342 224 332 224 322 224 322 247 321 260 448 261 451 263 463 269 464 269 466 269 506 264 513 263 516 264 529 270 530 270 579 272 580 272 581 272 603 265 606 265 609 265 644 273 645 273 758 269 841 276 842 276 888 270 901 269 929 272 1030 279 1031 279 1093 274 1094 259 1093 225 1064 231 1033 224 1031 224"/></Shape>
	    <String CONTENT="Proinde cum tam multis errorum nubibus Chriſti 4"
                    HPOS="321.0"
                    VPOS="224.0"
                    WIDTH="773.0"
                    HEIGHT="55.0"
                    WC="0.9767253076036772"></String>
          </TextLine>
          <TextLine ID="line_3"
                    TAGREFS="LT8"
                    BASELINE="271 300 473 302 1089 308" 
                    HPOS="269.0"
                    VPOS="256.0"
                    WIDTH="819.0"
                    HEIGHT="66.0">
            <Shape><Polygon POINTS="270 298 269 311 1085 322 1088 307 1088 275 1040 264 1038 264 1037 264 1012 273 1010 273 915 273 898 262 896 262 894 262 893 262 791 270 763 261 761 261 760 261 758 261 736 270 736 272 663 272 660 270 621 259 619 259 617 259 560 268 558 268 505 261 503 261 417 267 355 256 353 256 275 265 270 298"/></Shape>
	    <String CONTENT="uerfarius, contra restitutam nobis illius lucem Euange"
                    HPOS="269.0"
                    VPOS="256.0"
                    WIDTH="819.0"
                    HEIGHT="66.0"
                    WC="0.980471306376987"></String>
          </TextLine>
          <TextLine ID="line_4"
                    TAGREFS="LT8"
                    BASELINE="268 346 1096 359" 
                    HPOS="267.0"
                    VPOS="307.0"
                    WIDTH="829.0"
                    HEIGHT="71.0">
            <Shape><Polygon POINTS="267 361 273 366 273 367 274 367 275 367 276 367 320 361 331 359 347 361 396 369 397 369 440 363 459 361 506 361 515 365 530 372 531 372 532 372 533 372 546 365 550 364 553 366 567 372 568 372 660 374 661 374 694 369 701 368 712 369 733 373 734 373 736 373 743 371 755 366 781 372 797 374 798 374 799 374 804 372 813 368 825 373 841 377 842 377 843 377 884 374 932 369 945 375 946 375 947 375 950 375 1031 371 1094 378 1096 359 1095 331 967 317 966 317 900 325 889 326 880 325 840 315 839 315 838 315 811 323 808 323 805 322 789 317 788 317 787 317 753 321 720 324 671 318 660 317 659 317 651 317 597 322 589 315 582 311 581 311 580 311 579 311 578 311 562 315 541 321 506 314 505 314 504 314 484 319 458 312 448 309 447 309 405 309 404 309 403 309 400 310 386 317 321 312 320 312 319 312 308 316 296 307 295 307 293 307 268 307 268 346"/></Shape>
	    <String CONTENT="licam, perſtrenue adhuc pugnet, nouosq́; cottidie excitet,"
                    HPOS="267.0"
                    VPOS="307.0"
                    WIDTH="829.0"
                    HEIGHT="71.0"
                    WC="0.9859934449195862"></String>
          </TextLine>
          <TextLine ID="line_5"
                    TAGREFS="LT8"
                    BASELINE="268 396 1095 410" 
                    HPOS="267.0"
                    VPOS="357.0"
                    WIDTH="828.0"
                    HEIGHT="74.0">
            <Shape><Polygon POINTS="268 396 267 411 273 416 273 417 274 417 275 417 276 417 277 417 299 411 308 417 309 417 310 417 311 417 366 413 386 420 387 420 388 420 473 414 503 412 520 415 564 423 565 423 650 422 651 422 665 418 674 415 677 418 685 425 687 425 688 425 689 425 713 421 747 426 748 426 749 426 750 426 757 420 762 417 788 417 793 421 801 427 802 427 803 427 804 427 832 422 845 420 863 423 878 425 879 425 902 424 938 421 945 424 954 429 955 429 957 429 990 428 991 428 992 428 995 425 1000 422 1046 422 1055 427 1065 431 1066 431 1067 431 1094 427 1095 410 1094 377 1039 379 1033 376 1024 369 1023 369 1022 369 953 368 952 368 951 368 938 375 934 376 919 374 891 371 890 371 872 374 859 376 842 373 797 365 796 365 795 365 777 373 773 374 721 374 719 372 710 365 709 365 708 365 707 365 706 365 692 372 688 373 667 371 617 366 616 366 615 366 605 371 603 371 600 371 564 361 562 361 522 369 519 369 508 361 507 361 506 361 505 361 456 367 446 359 445 359 444 359 443 359 390 367 388 367 386 367 354 358 353 358 352 358 351 358 328 364 319 357 317 357 316 357 315 357 268 365 268 396"/></Shape>
	    <String CONTENT="abuſus &amp; ſanctorũ ignorantia &amp; infirmitate, ſit deni"
                    HPOS="267.0"
                    VPOS="357.0"
                    WIDTH="828.0"
                    HEIGHT="74.0"
                    WC="0.9900832717065458"></String>
          </TextLine>
          <TextLine ID="line_6"
                    TAGREFS="LT8"
                    BASELINE="268 445 1100 458" 
                    HPOS="268.0"
                    VPOS="411.0"
                    WIDTH="832.0"
                    HEIGHT="69.0">
            <Shape><Polygon POINTS="268 445 268 464 285 459 344 465 345 465 346 465 362 460 459 460 493 469 502 471 652 474 653 475 743 475 743 474 744 474 745 474 770 467 779 475 780 476 781 476 782 476 783 476 802 475 846 472 854 476 856 477 857 477 859 477 865 476 899 469 911 477 912 478 913 478 914 478 915 478 921 477 951 471 987 477 988 477 1018 471 1098 480 1100 458 1098 425 1044 429 917 427 902 422 894 420 893 420 892 420 876 422 845 426 806 421 781 417 780 417 755 420 718 424 670 424 659 418 650 415 649 415 648 415 597 417 546 421 536 417 526 413 525 413 524 413 497 416 474 420 469 416 463 412 462 412 461 412 460 412 430 415 408 418 382 415 351 411 350 411 268 413 268 445"/></Shape>
	    <String CONTENT="eius in omnibus idem conatus, nimirum, ut opera manuũ"
                    HPOS="268.0"
                    VPOS="411.0"
                    WIDTH="832.0"
                    HEIGHT="69.0"
                    WC="0.9957963018505661"></String>
          </TextLine>
          <TextLine ID="line_7"
                    TAGREFS="LT8"
                    BASELINE="270 495 1100 508" 
                    HPOS="270.0"
                    VPOS="460.0"
                    WIDTH="830.0"
                    HEIGHT="68.0">
            <Shape><Polygon POINTS="280 476 275 461 270 461 270 495 270 514 374 509 396 515 400 516 401 516 402 516 403 516 406 515 422 509 459 509 509 509 519 516 524 520 525 520 526 520 527 520 549 516 577 511 591 516 602 521 603 521 604 521 605 521 619 516 632 512 647 516 650 517 651 517 652 517 660 516 685 513 697 516 716 523 717 523 718 523 798 517 816 516 818 517 831 524 832 524 834 524 904 521 934 526 935 526 936 526 950 520 1007 527 1008 527 1043 520 1066 520 1076 528 1077 528 1079 528 1080 528 1081 528 1099 519 1100 508 1100 479 1031 478 1030 477 1016 471 1015 471 1014 471 985 476 973 478 964 476 953 473 952 473 951 473 930 475 912 477 908 475 901 469 900 469 899 469 898 469 797 472 740 474 724 471 705 466 704 466 703 466 702 466 697 470 691 474 653 474 641 469 630 465 629 465 628 465 611 469 590 472 576 467 564 463 562 463 561 463 507 465 486 466 479 465 460 461 459 461 438 464 419 467 408 463 399 460 398 460 397 460 396 460 385 463 376 465 360 462 345 460 344 460 342 460 341 460 339 462 333 466 284 462 280 476"/></Shape>
	    <String CONTENT="ſuarum homines adorent, &amp; non ut deploratos pecca¬"
                    HPOS="270.0"
                    VPOS="460.0"
                    WIDTH="830.0"
                    HEIGHT="68.0"
                    WC="0.9995156514644623"></String>
          </TextLine>
          <TextLine ID="line_8"
                    TAGREFS="LT8"
                    BASELINE="268 545 1102 558" 
                    HPOS="267.0"
                    VPOS="509.0"
                    WIDTH="835.0"
                    HEIGHT="70.0">
            <Shape><Polygon POINTS="268 545 267 560 285 566 286 566 287 566 288 566 289 566 298 561 303 558 332 558 340 561 352 568 353 568 354 569 389 569 389 568 390 568 406 563 417 560 432 563 464 570 466 570 467 570 468 570 476 564 482 561 576 561 585 565 601 572 602 572 603 572 604 572 619 566 627 563 636 566 652 573 653 573 654 573 710 569 716 573 716 574 717 574 718 574 719 575 753 575 753 574 754 574 774 569 783 566 792 570 806 575 807 575 808 575 877 574 878 574 879 574 884 571 889 568 897 571 911 576 912 576 913 576 914 576 926 572 936 569 962 569 968 572 977 578 978 578 979 578 981 578 1009 573 1015 572 1016 573 1023 578 1024 578 1025 578 1026 578 1048 574 1061 571 1066 574 1074 579 1075 579 1076 579 1077 579 1101 574 1102 558 1102 530 949 519 948 519 947 519 937 523 859 517 857 517 856 517 843 525 817 525 799 525 797 525 782 515 781 515 780 515 779 515 731 524 728 524 727 524 707 514 706 514 705 514 659 523 654 523 648 522 583 512 582 512 547 521 544 521 537 521 442 510 440 510 439 510 413 519 412 519 401 509 400 509 399 509 398 509 350 517 347 517 345 517 331 512 330 512 329 512 268 515 268 545"/></Shape>
	    <String CONTENT="tores, diuinæ bencuolentiæ, ſanguini́ CHRISTI cu¬"
                    HPOS="267.0"
                    VPOS="509.0"
                    WIDTH="835.0"
                    HEIGHT="70.0"
                    WC="0.999673525094986"></String>
          </TextLine>
          <TextLine ID="line_9"
                    TAGREFS="LT8"
                    BASELINE="270 595 1100 607" 
                    HPOS="268.0"
                    VPOS="557.0"
                    WIDTH="832.0"
                    HEIGHT="71.0">
            <Shape><Polygon POINTS="280 575 275 561 270 563 270 595 268 605 338 613 339 613 370 608 383 615 384 615 385 615 442 609 463 618 464 618 466 618 496 611 508 620 509 620 510 620 547 621 548 621 594 614 619 622 620 622 621 622 622 622 653 612 737 612 751 620 752 620 753 620 788 614 816 624 817 624 818 624 862 619 892 626 893 626 961 627 962 627 997 620 1016 627 1017 627 1060 628 1061 628 1062 628 1099 618 1100 607 1100 570 1068 576 987 569 961 566 960 566 959 566 953 569 937 574 855 568 835 566 834 566 832 566 828 568 816 572 810 568 806 564 805 564 804 564 803 564 802 564 797 568 788 572 718 572 709 566 703 563 702 563 701 563 700 563 694 566 685 571 617 571 607 566 597 562 596 562 595 562 594 562 584 566 583 566 582 566 575 561 574 561 573 561 477 559 476 559 475 559 463 565 460 568 430 568 427 565 419 559 418 559 417 559 415 559 361 563 339 557 338 557 337 557 336 557 323 563 291 557 290 557 289 557 285 558 280 575"/></Shape>
	    <String CONTENT="randos plena fide ſeſe contradant, debent profecto, qui¬"
                    HPOS="268.0"
                    VPOS="557.0"
                    WIDTH="832.0"
                    HEIGHT="71.0"
                    WC="0.9866108277014324"></String>
          </TextLine>
          <TextLine ID="line_10"
                    TAGREFS="LT8"
                    BASELINE="270 646 1100 657" 
                    HPOS="270.0"
                    VPOS="608.0"
                    WIDTH="830.0"
                    HEIGHT="68.0">
            <Shape><Polygon POINTS="280 624 276 614 270 614 270 646 270 665 330 659 419 668 437 669 438 669 454 668 501 663 526 669 535 670 536 670 537 670 538 670 540 669 549 662 571 662 587 669 593 671 594 671 595 671 608 669 645 663 660 670 667 672 668 672 669 672 670 672 679 670 699 664 714 670 722 673 723 673 724 673 751 671 778 668 791 671 803 674 804 674 878 675 879 675 880 675 881 675 886 672 890 668 909 672 916 673 917 673 918 673 922 672 934 669 942 672 952 676 953 676 954 676 995 673 1028 670 1098 673 1100 657 1098 618 1026 626 1008 616 1007 616 1006 616 971 616 970 616 969 616 968 616 954 625 889 625 873 616 869 614 868 614 867 614 866 614 857 616 834 624 807 624 799 616 796 613 795 613 794 613 765 613 764 613 763 613 762 613 758 616 750 622 666 622 650 615 635 611 634 611 633 611 632 611 620 615 614 618 606 615 589 611 587 611 586 611 585 611 584 611 579 615 573 620 518 615 420 608 419 608 283 614 280 624"/></Shape>
	    <String CONTENT="bus Christi gloria, electorumq́; ſalus chara exiſtit, nihil"
                    HPOS="270.0"
                    VPOS="608.0"
                    WIDTH="830.0"
                    HEIGHT="68.0"
                    WC="0.9888402203382072"></String>
          </TextLine>
          <TextLine ID="line_11"
                    TAGREFS="LT8"
                    BASELINE="270 693 1100 706" 
                    HPOS="268.0"
                    VPOS="658.0"
                    WIDTH="832.0"
                    HEIGHT="68.0">
            <Shape><Polygon POINTS="280 674 276 663 270 665 270 693 268 711 308 706 330 713 333 714 334 714 335 714 344 713 387 707 396 712 397 712 398 712 399 712 459 708 475 714 476 714 477 714 478 714 500 709 519 716 524 718 525 718 755 721 756 721 757 721 765 719 779 713 787 719 791 722 792 722 793 722 794 722 795 722 802 719 815 714 838 720 846 721 847 721 862 720 902 716 915 720 925 724 926 724 927 724 943 721 961 717 970 721 976 724 977 724 978 724 1002 721 1025 719 1031 722 1039 726 1040 726 1041 726 1099 722 1100 706 1100 681 1037 680 1037 679 1015 670 1014 670 1013 670 955 677 941 670 940 670 939 670 938 670 914 676 894 670 893 670 892 670 891 670 866 676 846 667 845 667 844 667 843 667 820 675 796 667 795 667 794 667 723 673 706 664 705 664 704 664 703 664 684 673 567 672 552 664 551 664 550 664 480 670 478 670 455 660 454 660 453 660 412 669 410 669 408 669 332 658 292 658 291 658 290 658 285 659 280 674"/></Shape>
	    <String CONTENT="uicißimomittere, quoregniC HRI ST I Euan¬"
                    HPOS="268.0"
                    VPOS="658.0"
                    WIDTH="832.0"
                    HEIGHT="68.0"
                    WC="0.9877355781997122"></String>
          </TextLine>
          <TextLine ID="line_12"
                    TAGREFS="LT8"
                    BASELINE="273 744 1098 756" 
                    HPOS="273.0"
                    VPOS="707.0"
                    WIDTH="825.0"
                    HEIGHT="69.0">
            <Shape><Polygon POINTS="273 744 273 764 327 756 354 761 355 761 444 758 461 764 462 764 463 764 464 764 466 764 477 758 547 758 573 766 589 770 590 770 591 770 592 770 603 766 615 761 620 766 626 771 627 771 628 771 629 771 630 771 640 766 649 761 671 761 678 766 687 772 688 772 689 772 690 772 714 767 722 772 723 772 724 772 804 773 805 773 834 767 838 766 841 767 855 773 856 773 857 773 955 770 976 776 977 776 978 776 1097 767 1098 756 1098 720 1062 719 1061 719 1060 719 1059 719 1047 728 1030 728 986 719 979 718 978 718 967 719 893 725 848 725 836 718 834 716 832 716 831 716 830 716 819 717 783 723 774 717 772 714 771 714 770 714 769 714 768 714 761 717 749 721 739 717 737 716 736 716 734 716 725 717 691 721 684 717 684 716 683 716 682 716 681 716 676 716 648 721 601 716 581 713 580 713 570 716 558 718 551 716 540 710 538 710 492 710 491 710 489 710 479 714 473 718 468 714 459 709 458 709 457 709 456 709 410 714 383 717 342 717 339 713 332 707 331 707 330 707 329 707 273 712 273 744"/></Shape>
	    <String CONTENT="gelion, &amp; bonitatis D E I prædicatio, quam in primis"
                    HPOS="273.0"
                    VPOS="707.0"
                    WIDTH="825.0"
                    HEIGHT="69.0"
                    WC="0.9831299965198224"></String>
          </TextLine>
          <TextLine ID="line_13"
                    TAGREFS="LT8"
                    BASELINE="270 794 1098 807" 
                    HPOS="268.0"
                    VPOS="756.0"
                    WIDTH="830.0"
                    HEIGHT="71.0">
            <Shape><Polygon POINTS="280 776 278 766 270 766 270 794 268 808 331 808 336 810 342 816 344 816 345 816 346 816 365 811 366 811 398 817 399 817 436 812 450 810 452 812 458 817 458 818 459 818 460 818 461 818 543 813 565 812 571 813 593 820 594 820 595 821 628 821 628 820 629 820 630 820 638 815 640 813 656 815 716 820 717 820 789 817 793 817 795 817 847 824 848 824 881 818 883 818 885 818 918 825 919 825 1018 820 1038 827 1039 827 1040 827 1097 820 1098 807 1097 768 979 777 941 767 936 766 935 766 934 766 933 766 932 766 930 767 917 776 904 771 903 771 902 771 901 771 884 775 854 767 844 763 843 763 842 763 841 763 828 767 798 774 751 768 750 768 749 768 734 773 724 767 718 761 717 761 716 761 715 761 714 761 703 767 690 772 639 766 580 759 558 759 557 759 556 759 543 766 534 770 484 768 482 766 472 758 471 758 470 758 397 756 396 756 357 766 354 766 283 766 280 776"/></Shape>
	    <String CONTENT="uniucrſa ſcripturaubiq in culcat, orbis magis ac magis"
                    HPOS="268.0"
                    VPOS="756.0"
                    WIDTH="830.0"
                    HEIGHT="71.0"
                    WC="0.9906643165482415"></String>
          </TextLine>
          <TextLine ID="line_14"
                    TAGREFS="LT8"
                    BASELINE="271 843 1099 856" 
                    HPOS="270.0"
                    VPOS="807.0"
                    WIDTH="829.0"
                    HEIGHT="70.0">
            <Shape><Polygon POINTS="271 843 270 856 305 865 306 865 307 865 328 857 333 856 335 858 345 866 346 866 347 866 348 866 385 859 396 857 420 859 460 864 461 864 487 860 502 859 508 861 529 869 530 869 531 869 587 865 632 870 633 870 660 865 669 862 675 865 695 871 696 871 697 871 698 871 710 865 717 862 732 866 767 872 826 873 827 873 828 873 846 868 852 866 857 868 871 874 872 874 873 874 963 870 1013 868 1034 871 1067 877 1068 877 1069 877 1070 877 1077 872 1080 871 1097 872 1099 856 1099 825 1091 820 1090 820 1089 820 1088 820 1052 825 1041 827 1035 825 1016 818 1015 818 1014 818 1013 818 998 823 969 817 968 817 967 817 966 817 955 824 953 826 933 826 928 824 910 816 909 816 875 816 874 816 873 816 872 816 863 823 847 815 846 815 845 815 743 821 723 822 720 821 703 812 702 812 701 812 646 820 642 820 641 820 628 811 627 811 626 811 625 811 624 811 599 819 596 820 593 819 573 810 572 810 571 810 570 810 554 818 476 812 475 812 421 817 409 817 385 817 384 816 374 807 373 807 372 807 371 807 370 807 344 816 340 816 336 816 297 808 296 808 271 813 271 843"/></Shape>
	    <String CONTENT="agnoſcat· Vere enim ſordebunt nobis noſtra, ubi diuinæ"
                    HPOS="270.0"
                    VPOS="807.0"
                    WIDTH="829.0"
                    HEIGHT="70.0"
                    WC="0.9959369114151707"></String>
          </TextLine>
          <TextLine ID="line_15"
                    TAGREFS="LT8"
                    BASELINE="271 892 1100 907" 
                    HPOS="270.0"
                    VPOS="855.0"
                    WIDTH="830.0"
                    HEIGHT="72.0">
            <Shape><Polygon POINTS="271 892 270 906 282 914 283 914 284 914 285 914 286 914 297 906 301 905 322 905 371 905 375 908 393 916 394 916 395 916 396 916 410 909 492 918 493 918 494 918 515 910 518 909 521 910 536 916 537 916 538 916 580 911 590 910 592 911 603 920 604 920 605 920 606 920 651 912 657 911 663 912 692 921 693 921 753 922 754 922 755 922 765 917 771 922 772 922 773 922 774 922 810 919 837 924 838 924 839 924 870 916 871 916 887 925 888 925 889 925 890 925 947 920 989 927 990 927 991 927 1015 919 1098 919 1100 907 1100 876 974 868 973 868 972 868 963 873 957 876 951 872 949 870 948 870 947 870 946 870 935 872 924 874 919 872 912 868 911 868 910 868 909 868 899 871 886 876 835 876 792 874 782 869 775 865 774 865 773 865 772 865 759 868 742 873 730 867 721 862 720 862 719 862 718 862 707 867 694 872 614 872 602 865 596 860 595 860 594 860 593 860 592 860 581 864 566 869 548 864 546 862 545 862 544 862 538 862 503 869 486 861 479 858 478 858 477 858 454 861 409 867 396 859 388 856 387 856 386 856 385 856 384 856 380 859 371 866 334 866 308 866 298 857 296 855 295 855 293 855 292 855 271 856 271 892"/></Shape>
	    <String CONTENT="bonitatis guſtum recte percæperimus, neq; ceſſabimus"
                    HPOS="270.0"
                    VPOS="855.0"
                    WIDTH="830.0"
                    HEIGHT="72.0"
                    WC="0.9900887940938656"></String>
          </TextLine>
          <TextLine ID="line_16"
                    TAGREFS="LT8"
                    BASELINE="271 943 1099 954" 
                    HPOS="270.0"
                    VPOS="907.0"
                    WIDTH="829.0"
                    HEIGHT="65.0">
            <Shape><Polygon POINTS="271 943 270 955 304 964 305 964 344 957 345 957 368 965 369 965 370 965 413 958 414 958 415 958 425 966 426 966 427 966 428 966 429 966 446 960 474 966 475 966 476 966 488 959 491 959 579 960 580 961 590 968 591 968 592 968 710 969 712 969 734 965 740 964 741 965 747 970 748 970 749 970 750 970 817 966 847 965 856 967 874 972 875 972 876 972 901 968 910 967 1097 971 1099 954 1099 928 1038 928 1037 927 1024 921 1023 921 1022 921 981 926 977 926 976 926 949 916 948 916 947 916 946 916 921 925 920 925 888 916 887 916 886 916 885 916 859 924 838 915 837 915 836 915 835 915 803 924 801 924 798 924 768 915 767 915 766 915 765 915 764 915 751 923 750 924 723 924 720 922 690 912 689 912 688 912 663 917 647 911 646 911 645 911 644 911 626 921 625 921 570 921 557 910 556 910 555 910 533 910 532 910 531 910 530 910 516 920 511 920 466 912 464 912 427 919 422 919 421 919 406 908 405 908 404 908 345 907 344 907 271 916 271 943"/></Shape>
	    <String CONTENT="tum à bonis operibus, ſed gnauiter demum illis incum¬"
                    HPOS="270.0"
                    VPOS="907.0"
                    WIDTH="829.0"
                    HEIGHT="65.0"
                    WC="0.9958517926710623"></String>
          </TextLine>
          <TextLine ID="line_17"
                    TAGREFS="LT8"
                    BASELINE="270 992 1096 1007" 
                    HPOS="270.0"
                    VPOS="958.0"
                    WIDTH="826.0"
                    HEIGHT="75.0">
            <Shape><Polygon POINTS="280 977 276 967 270 967 270 992 270 1015 345 1010 364 1016 384 1022 385 1022 386 1022 433 1018 454 1023 455 1023 456 1023 507 1018 544 1014 557 1018 566 1021 567 1021 568 1021 599 1019 607 1018 609 1019 620 1026 621 1026 622 1026 709 1028 710 1028 712 1028 732 1020 753 1028 754 1028 755 1028 785 1023 821 1030 822 1030 868 1022 897 1031 898 1031 899 1032 920 1032 920 1031 921 1031 922 1031 935 1023 960 1029 961 1029 962 1029 963 1029 964 1029 974 1022 975 1022 1040 1022 1040 1023 1072 1033 1073 1033 1074 1033 1075 1033 1095 1023 1096 1007 1096 982 1040 970 1039 970 1038 970 1012 979 960 972 959 972 934 977 920 968 919 968 918 968 917 968 916 968 890 977 862 967 861 967 860 967 782 975 767 965 766 965 765 965 764 965 709 974 638 965 636 965 635 965 620 971 596 961 595 961 594 961 556 967 542 960 541 960 540 960 538 960 519 968 491 959 489 959 432 958 431 958 430 958 429 958 422 965 409 961 408 961 407 961 406 961 380 968 359 961 358 961 357 961 325 966 307 958 306 958 305 958 304 958 303 958 292 967 283 967 280 977"/></Shape>
	    <String CONTENT="bemus, toti ſcilicet eò rapti, ut gratificaripatri nostro"
                    HPOS="270.0"
                    VPOS="958.0"
                    WIDTH="826.0"
                    HEIGHT="75.0"
                    WC="0.9923219002526382"></String>
          </TextLine>
          <TextLine ID="line_18"
                    TAGREFS="LT8"
                    BASELINE="272 1044 453 1043" 
                    HPOS="271.0"
                    VPOS="1005.0"
                    WIDTH="182.0"
                    HEIGHT="64.0">
            <Shape><Polygon POINTS="272 1044 272 1069 308 1069 308 1068 309 1068 317 1065 338 1057 362 1057 369 1062 376 1067 377 1067 378 1067 379 1067 380 1067 381 1067 389 1059 391 1058 401 1059 442 1063 443 1063 444 1063 445 1063 453 1056 453 1043 451 1018 356 1018 345 1006 345 1005 344 1005 342 1005 284 1005 283 1005 282 1005 281 1005 281 1006 271 1015 272 1044"/></Shape>
	    <String CONTENT="ſtudeamus."
                    HPOS="271.0"
                    VPOS="1005.0"
                    WIDTH="182.0"
                    HEIGHT="64.0"
                    WC="0.9999650955200196"></String>
          </TextLine>
        </TextBlock>
        <TextBlock HPOS="269.0"
                   VPOS="1063.0"
                   WIDTH="839.0"
                   HEIGHT="457.0"
                   ID="block_0"
                   TAGREFS="BT988">
          <Shape><Polygon POINTS="1108 1063 1108 1520 269 1520 269 1063"/></Shape>
          <TextLine ID="line_19"
                    TAGREFS="LT8"
                    BASELINE="329 1094 1098 1107" 
                    HPOS="328.0"
                    VPOS="1057.0"
                    WIDTH="770.0"
                    HEIGHT="67.0">
            <Shape><Polygon POINTS="329 1094 328 1111 386 1106 497 1114 537 1116 538 1116 558 1114 590 1111 595 1115 598 1117 599 1117 600 1117 601 1117 602 1117 609 1115 619 1111 623 1115 626 1117 626 1118 627 1118 628 1118 629 1118 673 1115 707 1113 713 1115 717 1119 718 1119 719 1119 815 1121 816 1121 817 1121 829 1116 831 1116 843 1117 927 1123 928 1123 929 1123 943 1118 986 1124 987 1124 1097 1118 1098 1107 1098 1077 1057 1077 1056 1076 1049 1070 1049 1069 1048 1069 1047 1069 1046 1069 942 1074 930 1074 921 1074 866 1068 865 1068 841 1072 832 1067 831 1067 830 1067 829 1067 828 1067 813 1072 812 1072 811 1072 794 1065 793 1065 792 1065 756 1071 753 1071 750 1071 723 1064 722 1064 721 1064 655 1069 651 1069 646 1069 566 1060 565 1060 564 1060 543 1067 542 1067 510 1059 509 1059 508 1059 485 1066 484 1067 461 1067 460 1066 450 1058 449 1058 448 1058 447 1058 446 1058 433 1065 353 1057 352 1057 351 1057 329 1063 329 1094"/></Shape>
	    <String CONTENT="Cum ucro Paulus in prædicanda D E I prædeſtina¬"
                    HPOS="328.0"
                    VPOS="1057.0"
                    WIDTH="770.0"
                    HEIGHT="67.0"
                    WC="0.9941713784603362"></String>
          </TextLine>
          <TextLine ID="line_20"
                    TAGREFS="LT8"
                    BASELINE="270 1142 1101 1158" 
                    HPOS="268.0"
                    VPOS="1108.0"
                    WIDTH="833.0"
                    HEIGHT="69.0">
            <Shape><Polygon POINTS="395 1108 394 1108 366 1114 360 1115 352 1114 316 1109 315 1109 270 1113 270 1142 268 1162 321 1156 360 1162 361 1162 418 1158 432 1165 437 1167 438 1167 439 1167 450 1165 476 1159 486 1166 492 1168 493 1168 494 1168 506 1166 521 1163 525 1166 529 1169 530 1169 531 1169 684 1172 685 1172 712 1168 719 1167 732 1168 797 1174 798 1174 869 1169 892 1168 902 1170 938 1176 939 1176 940 1176 961 1170 963 1170 965 1170 998 1177 999 1177 1000 1177 1013 1171 1073 1176 1074 1176 1100 1171 1101 1158 1099 1121 1049 1129 1032 1120 1031 1120 997 1119 996 1119 991 1120 959 1127 919 1127 899 1119 894 1117 893 1117 892 1117 873 1119 824 1124 815 1118 813 1116 812 1116 811 1116 810 1116 808 1116 801 1118 785 1124 748 1124 733 1117 725 1114 724 1114 723 1114 707 1117 685 1122 639 1122 633 1117 629 1114 629 1113 628 1113 627 1113 581 1111 580 1111 579 1111 566 1116 557 1119 461 1118 457 1115 450 1109 449 1109 448 1109 447 1109 411 1113 404 1108 395 1108"/></Shape>
	    <String CONTENT="tione, electione, amplißimaq́; in nos bonitate &amp; efficacia"
                    HPOS="268.0"
                    VPOS="1108.0"
                    WIDTH="833.0"
                    HEIGHT="69.0"
                    WC="0.990294447232937"></String>
          </TextLine>
          <TextLine ID="line_21"
                    TAGREFS="LT8"
                    BASELINE="271 1192 1098 1205" 
                    HPOS="271.0"
                    VPOS="1159.0"
                    WIDTH="827.0"
                    HEIGHT="65.0">
            <Shape><Polygon POINTS="271 1192 271 1212 319 1207 338 1213 341 1214 342 1214 344 1214 345 1214 346 1213 359 1206 397 1206 452 1206 462 1215 463 1216 464 1216 466 1216 467 1216 468 1216 472 1215 493 1208 507 1215 509 1216 510 1216 511 1216 517 1215 546 1210 554 1216 555 1217 556 1217 557 1217 558 1217 570 1216 618 1211 644 1217 654 1219 655 1219 671 1217 712 1212 721 1218 723 1220 724 1220 725 1220 810 1221 811 1221 812 1221 817 1219 823 1216 828 1219 830 1221 831 1221 832 1221 948 1223 949 1223 950 1223 957 1221 965 1218 978 1221 993 1224 994 1224 995 1224 1001 1221 1012 1217 1096 1222 1098 1205 1098 1176 1019 1176 1015 1174 999 1169 998 1169 997 1169 996 1169 978 1173 971 1168 970 1168 969 1168 968 1168 926 1172 908 1174 881 1172 844 1168 843 1168 813 1170 790 1172 785 1170 774 1165 773 1165 772 1165 707 1168 674 1170 667 1168 653 1163 652 1163 577 1162 576 1162 575 1162 560 1166 550 1168 537 1165 521 1162 430 1159 429 1159 413 1163 398 1166 271 1161 271 1192"/></Shape>
	    <String CONTENT="ſanguinis CHRISTI, hoc est, in annunciando ſyncero"
                    HPOS="271.0"
                    VPOS="1159.0"
                    WIDTH="827.0"
                    HEIGHT="65.0"
                    WC="0.9894909203052521"></String>
          </TextLine>
          <TextLine ID="line_22"
                    TAGREFS="LT8"
                    BASELINE="277 1243 1095 1256" 
                    HPOS="275.0"
                    VPOS="1200.0"
                    WIDTH="818.0"
                    HEIGHT="78.0">
            <Shape><Polygon POINTS="276 1242 275 1261 280 1267 375 1261 417 1269 578 1264 1090 1278 1093 1255 1090 1213 1018 1220 1009 1211 901 1219 888 1210 860 1217 852 1210 663 1216 652 1205 519 1213 508 1203 466 1211 428 1202 419 1211 380 1200 373 1200 359 1210 276 1203 276 1242"/></Shape>
	    <String CONTENT="Euãgelio, docẽda́ doctrina certæ ſalutis, ita excelluerit,"
                    HPOS="275.0"
                    VPOS="1200.0"
                    WIDTH="818.0"
                    HEIGHT="78.0"
                    WC="0.9974607493056625"></String>
          </TextLine>
          <TextLine ID="eSc_line_94b1e77e"
                    TAGREFS="LT8"
                    BASELINE="277 1291 1098 1306" 
                    HPOS="275.0"
                    VPOS="1252.0"
                    WIDTH="821.0"
                    HEIGHT="78.0">
            <Shape><Polygon POINTS="276 1289 275 1313 427 1310 528 1321 556 1313 577 1321 603 1313 896 1327 919 1319 941 1328 976 1321 1034 1330 1095 1321 1096 1305 1095 1266 937 1272 851 1261 774 1269 766 1260 714 1267 707 1260 617 1266 605 1256 553 1264 484 1256 325 1260 319 1252 314 1252 276 1258 276 1289"/></Shape>
	    <String CONTENT="ut non paruo interuallo, alios ſacros ſcriptores poſt ſe"
                    HPOS="275.0"
                    VPOS="1252.0"
                    WIDTH="821.0"
                    HEIGHT="78.0"
                    WC="0.9864719946469579"></String>
          </TextLine>
          <TextLine ID="eSc_line_3ea1f27b"
                    TAGREFS="LT8"
                    BASELINE="277 1342 301 1342 1098 1356" 
                    HPOS="275.0"
                    VPOS="1305.0"
                    WIDTH="821.0"
                    HEIGHT="75.0">
            <Shape><Polygon POINTS="276 1341 275 1356 323 1367 384 1360 394 1369 483 1363 491 1371 522 1364 607 1372 633 1364 641 1372 750 1375 807 1367 885 1377 918 1369 1012 1380 1023 1372 1095 1372 1096 1325 891 1313 677 1317 639 1308 575 1316 566 1306 536 1314 525 1306 481 1314 414 1305 276 1310 276 1341"/></Shape>
	    <String CONTENT="reliquerit, præſertim ſi lucem, &amp; copiã ſpectes, optan¬"
                    HPOS="275.0"
                    VPOS="1305.0"
                    WIDTH="821.0"
                    HEIGHT="75.0"
                    WC="0.9972850605845451"></String>
          </TextLine>
          <TextLine ID="eSc_line_8eabaa12"
                    TAGREFS="LT8"
                    BASELINE="277 1392 302 1392 1097 1407" 
                    HPOS="275.0"
                    VPOS="1350.0"
                    WIDTH="821.0"
                    HEIGHT="74.0">
            <Shape><Polygon POINTS="276 1391 275 1405 319 1416 458 1410 483 1419 561 1413 571 1421 658 1416 697 1424 1095 1421 1096 1374 1076 1364 957 1372 938 1361 833 1369 799 1360 777 1369 746 1358 699 1367 663 1356 657 1356 647 1364 624 1356 541 1364 524 1353 478 1363 402 1363 383 1350 375 1350 361 1360 276 1355 276 1391"/></Shape>
	    <String CONTENT="dum eſt, ut illius Epiſtolæ quàm familiarißimæ Chri¬"
                    HPOS="275.0"
                    VPOS="1350.0"
                    WIDTH="821.0"
                    HEIGHT="74.0"
                    WC="0.997176024149049"></String>
          </TextLine>
          <TextLine ID="eSc_line_62cdbfab"
                    TAGREFS="LT8"
                    BASELINE="277 1442 280 1442 1095 1458" 
                    HPOS="275.0"
                    VPOS="1399.0"
                    WIDTH="818.0"
                    HEIGHT="75.0">
            <Shape><Polygon POINTS="276 1441 275 1461 367 1457 387 1464 461 1460 470 1467 477 1467 497 1458 520 1469 610 1463 636 1471 643 1471 652 1461 683 1461 708 1474 1092 1474 1093 1457 1093 1425 1010 1413 852 1421 843 1410 619 1416 567 1405 528 1414 455 1405 450 1405 439 1413 364 1413 356 1402 276 1399 276 1441"/></Shape>
	    <String CONTENT="ſtianis omnibus reddantur. Qui ſanè eas recte teneret,"
                    HPOS="275.0"
                    VPOS="1399.0"
                    WIDTH="818.0"
                    HEIGHT="75.0"
                    WC="0.9988746350461787"></String>
          </TextLine>
          <TextLine ID="eSc_line_3621fa6e"
                    TAGREFS="LT8"
                    BASELINE="277 1493 1097 1506" 
                    HPOS="275.0"
                    VPOS="1452.0"
                    WIDTH="821.0"
                    HEIGHT="87.0">
            <Shape><Polygon POINTS="276 1492 275 1527 333 1530 359 1521 402 1532 423 1525 519 1533 569 1522 580 1533 630 1535 718 1524 750 1536 779 1524 813 1538 882 1525 902 1539 907 1539 957 1527 1005 1535 1095 1527 1096 1472 1062 1463 1040 1475 998 1475 959 1461 923 1472 822 1472 804 1460 775 1467 766 1458 708 1469 682 1457 633 1467 502 1457 456 1464 444 1453 377 1452 276 1461 276 1492"/></Shape>
	    <String CONTENT="cum ſibi tum alijs, quoſlibet facile errores auerteret."
                    HPOS="275.0"
                    VPOS="1452.0"
                    WIDTH="821.0"
                    HEIGHT="87.0"
                    WC="0.9979195204648105"></String>
          </TextLine>
        </TextBlock>
        <TextBlock HPOS="83.0"
                   VPOS="1230.0"
                   WIDTH="187.0"
                   HEIGHT="279.0"
                   ID="eSc_textblock_c78fdfd4"
                   TAGREFS="BT990">
          <Shape><Polygon POINTS="83 1230 83 1509 270 1509 270 1230"/></Shape>
          <TextLine ID="line_23"
                    TAGREFS="LT8"
                    BASELINE="99 1292 259 1291 260 1291" 
                    HPOS="96.0"
                    VPOS="1216.0"
                    WIDTH="163.0"
                    HEIGHT="95.0">
            <Shape><Polygon POINTS="98 1291 98 1310 256 1311 259 1289 256 1216 184 1225 183 1225 181 1225 179 1227 162 1241 129 1235 118 1233 117 1233 115 1233 96 1238 98 1291"/></Shape>
	    <String CONTENT="Paulus cla"
                    HPOS="96.0"
                    VPOS="1216.0"
                    WIDTH="163.0"
                    HEIGHT="95.0"
                    WC="0.9968634665012359"></String>
          </TextLine>
          <TextLine ID="line_24"
                    TAGREFS="LT8"
                    BASELINE="100 1344 260 1342" 
                    HPOS="96.0"
                    VPOS="1306.0"
                    WIDTH="163.0"
                    HEIGHT="52.0">
            <Shape><Polygon POINTS="98 1342 98 1358 258 1355 259 1341 256 1306 96 1306 98 1342"/></Shape>
	    <String CONTENT="rius et co¬"
                    HPOS="96.0"
                    VPOS="1306.0"
                    WIDTH="163.0"
                    HEIGHT="52.0"
                    WC="0.9980516162785616"></String>
          </TextLine>
          <TextLine ID="line_25"
                    TAGREFS="LT8"
                    BASELINE="99 1394 260 1392" 
                    HPOS="96.0"
                    VPOS="1349.0"
                    WIDTH="163.0"
                    HEIGHT="64.0">
            <Shape><Polygon POINTS="98 1392 98 1413 258 1403 259 1391 255 1355 192 1358 186 1356 154 1349 153 1349 151 1349 96 1360 98 1392"/></Shape>
	    <String CONTENT="pioſius Eu"
                    HPOS="96.0"
                    VPOS="1349.0"
                    WIDTH="163.0"
                    HEIGHT="64.0"
                    WC="0.999893742799759"></String>
          </TextLine>
          <TextLine ID="line_26"
                    TAGREFS="LT8"
                    BASELINE="97 1443 260 1442" 
                    HPOS="95.0"
                    VPOS="1397.0"
                    WIDTH="164.0"
                    HEIGHT="67.0">
            <Shape><Polygon POINTS="96 1442 96 1457 245 1464 247 1464 248 1464 250 1464 259 1457 259 1441 255 1397 95 1403 96 1442"/></Shape>
	    <String CONTENT="ãgeliõ præ"
                    HPOS="95.0"
                    VPOS="1397.0"
                    WIDTH="164.0"
                    HEIGHT="67.0"
                    WC="0.9660632510979971"></String>
          </TextLine>
          <TextLine ID="line_27"
                    TAGREFS="LT8"
                    BASELINE="101 1495 260 1493" 
                    HPOS="98.0"
                    VPOS="1457.0"
                    WIDTH="161.0"
                    HEIGHT="76.0">
            <Shape><Polygon POINTS="100 1494 100 1528 173 1533 175 1533 176 1533 178 1533 190 1522 258 1516 259 1492 255 1457 98 1457 100 1494"/></Shape>
	    <String CONTENT="dicauit."
                    HPOS="98.0"
                    VPOS="1457.0"
                    WIDTH="161.0"
                    HEIGHT="76.0"
                    WC="0.9998745992779732"></String>
          </TextLine>
        </TextBlock>
        <TextBlock HPOS="953.0"
                   VPOS="1521.0"
                   WIDTH="152.0"
                   HEIGHT="63.0"
                   ID="block_3"
                   TAGREFS="BT17">
          <Shape><Polygon POINTS="1105 1521 1105 1584 953 1584 953 1521"/></Shape>
          <TextLine ID="line_28"
                    TAGREFS="LT8"
                    BASELINE="950 1556 1095 1558" 
                    HPOS="949.0"
                    VPOS="1518.0"
                    WIDTH="146.0"
                    HEIGHT="65.0">
            <Shape><Polygon POINTS="950 1556 949 1574 975 1582 976 1582 977 1583 1011 1583 1011 1582 1012 1582 1013 1582 1021 1574 1024 1574 1047 1581 1048 1581 1049 1581 1094 1574 1095 1558 1095 1525 1084 1520 1083 1520 1082 1520 1059 1525 1051 1519 1051 1518 1050 1518 1049 1518 1048 1518 950 1523 950 1556"/></Shape>
	    <String CONTENT="Equidem"
                    HPOS="949.0"
                    VPOS="1518.0"
                    WIDTH="146.0"
                    HEIGHT="65.0"
                    WC="0.9991471171379089"></String>
          </TextLine>
        </TextBlock>
      </PrintSpace>
    </Page>
  </Layout>
</alto>
