<?xml version="1.0" encoding="UTF-8"?>
<alto xmlns:xsi="http://www.w3.org/2001/XMLSchema-instance"
      xmlns="http://www.loc.gov/standards/alto/ns-v4#"
      xsi:schemaLocation="http://www.loc.gov/standards/alto/ns-v4# http://www.loc.gov/standards/alto/v4/alto-4-2.xsd">
  <Description>
    <MeasurementUnit>pixel</MeasurementUnit>
    <sourceImageInformation>
      <fileName>bsb00035303_00021.jpg</fileName>
    </sourceImageInformation>
  </Description>
  <Tags>
    <OtherTag ID="BT7" LABEL="CustomZone" DESCRIPTION="block type CustomZone"/><OtherTag ID="BT8" LABEL="DamageZone" DESCRIPTION="block type DamageZone"/><OtherTag ID="BT9" LABEL="DigitizationArtefactZone" DESCRIPTION="block type DigitizationArtefactZone"/><OtherTag ID="BT10" LABEL="DropCapitalZone" DESCRIPTION="block type DropCapitalZone"/><OtherTag ID="BT11" LABEL="GraphicZone" DESCRIPTION="block type GraphicZone"/><OtherTag ID="BT12" LABEL="MainZone" DESCRIPTION="block type MainZone"/><OtherTag ID="BT13" LABEL="MarginTextZone" DESCRIPTION="block type MarginTextZone"/><OtherTag ID="BT14" LABEL="MusicZone" DESCRIPTION="block type MusicZone"/><OtherTag ID="BT15" LABEL="NumberingZone" DESCRIPTION="block type NumberingZone"/><OtherTag ID="BT17" LABEL="QuireMarksZone" DESCRIPTION="block type QuireMarksZone"/><OtherTag ID="BT18" LABEL="RunningTitleZone" DESCRIPTION="block type RunningTitleZone"/><OtherTag ID="BT19" LABEL="SealZone" DESCRIPTION="block type SealZone"/><OtherTag ID="BT20" LABEL="StampZone" DESCRIPTION="block type StampZone"/><OtherTag ID="BT21" LABEL="TableZone" DESCRIPTION="block type TableZone"/><OtherTag ID="BT22" LABEL="TitlePageZone" DESCRIPTION="block type TitlePageZone"/><OtherTag ID="BT2633" LABEL="MainZone-Head" DESCRIPTION="block type MainZone-Head"/><OtherTag ID="BT2634" LABEL="MainZone-P" DESCRIPTION="block type MainZone-P"/><OtherTag ID="BT2635" LABEL="MarginTextZone-Notes" DESCRIPTION="block type MarginTextZone-Notes"/><OtherTag ID="BT2636" LABEL="MainZone-P-Continued" DESCRIPTION="block type MainZone-P-Continued"/>
    <OtherTag ID="LT7" LABEL="CustomLine" DESCRIPTION="line type CustomLine"/><OtherTag ID="LT8" LABEL="DefaultLine" DESCRIPTION="line type DefaultLine"/><OtherTag ID="LT9" LABEL="DropCapitalLine" DESCRIPTION="line type DropCapitalLine"/><OtherTag ID="LT10" LABEL="HeadingLine" DESCRIPTION="line type HeadingLine"/><OtherTag ID="LT11" LABEL="InterlinearLine" DESCRIPTION="line type InterlinearLine"/><OtherTag ID="LT12" LABEL="MusicLine" DESCRIPTION="line type MusicLine"/>
  </Tags>
  <Layout>
    <Page WIDTH="1128"
          HEIGHT="1876"
          PHYSICAL_IMG_NR="20"
          ID="eSc_dummypage_">
      <PrintSpace HPOS="0"
                  VPOS="0"
                  WIDTH="1128"
                  HEIGHT="1876">
        <TextBlock HPOS="44.0"
                   VPOS="191.0"
                   WIDTH="843.0"
                   HEIGHT="199.0"
                   ID="block_8"
                   TAGREFS="BT2636">
          <Shape><Polygon POINTS="887 191 887 390 44 390 44 191"/></Shape>
          <TextLine ID="line_2"
                    TAGREFS="LT8"
                    BASELINE="45 233 887 225" 
                    HPOS="44.0"
                    VPOS="199.0"
                    WIDTH="843.0"
                    HEIGHT="51.0">
            <Shape><Polygon POINTS="868 199 857 199 847 199 837 199 826 199 816 199 805 199 795 199 785 199 774 199 769 199 764 199 753 199 743 199 732 199 722 199 712 199 701 199 691 199 680 199 670 199 659 199 651 199 648 200 618 199 607 199 597 199 586 199 576 199 566 199 555 199 545 199 534 199 524 199 513 199 503 199 493 199 482 199 472 199 461 199 451 199 450 199 440 202 358 199 357 199 347 199 336 199 326 199 315 199 305 199 295 199 284 199 274 199 263 199 260 199 234 204 228 199 227 199 226 199 225 199 187 203 162 199 159 199 149 199 139 199 111 205 89 199 88 199 87 199 86 199 85 199 77 206 44 206 45 233 45 243 96 250 97 250 144 242 151 242 155 242 198 249 199 249 200 249 201 249 209 242 213 242 333 245 334 245 358 240 360 240 361 240 377 247 378 247 379 247 380 247 396 241 488 244 489 244 491 244 502 239 545 245 546 245 622 239 636 244 638 244 639 244 780 243 887 234 887 225 886 199 878 199"/></Shape>
	    <String CONTENT="tis, &amp; abalienati à R. Pub. Iſraelis, at extra"
                    HPOS="44.0"
                    VPOS="199.0"
                    WIDTH="843.0"
                    HEIGHT="51.0"
                    WC="0.9923704564571381"></String>
          </TextLine>
          <TextLine ID="line_3"
                    TAGREFS="LT8"
                    BASELINE="47 282 889 273" 
                    HPOS="46.0"
                    VPOS="232.0"
                    WIDTH="843.0"
                    HEIGHT="62.0">
            <Shape><Polygon POINTS="47 282 47 294 407 294 407 293 421 291 444 287 473 290 488 292 489 292 507 290 544 286 652 289 691 290 692 290 693 290 694 290 695 289 704 284 726 289 730 289 731 289 889 287 889 273 887 232 828 232 827 232 826 232 824 233 812 238 801 233 798 232 797 232 796 232 795 232 791 234 775 241 731 236 730 236 700 242 677 236 676 236 675 236 674 236 673 236 672 236 647 242 628 237 618 234 617 234 616 234 615 234 607 237 596 243 552 239 513 235 512 235 460 241 418 247 388 247 383 242 376 237 375 237 374 237 373 237 372 237 352 243 344 245 326 244 270 238 268 238 267 238 247 245 243 247 241 245 222 239 221 239 219 239 218 239 205 247 203 248 195 247 141 239 140 239 139 239 116 249 115 250 46 250 47 282"/></Shape>
	    <String CONTENT="nei à fœderibus, |promiſſionẽ in ſe continẽti"
                    HPOS="46.0"
                    VPOS="232.0"
                    WIDTH="843.0"
                    HEIGHT="62.0"
                    WC="0.9708204939961433"></String>
          </TextLine>
          <TextLine ID="line_4"
                    TAGREFS="LT8"
                    BASELINE="45 331 886 323" 
                    HPOS="45.0"
                    VPOS="284.0"
                    WIDTH="841.0"
                    HEIGHT="65.0">
            <Shape><Polygon POINTS="45 342 142 349 143 349 144 349 168 341 173 340 176 341 193 347 194 347 195 347 262 340 274 339 276 340 291 347 292 347 293 348 342 348 342 347 344 347 362 339 375 343 376 343 377 343 418 338 420 338 421 338 450 346 451 346 452 346 453 346 454 346 467 337 468 337 508 337 519 344 520 344 521 344 522 344 553 337 570 343 571 343 572 344 648 344 648 343 649 343 677 335 757 342 758 342 800 334 811 341 812 341 813 341 814 341 815 341 816 341 825 335 834 341 835 341 836 341 837 342 869 342 869 341 870 341 886 332 886 323 883 289 798 292 789 289 777 284 776 284 741 284 740 284 739 284 726 289 716 293 707 289 698 284 697 284 673 284 672 284 621 285 620 285 619 285 614 289 605 295 477 295 457 289 450 287 449 287 448 287 447 287 446 287 443 289 430 297 411 289 405 287 404 287 403 287 402 287 398 289 388 294 373 289 372 289 371 289 370 289 366 289 334 297 323 289 321 288 320 288 319 288 317 288 306 289 264 295 214 289 207 289 206 289 201 289 146 300 78 300 45 290 45 331 45 342"/></Shape>
	    <String CONTENT="bus, nullam ſpem habentes, &amp; ſine Deo ac"
                    HPOS="45.0"
                    VPOS="284.0"
                    WIDTH="841.0"
                    HEIGHT="65.0"
                    WC="0.9928515017032623"></String>
          </TextLine>
          <TextLine ID="line_5"
                    TAGREFS="LT8"
                    BASELINE="50 383 203 377 610 373" 
                    HPOS="48.0"
                    VPOS="333.0"
                    WIDTH="562.0"
                    HEIGHT="65.0">
            <Shape><Polygon POINTS="50 383 50 398 123 397 124 397 158 388 233 393 268 396 270 396 271 396 272 396 272 395 273 395 275 392 278 387 353 385 397 388 444 391 445 391 446 391 447 391 447 390 451 386 454 384 518 384 519 384 530 391 531 391 532 391 533 392 561 392 561 391 609 381 610 373 608 342 540 333 538 333 537 333 536 333 536 334 528 342 527 343 489 343 486 342 478 338 477 338 476 338 475 338 468 342 464 343 437 342 417 341 411 336 411 335 410 335 409 335 381 335 380 335 379 335 364 342 360 344 342 344 341 342 335 337 335 336 334 336 333 336 332 336 305 342 298 344 296 342 289 337 289 336 288 336 287 336 286 336 285 336 268 341 249 337 248 337 247 337 230 342 217 347 185 346 183 342 178 338 177 338 176 338 175 338 145 340 144 340 143 340 143 341 141 342 137 347 131 342 128 340 127 340 126 340 125 340 124 340 118 342 109 348 99 343 90 339 89 339 88 339 87 339 77 343 65 347 48 343 50 383"/></Shape>
	    <String CONTENT="plane impij habiti in mundo."
                    HPOS="48.0"
                    VPOS="333.0"
                    WIDTH="562.0"
                    HEIGHT="65.0"
                    WC="0.9750191292592457"></String>
          </TextLine>
        </TextBlock>
        <TextBlock HPOS="257.0"
                   VPOS="125.0"
                   WIDTH="404.0"
                   HEIGHT="51.0"
                   ID="block_6"
                   TAGREFS="BT18">
          <Shape><Polygon POINTS="661 125 661 176 257 176 257 125"/></Shape>
          <TextLine ID="line_0"
                    TAGREFS="LT10"
                    BASELINE="264 162 661 160" 
                    HPOS="263.0"
                    VPOS="125.0"
                    WIDTH="398.0"
                    HEIGHT="52.0">
            <Shape><Polygon POINTS="649 131 639 131 628 131 618 131 607 131 597 131 586 131 576 131 566 131 555 131 545 131 534 131 524 131 513 131 503 131 493 131 482 131 472 131 461 131 451 131 440 131 439 131 430 131 420 131 409 131 399 131 391 131 388 131 378 131 368 131 357 131 347 131 346 131 336 131 326 131 315 131 305 131 295 131 284 131 274 131 273 126 263 125 264 162 265 177 290 170 331 176 333 176 334 176 335 176 336 176 346 168 364 176 366 176 368 176 369 177 458 177 458 176 459 176 460 176 463 174 474 167 501 167 506 173 508 174 508 175 509 175 510 175 511 175 512 175 521 173 541 167 550 171 556 175 557 175 558 175 574 171 594 167 604 170 615 175 616 175 617 175 660 169 661 160 659 131"/></Shape>
	    <String CONTENT="EPISTOLA."
                    HPOS="263.0"
                    VPOS="125.0"
                    WIDTH="398.0"
                    HEIGHT="52.0"
                    WC="0.9961397846539816"></String>
          </TextLine>
        </TextBlock>
        <TextBlock HPOS="47.0"
                   VPOS="390.0"
                   WIDTH="847.0"
                   HEIGHT="485.0"
                   ID="block_0"
                   TAGREFS="BT2634">
          <Shape><Polygon POINTS="894 390 894 875 47 875 47 390"/></Shape>
          <TextLine ID="line_6"
                    TAGREFS="LT8"
                    BASELINE="92 428 887 421" 
                    HPOS="91.0"
                    VPOS="406.0"
                    WIDTH="796.0"
                    HEIGHT="37.0">
            <Shape><Polygon POINTS="884 406 873 406 863 406 852 406 842 406 831 406 821 406 811 406 800 406 790 406 779 406 769 406 758 406 748 406 742 406 736 407 734 406 727 406 718 406 717 407 716 407 713 407 706 406 696 406 685 406 675 406 670 406 665 407 656 408 644 407 633 406 633 406 623 406 612 406 602 406 592 406 581 406 579 406 572 407 566 408 564 408 557 406 550 406 540 406 529 406 523 406 506 408 495 409 486 408 474 406 467 406 456 406 446 406 432 408 420 410 391 409 344 406 341 406 331 406 323 406 316 409 311 412 252 412 249 410 244 406 243 406 242 406 241 406 240 406 229 410 224 411 91 411 92 428 92 438 100 443 101 443 102 443 103 443 130 438 155 443 156 443 157 443 158 443 166 437 195 441 197 441 198 441 211 435 238 440 239 440 272 435 296 442 297 442 298 442 299 442 320 434 437 439 438 439 480 433 497 440 498 440 499 440 500 440 527 433 555 439 556 440 582 440 582 439 583 439 584 439 593 433 658 439 659 439 704 434 798 437 799 437 800 437 820 431 871 437 872 437 873 437 874 437 887 429 887 421 885 406 884 406"/></Shape>
	    <String CONTENT="Nunc uero insiti Christo Iesu, qui lõge era¬"
                    HPOS="91.0"
                    VPOS="406.0"
                    WIDTH="796.0"
                    HEIGHT="37.0"></String>
          </TextLine>
          <TextLine ID="line_7"
                    TAGREFS="LT8"
                    BASELINE="48 477 886 469" 
                    HPOS="47.0"
                    VPOS="428.0"
                    WIDTH="839.0"
                    HEIGHT="68.0">
            <Shape><Polygon POINTS="48 477 48 490 103 496 104 496 105 496 116 490 117 490 153 494 154 494 200 489 219 487 229 488 252 492 253 492 254 492 255 492 259 488 262 486 268 488 289 494 290 494 291 494 317 487 325 486 331 487 360 494 361 494 362 494 387 486 390 486 396 486 449 492 450 492 451 492 464 485 468 484 480 485 515 489 516 489 517 489 533 485 537 484 541 484 570 491 571 491 572 491 599 484 603 483 610 484 656 490 657 490 658 490 675 483 677 482 692 483 779 489 780 489 859 488 860 488 886 480 886 469 884 433 822 428 821 428 820 428 819 428 811 434 804 437 788 434 775 432 774 432 752 434 723 438 712 435 691 429 690 429 689 429 688 429 670 436 659 439 612 436 581 435 580 435 562 437 542 440 532 438 509 431 508 431 507 431 506 431 505 431 494 438 493 439 313 442 304 441 255 434 158 434 157 434 156 434 155 434 146 440 71 435 70 435 69 435 47 443 48 477"/></Shape>
	    <String CONTENT="tis, facti eſtis prope, per ſanguinem Chriſti."
                    HPOS="47.0"
                    VPOS="428.0"
                    WIDTH="839.0"
                    HEIGHT="68.0"
                    WC="0.9990321825379911"></String>
          </TextLine>
          <TextLine ID="line_8"
                    TAGREFS="LT8"
                    BASELINE="48 526 888 519" 
                    HPOS="47.0"
                    VPOS="479.0"
                    WIDTH="841.0"
                    HEIGHT="63.0">
            <Shape><Polygon POINTS="48 526 48 534 66 542 67 542 68 542 102 536 146 541 148 541 149 541 169 534 193 540 194 540 195 540 197 540 198 540 209 534 283 534 297 540 298 540 299 540 300 540 314 533 448 539 449 539 450 539 466 532 511 532 520 538 521 538 522 538 523 538 555 531 571 538 572 538 573 538 574 538 600 532 622 537 623 537 624 537 625 537 626 537 636 531 649 537 650 537 651 537 763 532 822 536 823 536 824 536 841 530 870 536 871 536 872 536 888 527 888 519 885 485 831 486 825 485 804 479 803 479 802 479 801 479 782 485 778 486 776 485 769 479 768 479 767 479 766 479 688 485 645 489 624 489 619 485 612 481 611 481 610 481 609 481 591 485 577 489 527 489 521 485 513 482 512 482 511 482 510 482 497 485 482 490 435 490 429 486 425 482 424 482 423 482 422 482 393 486 359 490 340 486 329 483 328 483 300 483 299 483 298 483 291 486 281 491 209 491 200 486 194 484 193 484 192 484 179 486 146 494 126 494 117 486 116 485 115 485 114 485 113 485 47 486 48 526"/></Shape>
	    <String CONTENT="Ipſe enim author eſt pacis noſtræ, qui fecit ex"
                    HPOS="47.0"
                    VPOS="479.0"
                    WIDTH="841.0"
                    HEIGHT="63.0"
                    WC="0.9860108494758606"></String>
          </TextLine>
          <TextLine ID="line_9"
                    TAGREFS="LT8"
                    BASELINE="48 575 887 565" 
                    HPOS="47.0"
                    VPOS="528.0"
                    WIDTH="840.0"
                    HEIGHT="66.0">
            <Shape><Polygon POINTS="48 575 48 585 139 594 140 594 227 585 251 583 282 583 287 585 306 591 307 591 308 591 309 591 327 584 334 582 388 583 389 584 399 590 400 590 401 590 402 590 403 590 421 584 431 581 442 584 459 589 460 589 461 589 486 584 492 583 493 584 498 588 499 588 500 588 501 588 502 588 510 584 519 580 550 580 558 584 566 587 567 587 568 587 587 583 614 579 642 579 652 583 661 587 663 587 664 587 691 586 692 586 693 586 696 583 702 579 708 583 715 586 716 586 717 586 739 583 765 579 779 583 791 586 792 586 793 586 818 583 857 577 866 582 869 585 870 585 871 585 872 585 886 582 887 565 885 536 724 532 723 532 661 537 640 528 639 528 607 528 606 528 605 528 576 538 531 529 530 529 529 529 506 539 458 532 457 532 403 537 394 531 393 531 391 531 328 531 327 531 326 531 325 531 312 540 303 533 302 533 301 533 271 532 270 532 268 532 267 532 257 539 231 534 230 534 229 534 206 544 169 544 141 533 140 533 139 533 115 534 114 534 113 534 102 542 89 538 88 538 87 538 47 545 48 575"/></Shape>
	    <String CONTENT="utriſq unum̃, ſublato per ſacrificium corpo¬"
                    HPOS="47.0"
                    VPOS="528.0"
                    WIDTH="840.0"
                    HEIGHT="66.0"></String>
          </TextLine>
          <TextLine ID="line_10"
                    TAGREFS="LT8"
                    BASELINE="52 624 394 618 891 615" 
                    HPOS="51.0"
                    VPOS="577.0"
                    WIDTH="840.0"
                    HEIGHT="63.0">
            <Shape><Polygon POINTS="52 624 52 633 140 640 141 640 191 632 194 632 195 632 209 638 210 638 288 639 289 639 290 639 311 631 312 631 328 637 329 637 330 637 331 637 355 631 383 638 384 638 385 638 386 638 387 638 397 630 503 630 526 637 527 637 528 637 584 629 645 636 646 636 702 631 749 635 750 635 751 635 752 635 762 629 821 634 822 634 823 634 824 634 832 628 872 631 873 631 874 631 891 625 891 615 889 585 825 577 824 577 823 577 806 585 769 577 768 577 767 577 749 586 748 587 640 587 639 587 628 579 627 579 626 579 625 579 624 579 606 586 597 579 596 579 595 579 541 579 540 579 493 588 463 584 462 584 354 589 346 584 345 584 344 584 342 584 341 584 327 589 290 581 289 581 236 590 192 584 191 584 190 584 189 584 181 591 151 591 135 583 134 583 133 583 99 588 70 583 69 583 68 583 51 591 52 624"/></Shape>
	    <String CONTENT="ris ſui interſtitio maceriæ, inimicitia, abolita"
                    HPOS="51.0"
                    VPOS="577.0"
                    WIDTH="840.0"
                    HEIGHT="63.0"
                    WC="0.9842938172320524"></String>
          </TextLine>
          <TextLine ID="line_11"
                    TAGREFS="LT8"
                    BASELINE="52 672 890 663" 
                    HPOS="51.0"
                    VPOS="625.0"
                    WIDTH="839.0"
                    HEIGHT="57.0">
            <Shape><Polygon POINTS="52 672 52 682 889 678 890 663 887 634 731 634 728 634 703 625 702 625 701 625 700 625 678 634 673 635 510 635 508 634 495 627 494 627 493 627 426 628 425 628 410 634 406 635 388 634 344 629 342 629 341 629 340 629 333 634 326 638 289 634 266 631 265 631 264 631 255 634 233 639 202 634 201 634 176 639 167 634 163 630 162 630 161 630 160 630 51 633 52 672"/></Shape>
	    <String CONTENT="indelege, mandata &amp; decreta continente, ut"
                    HPOS="51.0"
                    VPOS="625.0"
                    WIDTH="839.0"
                    HEIGHT="57.0"
                    WC="0.9932477516787392"></String>
          </TextLine>
          <TextLine ID="line_12"
                    TAGREFS="LT8"
                    BASELINE="54 721 889 713" 
                    HPOS="53.0"
                    VPOS="673.0"
                    WIDTH="836.0"
                    HEIGHT="63.0">
            <Shape><Polygon POINTS="54 721 54 730 88 736 89 736 144 731 154 730 157 731 176 736 177 736 178 736 179 736 190 731 192 730 205 731 275 736 276 736 309 731 310 731 311 731 332 735 333 735 334 735 342 731 350 727 466 727 472 731 476 734 477 734 478 734 479 734 480 734 481 734 485 731 493 727 554 731 587 733 589 733 590 733 591 733 594 731 602 726 610 731 615 733 616 733 617 733 618 733 619 733 621 731 629 726 645 731 646 731 647 731 648 731 669 726 678 731 679 732 680 732 681 732 682 732 683 732 687 731 703 726 713 731 714 732 715 732 716 732 717 733 758 733 758 732 767 731 826 724 887 731 889 713 888 682 870 673 869 673 868 673 867 673 840 682 767 682 691 674 690 674 689 674 688 674 675 683 644 683 577 675 576 675 528 684 468 676 467 676 466 676 446 684 347 677 346 677 345 677 317 685 292 677 291 677 290 677 289 677 259 686 243 678 242 678 241 678 191 683 177 678 176 678 175 678 124 687 77 679 76 679 75 679 53 687 54 721"/></Shape>
	    <String CONTENT="duos ſibijpſi cõderet in unũ nouũ hominẽ,"
                    HPOS="53.0"
                    VPOS="673.0"
                    WIDTH="836.0"
                    HEIGHT="63.0"
                    WC="0.986241873105367"></String>
          </TextLine>
          <TextLine ID="line_13"
                    TAGREFS="LT8"
                    BASELINE="55 771 890 760" 
                    HPOS="54.0"
                    VPOS="724.0"
                    WIDTH="836.0"
                    HEIGHT="66.0">
            <Shape><Polygon POINTS="55 771 55 790 100 790 100 788 101 788 102 788 102 787 113 781 151 786 158 787 159 788 210 788 210 787 211 787 216 785 230 779 301 783 305 783 306 783 307 783 308 783 314 778 320 783 323 785 324 785 325 785 326 786 351 786 351 785 373 782 400 777 420 781 433 783 434 783 435 783 444 780 453 777 501 779 577 782 578 782 579 782 580 782 587 777 591 775 600 777 627 782 628 782 629 782 630 782 639 776 643 774 674 775 785 780 786 780 787 780 808 773 847 779 848 779 890 770 890 760 887 731 664 732 640 724 639 724 638 724 596 733 529 726 528 726 527 726 499 734 464 727 463 727 462 727 443 736 377 736 366 728 365 728 364 728 305 728 304 728 303 728 271 736 224 729 223 729 134 737 119 733 118 733 117 733 116 733 101 739 79 734 78 734 77 734 76 734 54 741 55 771"/></Shape>
	    <String CONTENT="paceq facta cõglutinaret duos, in unum cor¬"
                    HPOS="54.0"
                    VPOS="724.0"
                    WIDTH="836.0"
                    HEIGHT="66.0"></String>
          </TextLine>
          <TextLine ID="line_14"
                    TAGREFS="LT8"
                    BASELINE="57 819 890 811" 
                    HPOS="56.0"
                    VPOS="773.0"
                    WIDTH="834.0"
                    HEIGHT="67.0">
            <Shape><Polygon POINTS="57 819 57 840 94 840 94 838 95 838 96 838 116 828 189 828 205 836 208 837 209 837 210 838 257 838 257 837 258 837 267 835 296 827 317 832 319 832 320 832 413 828 421 832 425 835 426 835 427 835 428 835 429 835 443 831 449 830 455 831 473 835 474 835 475 835 492 831 507 826 517 830 528 835 529 835 530 835 567 834 568 834 578 829 585 825 619 828 670 833 671 833 672 833 683 827 691 824 712 824 725 826 762 833 763 833 800 826 807 832 808 832 810 832 811 833 869 833 869 832 870 832 890 823 890 811 889 781 871 773 870 773 869 773 814 781 744 774 698 774 697 774 696 774 682 780 676 775 675 775 674 775 673 775 672 775 650 783 648 783 645 783 602 775 536 775 535 775 534 775 511 784 510 784 499 779 498 779 497 779 443 784 424 778 423 778 422 778 421 778 402 783 391 777 390 777 389 777 388 777 387 777 369 785 368 785 366 785 338 779 337 779 336 779 335 779 326 785 325 786 203 786 178 786 129 779 128 779 127 779 100 787 99 788 56 788 57 819"/></Shape>
	    <String CONTENT="pus Deo per crucem, extincta in ſemetipſo"
                    HPOS="56.0"
                    VPOS="773.0"
                    WIDTH="834.0"
                    HEIGHT="67.0"
                    WC="0.9979801265204825"></String>
          </TextLine>
          <TextLine ID="line_15"
                    TAGREFS="LT8"
                    BASELINE="55 867 270 864" 
                    HPOS="54.0"
                    VPOS="825.0"
                    WIDTH="216.0"
                    HEIGHT="56.0">
            <Shape><Polygon POINTS="55 867 55 878 187 881 188 881 268 874 270 864 267 835 214 835 198 825 197 825 195 825 194 825 154 826 153 826 137 833 103 827 102 827 101 827 81 837 54 837 55 867"/></Shape>
	    <String CONTENT="inimicitia."
                    HPOS="54.0"
                    VPOS="825.0"
                    WIDTH="216.0"
                    HEIGHT="56.0"
                    WC="0.9998258677395907"></String>
          </TextLine>
        </TextBlock>
        <TextBlock HPOS="847.0"
                   VPOS="132.0"
                   WIDTH="47.0"
                   HEIGHT="46.0"
                   ID="block_7"
                   TAGREFS="BT15">
          <Shape><Polygon POINTS="894 132 894 178 847 178 847 161 847 132"/></Shape>
          <TextLine ID="line_1"
                    TAGREFS="LT8"
                    BASELINE="855 163 878 162" 
                    HPOS="853.0"
                    VPOS="126.0"
                    WIDTH="25.0"
                    HEIGHT="52.0">
            <Shape><Polygon POINTS="855 178 878 174 878 162 876 130 853 126 855 163"/></Shape>
	    <String CONTENT="11"
                    HPOS="853.0"
                    VPOS="126.0"
                    WIDTH="25.0"
                    HEIGHT="52.0"
                    WC="0.9991154968738556"></String>
          </TextLine>
        </TextBlock>
        <TextBlock HPOS="56.0"
                   VPOS="877.0"
                   WIDTH="841.0"
                   HEIGHT="198.0"
                   ID="block_2"
                   TAGREFS="BT2634">
          <Shape><Polygon POINTS="897 877 897 1075 56 1075 56 877"/></Shape>
          <TextLine ID="eSc_line_74329bec"
                    TAGREFS="LT8"
                    BASELINE="64 914 891 910" 
                    HPOS="64.0"
                    VPOS="877.0"
                    WIDTH="826.0"
                    HEIGHT="61.0">
            <Shape><Polygon POINTS="423 877 411 880 406 877 341 877 334 881 305 877 220 877 151 883 96 877 64 887 65 931 294 928 341 938 373 925 455 925 483 934 528 925 605 933 683 925 880 928 890 920 890 909 885 877 877 877"/></Shape>
	    <String CONTENT="Et adueniens Euangelizauit pacem uobis"
                    HPOS="64.0"
                    VPOS="877.0"
                    WIDTH="826.0"
                    HEIGHT="61.0"></String>
          </TextLine>
          <TextLine ID="line_17"
                    TAGREFS="LT8"
                    BASELINE="53 965 891 959" 
                    HPOS="52.0"
                    VPOS="921.0"
                    WIDTH="839.0"
                    HEIGHT="62.0">
            <Shape><Polygon POINTS="53 965 53 977 85 982 86 982 113 977 115 977 116 977 133 983 134 983 135 983 205 977 215 983 216 983 217 983 218 983 265 977 273 982 274 982 275 982 276 983 324 983 324 982 325 982 339 976 341 976 419 981 420 981 421 981 433 975 434 975 439 975 500 981 501 981 535 975 552 981 553 981 554 981 555 981 570 974 571 974 574 974 602 980 603 981 694 981 694 980 757 973 764 973 771 973 847 979 848 979 890 972 891 959 888 929 807 929 806 929 797 922 796 922 795 922 794 922 793 922 772 927 764 921 763 921 762 921 731 921 730 921 729 921 728 921 716 929 693 923 692 923 691 923 690 923 671 930 669 931 584 931 584 930 562 924 561 924 560 924 526 930 504 923 503 923 425 923 424 923 423 923 422 923 414 928 394 923 393 923 391 923 390 923 389 923 375 932 374 932 369 932 311 924 310 924 271 932 270 932 232 924 231 924 204 925 203 925 202 925 190 933 189 933 183 933 89 925 88 925 52 933 53 965"/></Shape>
	    <String CONTENT="qui eratis longe, ut &amp; ijs qui prope fuerunt."
                    HPOS="52.0"
                    VPOS="921.0"
                    WIDTH="839.0"
                    HEIGHT="62.0"
                    WC="0.9933742006619771"></String>
          </TextLine>
          <TextLine ID="line_18"
                    TAGREFS="LT8"
                    BASELINE="55 1014 889 1008" 
                    HPOS="54.0"
                    VPOS="969.0"
                    WIDTH="835.0"
                    HEIGHT="62.0">
            <Shape><Polygon POINTS="55 1014 55 1031 87 1024 157 1030 176 1031 177 1031 188 1029 213 1025 237 1028 250 1030 251 1030 252 1030 253 1030 255 1028 264 1023 306 1027 316 1028 317 1028 336 1027 397 1022 409 1026 421 1029 422 1029 423 1029 424 1029 437 1025 449 1022 455 1025 462 1029 463 1029 464 1030 502 1030 502 1029 503 1029 516 1024 521 1022 565 1023 678 1027 679 1027 734 1020 742 1020 743 1020 753 1027 754 1027 755 1027 756 1028 872 1028 872 1027 873 1027 889 1018 889 1008 887 978 801 969 800 969 734 974 707 970 706 970 705 970 704 970 694 977 691 979 615 979 611 977 600 970 599 970 598 970 597 970 561 977 548 980 501 980 489 977 467 971 466 971 464 971 418 976 385 981 357 981 348 976 337 972 336 972 335 972 311 976 288 981 212 981 205 976 201 973 200 973 199 973 198 973 183 976 164 980 158 976 155 973 154 973 153 973 119 973 118 973 117 973 116 973 113 976 106 981 88 976 79 973 78 973 77 973 54 975 55 1014"/></Shape>
	    <String CONTENT="Per ipſum enim utrique aditum habemus"
                    HPOS="54.0"
                    VPOS="969.0"
                    WIDTH="835.0"
                    HEIGHT="62.0"
                    WC="0.9880204426275717"></String>
          </TextLine>
          <TextLine ID="line_19"
                    TAGREFS="LT8"
                    BASELINE="55 1064 667 1058" 
                    HPOS="54.0"
                    VPOS="1018.0"
                    WIDTH="613.0"
                    HEIGHT="60.0">
            <Shape><Polygon POINTS="55 1064 55 1072 114 1078 115 1078 164 1072 180 1071 240 1071 243 1072 250 1077 251 1077 252 1077 253 1077 302 1072 316 1071 328 1072 359 1076 360 1076 361 1076 374 1072 381 1070 387 1072 399 1076 400 1076 401 1076 402 1076 417 1072 428 1069 444 1072 460 1075 461 1075 462 1075 473 1072 481 1070 492 1072 508 1075 509 1075 510 1075 511 1075 516 1072 520 1069 525 1072 531 1075 532 1075 533 1075 562 1072 581 1070 606 1072 636 1074 638 1074 639 1074 646 1072 657 1068 663 1072 667 1058 665 1029 628 1022 627 1022 626 1022 614 1026 595 1018 594 1018 593 1018 592 1018 557 1028 545 1018 544 1018 543 1018 542 1018 541 1018 519 1029 456 1019 455 1019 403 1031 374 1031 363 1021 363 1020 362 1020 361 1020 360 1020 359 1020 342 1026 335 1020 334 1020 333 1020 299 1020 298 1020 297 1020 296 1020 296 1021 285 1030 265 1031 259 1026 259 1025 258 1025 257 1025 221 1024 219 1024 218 1024 203 1030 182 1022 181 1022 180 1022 179 1022 178 1022 163 1032 142 1026 141 1026 140 1026 139 1026 127 1032 116 1023 116 1022 115 1022 114 1022 97 1022 96 1022 95 1022 94 1022 81 1033 54 1033 55 1064"/></Shape>
	    <String CONTENT="ad patrem, afflati eodem ſpiritu."
                    HPOS="54.0"
                    VPOS="1018.0"
                    WIDTH="613.0"
                    HEIGHT="60.0"
                    WC="0.9836683652617715"></String>
          </TextLine>
        </TextBlock>
        <TextBlock HPOS="939.0"
                   VPOS="371.0"
                   WIDTH="62.0"
                   HEIGHT="62.0"
                   ID="eSc_textblock_87bd1fde"
                   TAGREFS="BT15">
          <Shape><Polygon POINTS="939 371 939 433 1001 433 1001 371"/></Shape>
          <TextLine ID="eSc_line_a6b81596"
                    TAGREFS="LT8"
                    BASELINE="945 404 988 410" 
                    HPOS="940.0"
                    VPOS="372.0"
                    WIDTH="50.0"
                    HEIGHT="65.0">
            <Shape><Polygon POINTS="980 372 965 372 948 372 944 403 940 426 979 437 987 409 990 372 980 372"/></Shape>
	    <String CONTENT="5."
                    HPOS="940.0"
                    VPOS="372.0"
                    WIDTH="50.0"
                    HEIGHT="65.0"></String>
          </TextLine>
        </TextBlock>
        <TextBlock HPOS="62.0"
                   VPOS="1075.0"
                   WIDTH="837.0"
                   HEIGHT="444.0"
                   ID="block_1"
                   TAGREFS="BT2634">
          <Shape><Polygon POINTS="899 1075 899 1519 62 1519 62 1075"/></Shape>
          <TextLine ID="line_20"
                    TAGREFS="LT8"
                    BASELINE="97 1111 745 1107 885 1112" 
                    HPOS="96.0"
                    VPOS="1065.0"
                    WIDTH="789.0"
                    HEIGHT="61.0">
            <Shape><Polygon POINTS="97 1111 97 1121 293 1126 295 1126 296 1126 310 1122 317 1121 330 1122 359 1126 360 1126 361 1126 362 1126 366 1123 370 1121 510 1123 646 1125 647 1125 656 1124 677 1120 704 1124 715 1125 716 1125 717 1125 720 1124 731 1119 745 1124 746 1124 747 1124 748 1124 749 1124 750 1124 761 1119 803 1124 805 1124 806 1124 807 1124 835 1119 883 1124 885 1112 884 1076 810 1076 789 1065 788 1065 756 1065 755 1065 754 1065 753 1065 747 1070 681 1066 680 1066 679 1066 678 1066 667 1076 666 1076 640 1076 636 1076 625 1066 624 1066 623 1066 579 1066 578 1066 577 1066 545 1076 544 1076 530 1066 529 1066 528 1066 469 1066 468 1066 415 1076 406 1078 378 1078 375 1076 354 1067 353 1067 352 1067 351 1067 325 1076 322 1077 319 1076 307 1071 306 1071 305 1071 272 1076 263 1077 261 1076 251 1067 250 1067 249 1067 248 1067 247 1067 221 1076 219 1077 140 1077 135 1076 111 1069 110 1069 109 1069 108 1069 96 1074 97 1111"/></Shape>
	    <String CONTENT="Proinde iam non eſtis hoſpites &amp; aduene,"
                    HPOS="96.0"
                    VPOS="1065.0"
                    WIDTH="789.0"
                    HEIGHT="61.0"
                    WC="0.9819474324584008"></String>
          </TextLine>
          <TextLine ID="line_21"
                    TAGREFS="LT8"
                    BASELINE="58 1161 891 1156" 
                    HPOS="57.0"
                    VPOS="1118.0"
                    WIDTH="834.0"
                    HEIGHT="57.0">
            <Shape><Polygon POINTS="807 1121 797 1121 787 1121 783 1121 779 1123 774 1121 766 1121 755 1121 745 1121 734 1121 724 1121 714 1121 705 1121 703 1121 693 1121 682 1121 672 1121 661 1121 654 1121 642 1124 634 1121 630 1121 620 1121 609 1121 603 1121 590 1124 575 1121 568 1121 557 1121 547 1121 541 1121 536 1124 516 1121 505 1121 495 1121 484 1121 483 1121 472 1125 472 1126 429 1126 420 1126 412 1121 411 1121 401 1121 390 1121 380 1121 370 1121 359 1121 358 1121 347 1122 337 1121 328 1121 317 1121 307 1121 297 1121 295 1121 288 1126 272 1126 263 1127 200 1127 189 1127 174 1121 172 1121 164 1121 138 1126 124 1121 119 1121 109 1121 106 1121 95 1126 81 1121 78 1121 67 1121 66 1118 57 1124 58 1161 58 1174 345 1170 408 1174 435 1175 436 1175 437 1175 438 1175 440 1174 449 1169 466 1174 472 1175 473 1175 474 1175 521 1174 522 1174 523 1174 523 1173 531 1168 572 1168 582 1173 583 1174 584 1174 585 1174 586 1174 596 1173 639 1168 707 1173 715 1173 716 1173 717 1173 718 1173 734 1168 748 1173 749 1173 750 1173 751 1173 752 1173 753 1173 770 1168 780 1173 781 1173 782 1173 783 1173 785 1173 786 1173 793 1167 803 1173 804 1173 805 1173 806 1173 807 1173 808 1173 822 1167 889 1172 891 1156 889 1124 821 1124 814 1121 807 1121"/></Shape>
	    <String CONTENT="ſed conciues ſanctis, atque domeſtici Dei, inę"
                    HPOS="57.0"
                    VPOS="1118.0"
                    WIDTH="834.0"
                    HEIGHT="57.0"
                    WC="0.9753354217143769"></String>
          </TextLine>
          <TextLine ID="line_22"
                    TAGREFS="LT8"
                    BASELINE="57 1208 895 1204" 
                    HPOS="56.0"
                    VPOS="1164.0"
                    WIDTH="839.0"
                    HEIGHT="61.0">
            <Shape><Polygon POINTS="57 1208 57 1225 116 1219 166 1224 167 1224 191 1219 211 1224 214 1225 215 1225 216 1225 226 1224 278 1218 307 1223 313 1224 314 1224 315 1224 319 1223 331 1218 445 1218 460 1221 474 1224 475 1224 519 1223 520 1223 521 1223 525 1220 531 1217 592 1219 676 1223 677 1223 678 1223 679 1223 684 1218 687 1217 720 1218 852 1222 853 1222 894 1215 895 1204 893 1174 815 1174 753 1164 752 1164 751 1164 726 1173 701 1164 700 1164 699 1164 656 1173 627 1165 626 1165 571 1165 570 1165 473 1175 321 1174 310 1166 309 1166 308 1166 284 1166 283 1166 282 1166 261 1176 240 1176 228 1167 227 1167 226 1167 185 1167 184 1167 183 1167 151 1176 130 1167 129 1167 78 1167 77 1167 76 1167 56 1176 57 1208"/></Shape>
	    <String CONTENT="dificati fundamento, quo &amp; Apoſtoli atque"
                    HPOS="56.0"
                    VPOS="1164.0"
                    WIDTH="839.0"
                    HEIGHT="61.0"
                    WC="0.9984622932061916"></String>
          </TextLine>
          <TextLine ID="line_23"
                    TAGREFS="LT8"
                    BASELINE="60 1260 894 1251" 
                    HPOS="59.0"
                    VPOS="1212.0"
                    WIDTH="835.0"
                    HEIGHT="63.0">
            <Shape><Polygon POINTS="60 1260 60 1269 162 1275 163 1275 164 1275 184 1269 187 1268 190 1269 202 1273 203 1273 204 1273 205 1273 206 1273 213 1269 214 1268 226 1269 263 1272 264 1272 265 1272 275 1268 279 1267 346 1268 485 1271 486 1271 487 1271 502 1267 511 1265 516 1267 521 1271 522 1271 523 1271 524 1271 525 1271 534 1267 538 1266 549 1267 578 1271 579 1271 580 1271 597 1267 609 1264 615 1267 620 1270 621 1270 622 1270 623 1270 893 1265 894 1251 892 1220 859 1212 857 1212 856 1212 835 1219 799 1215 798 1215 797 1215 788 1220 787 1220 780 1220 727 1214 726 1214 665 1220 651 1221 649 1220 640 1213 639 1213 638 1213 611 1213 610 1213 609 1213 583 1220 574 1223 515 1223 508 1220 492 1214 491 1214 489 1214 460 1220 445 1224 413 1224 408 1220 401 1215 400 1215 399 1215 398 1215 336 1220 313 1222 310 1220 305 1216 304 1216 303 1216 268 1216 267 1216 266 1216 258 1220 253 1223 230 1220 202 1217 201 1217 164 1220 127 1224 116 1220 112 1219 111 1219 110 1219 59 1220 60 1260"/></Shape>
	    <String CONTENT="Prophetæ inædificati ſunt, exiſtente ſummo"
                    HPOS="59.0"
                    VPOS="1212.0"
                    WIDTH="835.0"
                    HEIGHT="63.0"
                    WC="0.9881501311347598"></String>
          </TextLine>
          <TextLine ID="line_24"
                    TAGREFS="LT8"
                    BASELINE="59 1306 897 1301" 
                    HPOS="58.0"
                    VPOS="1264.0"
                    WIDTH="839.0"
                    HEIGHT="60.0">
            <Shape><Polygon POINTS="59 1306 59 1317 141 1324 142 1324 143 1324 163 1317 164 1317 173 1317 286 1323 287 1323 288 1323 309 1317 378 1320 379 1320 380 1320 390 1316 395 1315 402 1316 431 1321 432 1321 460 1316 467 1315 549 1315 551 1315 569 1321 570 1321 571 1322 603 1322 603 1321 604 1321 605 1321 614 1315 615 1314 620 1315 647 1321 648 1322 682 1322 682 1321 683 1321 684 1321 693 1315 699 1320 700 1320 701 1320 702 1320 814 1314 827 1314 834 1314 885 1320 886 1320 887 1320 888 1320 897 1314 897 1301 894 1271 570 1271 549 1264 548 1264 509 1264 508 1264 507 1264 495 1270 449 1264 448 1264 447 1264 422 1272 395 1264 394 1264 393 1264 391 1264 375 1271 354 1265 353 1265 352 1265 351 1265 350 1265 341 1272 329 1265 328 1265 291 1265 290 1265 289 1265 272 1273 226 1265 225 1265 224 1265 198 1273 168 1266 167 1266 166 1266 165 1266 164 1266 153 1274 100 1266 99 1266 97 1266 96 1266 86 1274 58 1275 59 1306"/></Shape>
	    <String CONTENT="angulari lapide Ieſu Chriſto, per quem omne"
                    HPOS="58.0"
                    VPOS="1264.0"
                    WIDTH="839.0"
                    HEIGHT="60.0"></String>
          </TextLine>
          <TextLine ID="line_25"
                    TAGREFS="LT8"
                    BASELINE="60 1356 897 1350" 
                    HPOS="59.0"
                    VPOS="1312.0"
                    WIDTH="838.0"
                    HEIGHT="62.0">
            <Shape><Polygon POINTS="60 1356 61 1374 81 1367 133 1371 134 1371 264 1366 289 1372 290 1372 291 1372 295 1372 351 1365 402 1371 405 1371 406 1372 434 1372 434 1371 435 1371 436 1371 445 1365 488 1370 491 1370 492 1370 493 1370 516 1364 567 1370 574 1370 575 1371 611 1371 611 1370 612 1370 615 1369 627 1363 656 1369 660 1369 661 1369 663 1369 665 1369 681 1364 767 1368 783 1368 785 1368 786 1368 788 1368 802 1362 827 1367 834 1368 835 1368 897 1366 897 1350 896 1319 873 1312 872 1312 871 1312 870 1312 856 1318 847 1312 846 1312 845 1312 788 1312 787 1312 786 1312 755 1320 656 1320 635 1313 634 1313 633 1313 632 1313 616 1321 499 1321 479 1314 478 1314 477 1314 476 1314 447 1321 363 1316 362 1316 361 1316 335 1323 237 1323 199 1316 198 1316 59 1324 60 1356"/></Shape>
	    <String CONTENT="ædificiũ coagmentatũ, exurgit in templũ ſan"
                    HPOS="59.0"
                    VPOS="1312.0"
                    WIDTH="838.0"
                    HEIGHT="62.0"
                    WC="0.991740917382033"></String>
          </TextLine>
          <TextLine ID="line_26"
                    TAGREFS="LT8"
                    BASELINE="60 1404 895 1398" 
                    HPOS="59.0"
                    VPOS="1361.0"
                    WIDTH="836.0"
                    HEIGHT="60.0">
            <Shape><Polygon POINTS="60 1404 60 1415 91 1420 92 1420 121 1415 124 1415 125 1415 139 1421 140 1421 141 1421 185 1416 193 1421 194 1421 195 1421 197 1421 234 1414 237 1414 249 1414 365 1419 366 1419 368 1419 369 1419 377 1413 383 1418 384 1418 385 1418 386 1418 409 1413 410 1413 425 1419 426 1419 427 1420 474 1420 474 1419 475 1419 494 1413 506 1418 507 1418 508 1418 509 1418 510 1418 518 1412 579 1412 591 1412 614 1418 615 1418 616 1418 674 1417 675 1417 676 1417 685 1411 700 1417 701 1417 702 1417 823 1416 824 1416 836 1411 866 1416 867 1416 868 1416 895 1409 895 1398 893 1370 781 1361 780 1361 779 1361 750 1370 677 1370 656 1362 655 1362 654 1362 653 1362 633 1370 611 1363 610 1363 546 1363 545 1363 502 1371 478 1363 477 1363 476 1363 475 1363 451 1372 425 1366 424 1366 423 1366 422 1366 406 1372 396 1366 395 1366 394 1366 393 1366 391 1366 375 1373 278 1373 253 1366 252 1366 251 1366 250 1366 231 1373 200 1365 199 1365 198 1365 123 1373 70 1366 69 1366 68 1366 67 1366 67 1367 59 1373 60 1404"/></Shape>
	    <String CONTENT="ctum Domino, perquem &amp; uos coædifica¬"
                    HPOS="59.0"
                    VPOS="1361.0"
                    WIDTH="836.0"
                    HEIGHT="60.0"
                    WC="0.9987805115210043"></String>
          </TextLine>
          <TextLine ID="line_27"
                    TAGREFS="LT8"
                    BASELINE="61 1453 897 1449" 
                    HPOS="60.0"
                    VPOS="1410.0"
                    WIDTH="837.0"
                    HEIGHT="65.0">
            <Shape><Polygon POINTS="61 1453 61 1466 145 1466 157 1474 158 1474 159 1474 160 1474 161 1474 184 1466 256 1466 315 1474 316 1474 317 1474 348 1465 398 1474 399 1475 464 1475 464 1474 522 1467 640 1473 641 1473 642 1473 666 1465 761 1472 762 1472 763 1472 764 1472 775 1464 897 1461 897 1449 895 1413 839 1410 838 1410 837 1410 829 1413 817 1420 753 1420 741 1414 729 1410 728 1410 727 1410 726 1410 725 1410 720 1415 713 1420 566 1420 558 1417 547 1411 546 1411 545 1411 516 1416 479 1411 478 1411 477 1411 476 1411 466 1418 458 1422 387 1422 381 1419 365 1412 364 1412 363 1412 362 1412 337 1419 330 1421 320 1419 292 1415 291 1415 268 1420 267 1420 266 1420 241 1413 240 1413 239 1413 238 1413 222 1421 217 1422 214 1421 194 1413 193 1413 113 1413 112 1413 111 1413 96 1421 60 1422 61 1453"/></Shape>
	    <String CONTENT="mini in domicilium Dei, agente in uobis"
                    HPOS="60.0"
                    VPOS="1410.0"
                    WIDTH="837.0"
                    HEIGHT="65.0"
                    WC="0.9969449975551703"></String>
          </TextLine>
          <TextLine ID="line_28"
                    TAGREFS="LT8"
                    BASELINE="61 1503 211 1501" 
                    HPOS="60.0"
                    VPOS="1461.0"
                    WIDTH="151.0"
                    HEIGHT="65.0">
            <Shape><Polygon POINTS="61 1503 61 1522 114 1526 115 1526 116 1526 117 1526 117 1525 125 1519 126 1519 132 1523 133 1523 134 1523 135 1523 136 1523 153 1518 157 1516 159 1517 172 1525 173 1525 174 1525 175 1525 176 1525 211 1514 211 1501 209 1470 160 1468 154 1462 154 1461 153 1461 152 1461 151 1461 150 1461 128 1468 123 1470 116 1468 95 1462 94 1462 93 1462 60 1467 61 1503"/></Shape>
	    <String CONTENT="ſpiritu."
                    HPOS="60.0"
                    VPOS="1461.0"
                    WIDTH="151.0"
                    HEIGHT="65.0"
                    WC="0.9977502077817917"></String>
          </TextLine>
        </TextBlock>
        <TextBlock HPOS="933.0"
                   VPOS="852.0"
                   WIDTH="80.0"
                   HEIGHT="95.0"
                   ID="eSc_textblock_8e992c07"
                   TAGREFS="BT15">
          <Shape><Polygon POINTS="933 852 933 947 1013 947 1013 852"/></Shape>
          <TextLine ID="eSc_line_d505648b"
                    TAGREFS="LT8"
                    BASELINE="945 909 995 909" 
                    HPOS="944.0"
                    VPOS="861.0"
                    WIDTH="49.0"
                    HEIGHT="89.0">
            <Shape><Polygon POINTS="944 950 993 941 993 908 991 861 944 864 944 908"/></Shape>
	    <String CONTENT="6."
                    HPOS="944.0"
                    VPOS="861.0"
                    WIDTH="49.0"
                    HEIGHT="89.0"></String>
          </TextLine>
        </TextBlock>
        <TextBlock HPOS="924.0"
                   VPOS="1063.0"
                   WIDTH="83.0"
                   HEIGHT="95.0"
                   ID="eSc_textblock_06aebf94"
                   TAGREFS="BT15">
          <Shape><Polygon POINTS="924 1063 924 1158 1007 1158 1007 1063"/></Shape>
          <TextLine ID="eSc_line_19c3af79"
                    TAGREFS="LT8"
                    BASELINE="949 1115 1001 1115" 
                    HPOS="948.0"
                    VPOS="1058.0"
                    WIDTH="51.0"
                    HEIGHT="86.0">
            <Shape><Polygon POINTS="948 1114 949 1144 999 1127 999 1114 999 1059 948 1058 948 1114"/></Shape>
	    <String CONTENT="7."
                    HPOS="948.0"
                    VPOS="1058.0"
                    WIDTH="51.0"
                    HEIGHT="86.0"></String>
          </TextLine>
        </TextBlock>
        <TextBlock HPOS="267.0"
                   VPOS="1515.0"
                   WIDTH="418.0"
                   HEIGHT="50.0"
                   ID="block_3"
                   TAGREFS="BT17">
          <Shape><Polygon POINTS="685 1515 685 1565 267 1565 267 1515"/></Shape>
          <TextLine ID="line_29"
                    TAGREFS="LT8"
                    BASELINE="286 1550 574 1552 663 1548" 
                    HPOS="285.0"
                    VPOS="1509.0"
                    WIDTH="378.0"
                    HEIGHT="64.0">
            <Shape><Polygon POINTS="285 1564 304 1572 305 1572 306 1573 339 1573 339 1572 340 1572 341 1572 341 1571 350 1564 351 1564 353 1564 381 1570 382 1570 418 1565 424 1565 425 1566 438 1572 439 1572 440 1572 472 1566 476 1566 489 1567 562 1572 564 1572 565 1572 566 1572 572 1568 578 1564 584 1568 590 1572 591 1572 592 1572 593 1573 609 1573 609 1572 610 1572 611 1572 611 1571 615 1569 620 1564 651 1564 658 1570 663 1548 659 1512 523 1518 493 1511 492 1511 491 1511 489 1511 474 1518 467 1511 466 1510 466 1509 464 1509 463 1509 462 1509 461 1509 456 1510 434 1517 427 1510 426 1510 426 1509 425 1509 424 1509 423 1509 375 1510 374 1510 373 1510 373 1511 366 1516 359 1510 358 1509 357 1509 356 1509 355 1509 354 1509 351 1510 331 1517 286 1510 286 1550"/></Shape>
	    <String CONTENT="CAPVT III"
                    HPOS="285.0"
                    VPOS="1509.0"
                    WIDTH="378.0"
                    HEIGHT="64.0"
                    WC="0.9964946508407593"></String>
          </TextLine>
        </TextBlock>
        <TextBlock HPOS="621.0"
                   VPOS="1563.0"
                   WIDTH="145.0"
                   HEIGHT="59.0"
                   ID="block_4"
                   TAGREFS="BT17">
          <Shape><Polygon POINTS="759 1563 766 1619 621 1622 621 1566"/></Shape>
          <TextLine ID="line_30"
                    TAGREFS="LT8"
                    BASELINE="635 1600 730 1602" 
                    HPOS="634.0"
                    VPOS="1572.0"
                    WIDTH="96.0"
                    HEIGHT="55.0">
            <Shape><Polygon POINTS="708 1578 698 1578 692 1578 684 1583 666 1578 656 1578 646 1578 636 1578 635 1600 634 1619 682 1627 683 1627 729 1620 730 1602 729 1572 708 1572 708 1578"/></Shape>
	    <String CONTENT="B 3"
                    HPOS="634.0"
                    VPOS="1572.0"
                    WIDTH="96.0"
                    HEIGHT="55.0"
                    WC="0.9999570846557617"></String>
          </TextLine>
        </TextBlock>
        <TextBlock HPOS="782.0"
                   VPOS="1542.0"
                   WIDTH="150.0"
                   HEIGHT="88.0"
                   ID="eSc_textblock_39e43531"
                   TAGREFS="BT17">
          <Shape><Polygon POINTS="782 1542 782 1630 932 1630 932 1542"/></Shape>
          <TextLine ID="line_31"
                    TAGREFS="LT8"
                    BASELINE="799 1600 909 1597" 
                    HPOS="797.0"
                    VPOS="1554.0"
                    WIDTH="112.0"
                    HEIGHT="71.0">
            <Shape><Polygon POINTS="799 1600 800 1625 837 1618 859 1620 892 1623 893 1623 894 1623 909 1615 909 1597 906 1561 876 1554 875 1554 853 1559 841 1561 797 1558 799 1600"/></Shape>
	    <String CONTENT="Huius"
                    HPOS="797.0"
                    VPOS="1554.0"
                    WIDTH="112.0"
                    HEIGHT="71.0"
                    WC="0.9982079863548279"></String>
          </TextLine>
        </TextBlock>
      </PrintSpace>
    </Page>
  </Layout>
</alto>
