<?xml version="1.0" encoding="UTF-8"?>
<alto xmlns:xsi="http://www.w3.org/2001/XMLSchema-instance"
      xmlns="http://www.loc.gov/standards/alto/ns-v4#"
      xsi:schemaLocation="http://www.loc.gov/standards/alto/ns-v4# http://www.loc.gov/standards/alto/v4/alto-4-2.xsd">
  <Description>
    <MeasurementUnit>pixel</MeasurementUnit>
    <sourceImageInformation>
      <fileName>bsb00035303_00019.jpg</fileName>
    </sourceImageInformation>
  </Description>
  <Tags>
    <OtherTag ID="BT7" LABEL="CustomZone" DESCRIPTION="block type CustomZone"/><OtherTag ID="BT8" LABEL="DamageZone" DESCRIPTION="block type DamageZone"/><OtherTag ID="BT9" LABEL="DigitizationArtefactZone" DESCRIPTION="block type DigitizationArtefactZone"/><OtherTag ID="BT10" LABEL="DropCapitalZone" DESCRIPTION="block type DropCapitalZone"/><OtherTag ID="BT11" LABEL="GraphicZone" DESCRIPTION="block type GraphicZone"/><OtherTag ID="BT12" LABEL="MainZone" DESCRIPTION="block type MainZone"/><OtherTag ID="BT13" LABEL="MarginTextZone" DESCRIPTION="block type MarginTextZone"/><OtherTag ID="BT14" LABEL="MusicZone" DESCRIPTION="block type MusicZone"/><OtherTag ID="BT15" LABEL="NumberingZone" DESCRIPTION="block type NumberingZone"/><OtherTag ID="BT17" LABEL="QuireMarksZone" DESCRIPTION="block type QuireMarksZone"/><OtherTag ID="BT18" LABEL="RunningTitleZone" DESCRIPTION="block type RunningTitleZone"/><OtherTag ID="BT19" LABEL="SealZone" DESCRIPTION="block type SealZone"/><OtherTag ID="BT20" LABEL="StampZone" DESCRIPTION="block type StampZone"/><OtherTag ID="BT21" LABEL="TableZone" DESCRIPTION="block type TableZone"/><OtherTag ID="BT22" LABEL="TitlePageZone" DESCRIPTION="block type TitlePageZone"/><OtherTag ID="BT2633" LABEL="MainZone-Head" DESCRIPTION="block type MainZone-Head"/><OtherTag ID="BT2634" LABEL="MainZone-P" DESCRIPTION="block type MainZone-P"/><OtherTag ID="BT2635" LABEL="MarginTextZone-Notes" DESCRIPTION="block type MarginTextZone-Notes"/><OtherTag ID="BT2636" LABEL="MainZone-P-Continued" DESCRIPTION="block type MainZone-P-Continued"/>
    <OtherTag ID="LT7" LABEL="CustomLine" DESCRIPTION="line type CustomLine"/><OtherTag ID="LT8" LABEL="DefaultLine" DESCRIPTION="line type DefaultLine"/><OtherTag ID="LT9" LABEL="DropCapitalLine" DESCRIPTION="line type DropCapitalLine"/><OtherTag ID="LT10" LABEL="HeadingLine" DESCRIPTION="line type HeadingLine"/><OtherTag ID="LT11" LABEL="InterlinearLine" DESCRIPTION="line type InterlinearLine"/><OtherTag ID="LT12" LABEL="MusicLine" DESCRIPTION="line type MusicLine"/>
  </Tags>
  <Layout>
    <Page WIDTH="1128"
          HEIGHT="1876"
          PHYSICAL_IMG_NR="18"
          ID="eSc_dummypage_">
      <PrintSpace HPOS="0"
                  VPOS="0"
                  WIDTH="1128"
                  HEIGHT="1876">
        <TextBlock HPOS="41.0"
                   VPOS="204.0"
                   WIDTH="834.0"
                   HEIGHT="145.0"
                   ID="block_7"
                   TAGREFS="BT2636">
          <Shape><Polygon POINTS="875 204 875 349 41 349 41 204"/></Shape>
          <TextLine ID="line_2"
                    TAGREFS="LT8"
                    BASELINE="42 237 872 240" 
                    HPOS="41.0"
                    VPOS="210.0"
                    WIDTH="831.0"
                    HEIGHT="50.0">
            <Shape><Polygon POINTS="854 212 844 212 834 212 823 212 813 212 802 212 792 212 781 212 771 212 761 212 750 212 740 212 729 212 719 212 708 212 698 212 688 212 677 212 667 212 656 212 646 212 635 212 625 212 615 212 604 212 594 212 583 212 573 212 562 212 552 212 542 212 531 212 521 212 510 212 500 212 489 212 479 212 469 212 458 212 448 212 437 212 427 212 417 212 406 212 396 212 385 212 375 212 364 212 354 212 344 212 333 212 323 212 312 212 302 212 291 212 281 212 271 212 260 212 250 212 239 212 229 212 218 212 208 212 198 212 187 212 177 212 166 212 156 212 145 212 135 212 125 212 114 212 104 212 93 212 83 212 72 212 62 212 52 212 42 210 42 237 41 250 81 257 82 257 181 251 191 251 193 251 203 258 204 258 205 258 206 259 257 259 257 258 258 258 259 258 268 252 271 251 363 251 366 252 393 259 394 259 395 260 448 260 448 259 449 259 450 259 458 253 459 252 463 253 479 257 480 257 481 257 504 253 506 253 507 253 515 259 516 259 517 259 518 259 519 259 531 253 535 252 570 252 573 254 580 259 581 259 582 259 583 259 584 259 601 254 604 253 605 254 614 260 615 260 616 260 617 260 672 254 688 253 722 253 725 255 731 260 732 260 733 260 734 260 780 255 800 253 870 255 872 240 870 212 865 212"/></Shape>
	    <String CONTENT="ti, redemptionem, qua continget certa uitæ"
                    HPOS="41.0"
                    VPOS="210.0"
                    WIDTH="831.0"
                    HEIGHT="50.0"
                    WC="0.9818665186564127"></String>
          </TextLine>
          <TextLine ID="line_3"
                    TAGREFS="LT8"
                    BASELINE="45 289 488 286 870 290" 
                    HPOS="45.0"
                    VPOS="248.0"
                    WIDTH="825.0"
                    HEIGHT="60.0">
            <Shape><Polygon POINTS="45 289 45 307 92 299 124 304 125 304 126 304 127 304 135 299 168 304 169 304 207 299 218 307 219 307 221 307 222 307 223 307 248 299 345 299 362 307 363 307 364 307 365 307 391 299 454 299 469 307 470 307 471 307 472 308 501 308 501 307 502 307 518 299 585 304 586 304 625 299 661 307 663 307 664 307 687 299 718 307 719 307 720 308 746 308 746 307 747 307 748 307 756 300 778 307 779 307 780 308 869 308 870 290 870 257 846 249 845 249 844 249 843 249 819 257 813 257 739 257 738 256 715 248 714 248 677 248 676 248 675 248 655 256 654 257 567 257 565 256 554 248 553 248 552 248 551 248 550 248 522 255 518 257 375 257 373 255 363 248 362 248 361 248 277 248 276 248 275 248 251 254 242 257 215 257 211 254 199 248 198 248 197 248 45 253 45 289"/></Shape>
	    <String CONTENT="poſſeſſio, indubitato expectemus. Idq ut glo"
                    HPOS="45.0"
                    VPOS="248.0"
                    WIDTH="825.0"
                    HEIGHT="60.0"></String>
          </TextLine>
          <TextLine ID="line_4"
                    TAGREFS="LT8"
                    BASELINE="44 337 676 335" 
                    HPOS="43.0"
                    VPOS="295.0"
                    WIDTH="633.0"
                    HEIGHT="53.0">
            <Shape><Polygon POINTS="44 337 44 348 675 348 676 335 674 306 508 295 507 295 506 295 505 295 493 306 447 306 425 295 424 295 381 295 380 295 379 295 350 305 338 297 337 297 336 297 280 297 279 297 278 297 277 297 263 306 222 301 221 301 185 306 129 297 128 297 127 297 107 306 64 301 63 301 62 301 43 307 44 337"/></Shape>
	    <String CONTENT="ria eius in nobis celebris reddatur."
                    HPOS="43.0"
                    VPOS="295.0"
                    WIDTH="633.0"
                    HEIGHT="53.0"
                    WC="0.9976802004708184"></String>
          </TextLine>
        </TextBlock>
        <TextBlock HPOS="238.0"
                   VPOS="126.0"
                   WIDTH="396.0"
                   HEIGHT="59.0"
                   ID="block_5"
                   TAGREFS="BT18">
          <Shape><Polygon POINTS="634 126 634 185 238 185 238 126"/></Shape>
          <TextLine ID="line_0"
                    TAGREFS="LT10"
                    BASELINE="247 168 633 169" 
                    HPOS="246.0"
                    VPOS="126.0"
                    WIDTH="387.0"
                    HEIGHT="60.0">
            <Shape><Polygon POINTS="600 131 597 131 591 136 590 138 556 138 553 135 548 131 537 131 529 131 519 134 512 136 508 134 504 131 496 131 485 131 484 131 478 133 464 137 459 132 457 131 454 131 444 131 440 131 438 132 434 133 421 131 412 131 402 131 391 131 385 131 380 135 370 131 360 131 352 131 330 137 323 131 319 131 308 131 298 131 288 131 278 136 272 131 266 131 256 131 255 126 247 126 247 168 246 183 316 185 317 185 319 185 320 185 321 184 329 177 355 183 356 183 357 183 358 183 380 177 388 184 388 185 389 185 390 185 391 186 433 186 433 185 434 185 437 184 467 177 496 185 497 185 498 185 499 185 500 185 501 185 510 177 540 184 541 184 542 184 543 184 571 177 590 185 591 185 592 186 632 186 633 169 633 138 614 131 610 131"/></Shape>
	    <String CONTENT="EPISTOLA."
                    HPOS="246.0"
                    VPOS="126.0"
                    WIDTH="387.0"
                    HEIGHT="60.0"
                    WC="0.999901619222429"></String>
          </TextLine>
        </TextBlock>
        <TextBlock HPOS="45.0"
                   VPOS="351.0"
                   WIDTH="836.0"
                   HEIGHT="580.0"
                   ID="block_0"
                   TAGREFS="BT2634">
          <Shape><Polygon POINTS="881 351 881 931 45 931 45 351"/></Shape>
          <TextLine ID="line_5"
                    TAGREFS="LT8"
                    BASELINE="88 384 872 386" 
                    HPOS="88.0"
                    VPOS="365.0"
                    WIDTH="784.0"
                    HEIGHT="39.0">
            <Shape><Polygon POINTS="869 365 859 365 848 365 838 365 827 365 817 365 806 365 796 365 786 365 775 365 765 365 754 365 744 365 733 365 723 365 713 365 712 365 708 367 704 365 702 365 692 365 681 365 675 365 656 371 559 371 549 365 546 365 535 365 525 365 521 365 517 366 515 365 504 365 494 365 483 365 473 365 462 365 452 365 442 365 431 365 421 365 410 365 402 365 397 368 381 365 379 365 369 365 358 365 352 365 348 368 332 365 327 365 316 365 306 365 304 365 303 366 299 369 271 369 265 366 263 365 254 365 243 365 233 365 223 365 212 365 211 365 210 366 207 368 88 368 88 384 88 396 138 396 140 397 148 402 149 402 150 402 151 403 175 403 175 402 176 402 177 402 183 397 184 396 187 397 217 402 218 403 295 403 295 402 296 402 297 402 303 397 305 396 364 396 368 397 383 402 384 402 385 402 386 402 387 402 393 397 394 396 396 397 409 402 410 402 411 402 460 397 472 396 477 397 497 402 498 402 499 402 524 397 526 397 530 397 582 402 583 402 584 402 604 397 605 397 606 397 621 403 622 403 623 403 624 403 640 397 657 397 687 397 688 397 701 403 702 403 703 404 849 404 849 403 850 403 871 397 872 386 872 365 869 365"/></Shape>
	    <String CONTENT="Ea propter cũ &amp; ego audiuiſſem, qua uos"
                    HPOS="88.0"
                    VPOS="365.0"
                    WIDTH="784.0"
                    HEIGHT="39.0"></String>
          </TextLine>
          <TextLine ID="line_6"
                    TAGREFS="LT8"
                    BASELINE="47 432 873 437" 
                    HPOS="46.0"
                    VPOS="390.0"
                    WIDTH="827.0"
                    HEIGHT="61.0">
            <Shape><Polygon POINTS="46 440 90 448 91 448 134 442 283 449 284 449 474 445 477 445 478 445 544 451 545 451 872 447 873 437 872 406 743 406 739 403 730 397 729 397 728 397 727 397 710 400 697 395 696 395 653 395 652 395 651 395 639 401 632 404 503 404 497 399 491 393 489 393 488 393 487 393 449 398 399 403 379 403 372 397 369 393 369 392 368 392 366 392 321 392 320 392 319 392 317 392 314 395 305 403 266 403 254 395 253 395 252 395 251 395 250 395 230 402 216 393 214 391 213 391 212 391 211 391 201 392 158 401 117 391 115 391 114 391 113 391 79 399 48 390 47 432 46 440"/></Shape>
	    <String CONTENT="in Dominum Ieſum fide, quaq; dilectione in"
                    HPOS="46.0"
                    VPOS="390.0"
                    WIDTH="827.0"
                    HEIGHT="61.0"
                    WC="0.978728867712475"></String>
          </TextLine>
          <TextLine ID="line_7"
                    TAGREFS="LT8"
                    BASELINE="45 481 874 485" 
                    HPOS="44.0"
                    VPOS="441.0"
                    WIDTH="830.0"
                    HEIGHT="61.0">
            <Shape><Polygon POINTS="45 481 44 491 64 499 65 499 66 499 67 499 86 494 142 499 143 499 144 499 145 499 153 492 175 498 176 498 177 498 237 494 251 492 270 494 345 500 346 500 374 495 383 494 387 496 398 500 399 500 467 501 468 501 469 501 470 501 476 497 479 495 482 497 493 501 494 501 495 501 496 501 507 497 511 496 533 497 585 501 586 501 615 498 647 495 666 499 672 500 673 500 674 500 678 499 693 496 728 500 751 502 752 502 873 501 874 485 873 453 750 453 749 452 733 445 732 445 731 445 698 452 696 452 687 445 685 445 684 445 683 445 655 451 636 446 635 446 634 446 555 451 551 451 535 443 534 443 533 443 532 443 516 450 481 443 480 443 445 450 429 442 428 442 427 442 426 442 401 449 390 442 389 442 388 442 351 442 350 442 349 442 325 450 324 450 322 450 266 442 265 442 264 442 263 442 252 450 177 450 152 450 151 449 139 441 138 441 137 441 136 441 135 441 109 449 108 449 107 449 60 441 59 441 58 441 45 448 45 481"/></Shape>
	    <String CONTENT="ſanctos omnes eſtis pręditi, non deſino gra¬"
                    HPOS="44.0"
                    VPOS="441.0"
                    WIDTH="830.0"
                    HEIGHT="61.0"
                    WC="0.9963930514123704"></String>
          </TextLine>
          <TextLine ID="line_8"
                    TAGREFS="LT8"
                    BASELINE="46 529 875 533" 
                    HPOS="45.0"
                    VPOS="490.0"
                    WIDTH="830.0"
                    HEIGHT="61.0">
            <Shape><Polygon POINTS="46 529 45 537 111 547 112 548 145 548 145 547 146 547 148 547 159 539 309 539 325 548 326 548 327 549 357 549 357 548 358 548 359 548 369 540 380 547 381 547 424 548 425 548 426 548 446 541 470 548 471 548 472 548 502 541 524 547 525 547 526 547 658 541 705 550 706 550 707 550 727 545 736 550 737 550 738 550 739 551 825 551 825 550 874 541 875 533 875 503 845 494 844 494 843 494 842 494 841 494 826 503 825 504 739 504 736 502 716 494 715 494 714 494 680 498 668 492 667 492 666 492 618 500 557 492 556 492 555 492 554 492 545 500 542 502 509 502 383 500 381 498 374 491 373 491 372 491 371 491 336 497 316 500 307 497 295 491 293 491 249 490 248 490 224 496 202 500 184 495 176 492 175 492 174 492 173 492 167 495 161 498 153 495 149 492 148 492 146 492 46 492 46 529"/></Shape>
	    <String CONTENT="tias pro uobis agere, memor ueſtri in preci¬"
                    HPOS="45.0"
                    VPOS="490.0"
                    WIDTH="830.0"
                    HEIGHT="61.0"
                    WC="0.9940893866799094"></String>
          </TextLine>
          <TextLine ID="line_9"
                    TAGREFS="LT8"
                    BASELINE="48 578 876 582" 
                    HPOS="48.0"
                    VPOS="536.0"
                    WIDTH="828.0"
                    HEIGHT="55.0">
            <Shape><Polygon POINTS="48 578 48 591 875 590 876 582 876 550 851 542 850 542 849 542 848 542 830 549 818 540 817 540 816 540 815 540 761 549 749 550 746 548 734 540 733 540 732 540 731 540 730 540 710 547 669 539 668 539 667 539 652 545 624 539 623 539 622 539 621 539 612 546 610 548 583 549 573 545 557 539 556 539 510 539 509 539 508 539 493 544 474 549 442 549 431 542 425 538 424 538 423 538 402 538 401 538 400 538 399 538 395 541 386 548 372 541 371 541 370 541 369 541 366 541 338 548 328 540 325 538 324 538 323 538 322 538 309 540 273 548 101 548 89 538 88 538 87 538 48 536 48 578"/></Shape>
	    <String CONTENT="bus meis, ut Deus Domini noftri Ieſu Chri¬"
                    HPOS="48.0"
                    VPOS="536.0"
                    WIDTH="828.0"
                    HEIGHT="55.0"
                    WC="0.9881292212577093"></String>
          </TextLine>
          <TextLine ID="line_10"
                    TAGREFS="LT8"
                    BASELINE="46 626 878 632" 
                    HPOS="46.0"
                    VPOS="584.0"
                    WIDTH="832.0"
                    HEIGHT="66.0">
            <Shape><Polygon POINTS="46 626 46 637 78 637 79 637 89 645 90 645 91 645 92 645 165 637 172 637 178 637 221 644 222 644 257 640 263 646 264 646 265 646 266 646 311 638 314 638 317 638 363 647 364 647 433 639 434 639 435 639 445 647 446 647 447 647 448 647 474 643 495 648 496 648 497 649 529 649 529 648 530 648 531 648 542 640 573 647 574 647 575 647 576 647 584 640 602 647 603 647 604 647 721 642 739 650 740 650 741 650 877 642 878 632 877 591 743 599 728 591 723 588 722 588 721 588 705 591 693 594 674 591 651 588 650 588 649 588 643 591 630 599 603 599 592 591 591 590 590 590 589 590 587 590 586 590 583 591 569 597 560 591 559 591 558 591 557 591 554 591 518 597 505 591 495 587 494 587 493 587 492 587 482 591 470 597 430 591 388 586 387 586 386 586 385 586 378 591 375 595 326 596 316 591 302 585 301 585 300 585 299 585 284 591 278 596 251 596 244 591 230 585 229 585 228 585 227 585 205 591 198 595 146 595 142 593 135 587 134 587 133 587 132 587 131 587 121 593 120 593 116 593 75 584 74 584 72 584 46 591 46 626"/></Shape>
	    <String CONTENT="ſti, pater ille glorioſus, aſpiret uobis ſapientiã"
                    HPOS="46.0"
                    VPOS="584.0"
                    WIDTH="832.0"
                    HEIGHT="66.0"
                    WC="0.9979210262205086"></String>
          </TextLine>
          <TextLine ID="line_11"
                    TAGREFS="LT8"
                    BASELINE="47 675 876 679" 
                    HPOS="46.0"
                    VPOS="636.0"
                    WIDTH="830.0"
                    HEIGHT="60.0">
            <Shape><Polygon POINTS="47 675 46 685 71 690 72 690 74 690 75 690 81 685 83 685 168 685 170 686 180 692 181 692 182 692 183 692 184 692 203 686 216 693 217 693 218 693 246 686 251 685 260 686 314 694 315 694 358 686 361 686 362 686 380 694 381 694 382 694 521 687 536 695 537 695 538 695 634 687 636 687 639 687 687 696 688 696 823 689 851 695 852 695 853 695 875 687 876 679 876 649 849 639 848 639 847 639 846 639 824 648 823 649 793 649 791 648 769 639 768 639 767 639 766 639 741 646 730 639 729 639 728 639 674 639 673 639 672 639 658 646 647 638 646 638 645 638 619 638 618 638 617 638 600 646 596 647 591 646 578 642 577 642 576 642 575 642 574 642 569 645 565 648 492 648 485 644 475 638 474 638 473 638 472 638 452 644 444 646 440 644 433 637 432 637 431 637 430 637 403 643 388 647 332 647 326 643 320 637 319 637 317 637 316 637 315 637 303 642 291 646 262 642 254 640 253 640 243 642 213 645 208 640 203 636 202 636 201 636 200 636 180 640 160 645 47 639 47 675"/></Shape>
	    <String CONTENT="&amp; reuelationẽ, ut ipſum cognoſcatis, illumi¬"
                    HPOS="46.0"
                    VPOS="636.0"
                    WIDTH="830.0"
                    HEIGHT="60.0"
                    WC="0.9949805829260084"></String>
          </TextLine>
          <TextLine ID="line_12"
                    TAGREFS="LT8"
                    BASELINE="46 724 878 729" 
                    HPOS="45.0"
                    VPOS="684.0"
                    WIDTH="833.0"
                    HEIGHT="63.0">
            <Shape><Polygon POINTS="46 724 45 733 155 742 156 742 297 737 348 736 366 738 404 744 405 744 474 741 530 737 556 742 572 744 573 744 611 743 699 738 707 744 709 746 710 746 712 746 713 747 877 747 878 729 876 697 838 698 835 696 818 687 817 687 816 687 764 696 749 698 676 698 670 696 638 686 636 686 635 686 549 693 537 685 536 685 535 685 478 685 477 685 476 685 475 685 461 695 460 696 458 695 435 685 434 685 433 685 391 695 385 696 384 695 375 687 374 687 373 687 372 687 315 695 310 695 309 695 296 684 295 684 293 684 292 684 258 689 239 684 238 684 237 684 236 684 235 684 222 694 221 695 212 694 168 688 167 688 166 688 154 694 153 695 72 695 71 694 65 688 64 688 63 688 62 688 61 688 46 693 46 724"/></Shape>
	    <String CONTENT="natisq oculis mentis ueſtræ ſciatis, quid ex"
                    HPOS="45.0"
                    VPOS="684.0"
                    WIDTH="833.0"
                    HEIGHT="63.0"></String>
          </TextLine>
          <TextLine ID="line_13"
                    TAGREFS="LT8"
                    BASELINE="48 774 582 774 876 780" 
                    HPOS="47.0"
                    VPOS="734.0"
                    WIDTH="829.0"
                    HEIGHT="60.0">
            <Shape><Polygon POINTS="48 774 47 782 116 788 117 788 223 785 251 784 253 785 258 790 259 790 260 790 261 790 292 785 307 784 311 786 323 792 324 792 325 792 326 792 346 786 355 784 366 786 381 790 382 790 399 787 413 785 431 787 468 793 469 794 501 794 501 793 502 793 503 793 508 788 512 785 531 788 543 791 544 791 571 790 640 785 667 791 684 794 685 794 687 794 688 794 691 791 696 787 733 792 758 794 759 794 761 794 765 792 777 786 791 792 795 794 796 794 797 794 875 793 876 780 874 739 822 745 814 739 813 738 812 738 811 738 810 738 808 738 806 739 799 743 779 739 767 737 766 737 765 737 756 739 737 745 717 739 708 737 707 737 706 737 705 737 704 737 702 739 694 745 649 745 643 739 639 736 638 736 636 736 635 736 589 741 543 744 536 741 530 737 529 737 528 737 527 737 517 741 504 744 493 741 479 736 478 736 477 736 476 736 464 741 455 744 444 741 424 735 423 735 422 735 375 741 358 743 354 741 342 735 341 735 302 735 301 735 300 735 279 742 273 743 266 742 239 734 238 734 237 734 236 734 217 742 216 743 48 743 48 774"/></Shape>
	    <String CONTENT="uocatione ueſtra uobis ſperandum ſit, &amp; quę"
                    HPOS="47.0"
                    VPOS="734.0"
                    WIDTH="829.0"
                    HEIGHT="60.0"
                    WC="0.9996481334621256"></String>
          </TextLine>
          <TextLine ID="line_14"
                    TAGREFS="LT8"
                    BASELINE="47 822 878 826" 
                    HPOS="46.0"
                    VPOS="783.0"
                    WIDTH="832.0"
                    HEIGHT="59.0">
            <Shape><Polygon POINTS="47 822 46 831 79 838 80 838 223 833 256 840 257 841 374 841 374 840 375 840 390 834 425 840 426 840 456 834 541 841 542 841 601 835 608 841 609 841 610 841 611 841 641 836 838 842 839 842 877 835 878 826 877 795 748 795 747 794 739 786 738 786 737 786 736 786 603 793 591 793 590 793 579 785 578 785 577 785 576 785 575 785 565 791 506 785 505 785 504 785 503 785 496 792 494 794 469 794 460 792 421 784 357 784 356 784 355 784 338 791 335 792 330 791 299 784 298 784 297 784 280 791 276 792 272 791 250 783 249 783 248 783 209 790 205 791 200 790 164 783 131 783 130 783 129 783 117 790 114 791 47 790 47 822"/></Shape>
	    <String CONTENT="opulẽtia ſit gloriæ hæreditatis, quã donauit"
                    HPOS="46.0"
                    VPOS="783.0"
                    WIDTH="832.0"
                    HEIGHT="59.0"
                    WC="0.9902753233909607"></String>
          </TextLine>
          <TextLine ID="line_15"
                    TAGREFS="LT8"
                    BASELINE="48 871 878 876" 
                    HPOS="47.0"
                    VPOS="830.0"
                    WIDTH="831.0"
                    HEIGHT="64.0">
            <Shape><Polygon POINTS="48 871 47 881 57 886 58 886 59 886 141 882 153 890 154 890 155 890 156 891 195 891 195 890 197 890 198 890 206 882 216 891 217 891 218 891 219 891 221 891 249 883 268 891 270 891 271 891 317 883 319 883 321 883 358 890 359 890 360 890 373 885 379 892 380 892 381 892 382 893 469 893 469 892 470 892 493 885 496 884 510 885 606 893 607 893 608 893 609 893 618 886 620 885 629 886 664 891 665 891 682 887 690 885 693 887 699 892 700 892 701 892 702 892 739 887 743 887 752 894 753 894 754 894 755 894 877 889 878 876 877 838 861 835 860 835 859 835 851 837 839 843 824 837 818 835 817 835 816 835 815 835 814 835 812 837 802 845 719 845 610 836 609 836 608 836 598 842 587 835 586 834 585 834 584 834 558 834 557 834 556 834 555 834 546 841 530 836 529 836 528 836 468 842 459 836 458 836 457 836 456 836 429 842 378 833 371 832 370 832 363 833 322 840 302 832 301 832 300 832 299 832 298 832 297 832 285 842 257 842 233 832 232 832 231 832 230 832 214 841 182 841 167 831 166 831 165 831 148 831 131 831 130 831 129 831 112 838 48 830 48 871"/></Shape>
	    <String CONTENT="ſanctis, quę denique præcellens uirtutis eius"
                    HPOS="47.0"
                    VPOS="830.0"
                    WIDTH="831.0"
                    HEIGHT="64.0"
                    WC="0.9982502901035807"></String>
          </TextLine>
          <TextLine ID="line_16"
                    TAGREFS="LT8"
                    BASELINE="51 920 600 919" 
                    HPOS="50.0"
                    VPOS="882.0"
                    WIDTH="550.0"
                    HEIGHT="53.0">
            <Shape><Polygon POINTS="51 920 51 929 76 935 77 935 78 935 79 935 85 930 575 935 576 935 577 935 600 928 600 919 598 891 562 891 562 890 555 883 555 882 554 882 553 882 552 882 551 882 526 890 525 890 524 890 486 882 485 882 484 882 469 890 468 890 464 890 425 883 424 883 383 889 376 890 374 889 360 882 359 882 358 882 357 882 356 882 356 883 349 889 348 890 289 889 279 889 272 882 271 882 270 882 268 882 209 887 199 889 191 887 159 882 158 882 157 882 142 887 136 890 119 887 84 882 83 882 50 886 51 920"/></Shape>
	    <String CONTENT="in nos credentes magnitudo."
                    HPOS="50.0"
                    VPOS="882.0"
                    WIDTH="550.0"
                    HEIGHT="53.0"
                    WC="0.9996083356716015"></String>
          </TextLine>
        </TextBlock>
        <TextBlock HPOS="811.0"
                   VPOS="125.0"
                   WIDTH="95.0"
                   HEIGHT="66.0"
                   ID="eSc_textblock_23c401fc"
                   TAGREFS="BT15">
          <Shape><Polygon POINTS="811 125 811 191 906 191 906 125"/></Shape>
          <TextLine ID="eSc_line_239ee643"
                    TAGREFS="LT8"
                    BASELINE="821 178 886 178" 
                    HPOS="819.0"
                    VPOS="131.0"
                    WIDTH="66.0"
                    HEIGHT="55.0">
            <Shape><Polygon POINTS="819 184 883 186 885 176 883 145 868 145 866 143 854 132 854 131 852 131 851 131 849 131 847 131 819 140 819 176"/></Shape>
	    <String CONTENT="10"
                    HPOS="819.0"
                    VPOS="131.0"
                    WIDTH="66.0"
                    HEIGHT="55.0"></String>
          </TextLine>
        </TextBlock>
        <TextBlock HPOS="56.0"
                   VPOS="933.0"
                   WIDTH="833.0"
                   HEIGHT="593.0"
                   ID="block_1"
                   TAGREFS="BT2634">
          <Shape><Polygon POINTS="889 933 889 1526 56 1526 56 933"/></Shape>
          <TextLine ID="line_17"
                    TAGREFS="LT8"
                    BASELINE="95 968 883 974" 
                    HPOS="95.0"
                    VPOS="926.0"
                    WIDTH="788.0"
                    HEIGHT="63.0">
            <Shape><Polygon POINTS="95 968 95 981 331 979 381 982 434 985 435 985 458 982 474 980 479 982 488 986 489 986 491 986 524 982 536 981 555 982 621 988 622 988 674 982 681 982 689 982 751 989 752 989 881 982 883 974 883 935 848 930 847 930 846 930 830 934 816 939 788 934 754 929 753 929 752 929 737 933 734 934 732 933 723 929 722 929 721 929 720 929 719 929 713 933 705 939 647 939 640 933 634 929 633 929 632 929 631 929 601 932 569 936 558 932 548 928 547 928 513 928 512 928 511 928 510 928 505 932 498 936 482 931 467 927 466 927 464 927 463 927 449 931 435 935 415 931 396 927 395 927 394 927 385 931 376 935 359 931 342 926 341 926 340 926 319 930 298 934 95 929 95 968"/></Shape>
	    <String CONTENT="Quæ in nobis declarabitur, iuxta efficaci¬"
                    HPOS="95.0"
                    VPOS="926.0"
                    WIDTH="788.0"
                    HEIGHT="63.0"
                    WC="0.9845700689724514"></String>
          </TextLine>
          <TextLine ID="line_18"
                    TAGREFS="LT8"
                    BASELINE="54 1016 884 1024" 
                    HPOS="53.0"
                    VPOS="976.0"
                    WIDTH="831.0"
                    HEIGHT="61.0">
            <Shape><Polygon POINTS="881 1037 884 1024 884 992 799 992 794 990 762 982 761 982 714 989 704 990 699 989 676 981 675 981 674 981 616 988 599 989 593 986 576 981 575 981 574 981 505 985 468 988 386 988 378 983 364 978 363 978 362 978 326 979 325 979 324 979 319 982 314 985 310 982 304 978 303 978 302 978 301 978 300 978 283 982 271 985 258 982 250 979 249 979 248 979 213 981 176 983 168 980 157 976 156 976 155 976 114 979 74 983 55 979 54 1016 53 1026"/></Shape>
	    <String CONTENT="am fortis roboris eius, quam efficaciam in"
                    HPOS="53.0"
                    VPOS="976.0"
                    WIDTH="831.0"
                    HEIGHT="61.0"
                    WC="0.9997663214093163"></String>
          </TextLine>
          <TextLine ID="line_19"
                    TAGREFS="LT8"
                    BASELINE="56 1063 883 1070" 
                    HPOS="55.0"
                    VPOS="1025.0"
                    WIDTH="828.0"
                    HEIGHT="59.0">
            <Shape><Polygon POINTS="56 1063 55 1074 880 1084 883 1070 880 1034 797 1040 789 1033 787 1031 786 1031 785 1031 783 1031 782 1031 778 1033 766 1040 700 1040 683 1033 673 1030 672 1030 671 1030 650 1033 635 1035 623 1033 603 1029 602 1029 601 1029 594 1033 585 1038 573 1033 570 1032 569 1032 568 1032 567 1032 566 1032 565 1033 558 1038 546 1033 535 1029 534 1029 533 1029 532 1029 531 1029 526 1033 520 1038 413 1038 368 1037 363 1032 356 1027 355 1027 354 1027 353 1027 322 1032 315 1033 309 1032 281 1026 280 1026 279 1026 278 1026 270 1032 266 1034 263 1032 255 1028 254 1028 253 1028 222 1032 204 1034 197 1032 175 1025 174 1025 144 1025 143 1025 142 1025 128 1032 126 1033 123 1032 110 1025 109 1025 108 1025 56 1031 56 1063"/></Shape>
	    <String CONTENT="Chriſto exhibuit, cum excitauit illum à mor¬"
                    HPOS="55.0"
                    VPOS="1025.0"
                    WIDTH="828.0"
                    HEIGHT="59.0"
                    WC="0.9991279337141249"></String>
          </TextLine>
          <TextLine ID="line_20"
                    TAGREFS="LT8"
                    BASELINE="55 1113 883 1120" 
                    HPOS="54.0"
                    VPOS="1073.0"
                    WIDTH="829.0"
                    HEIGHT="60.0">
            <Shape><Polygon POINTS="55 1113 54 1122 87 1128 88 1128 526 1127 540 1132 541 1132 542 1132 575 1128 646 1133 647 1133 881 1129 883 1120 881 1089 828 1079 827 1079 826 1079 825 1079 812 1088 811 1089 766 1089 764 1088 744 1078 743 1078 742 1078 741 1078 740 1078 727 1087 726 1088 647 1088 645 1087 621 1077 620 1077 619 1077 540 1084 467 1076 466 1076 354 1083 349 1083 346 1083 279 1074 233 1074 232 1074 231 1074 204 1082 203 1082 192 1074 191 1074 190 1074 166 1073 165 1073 164 1073 138 1081 117 1073 116 1073 115 1073 55 1080 55 1113"/></Shape>
	    <String CONTENT="tuis, &amp; ad dexteram ſuam collocauit in cæle¬"
                    HPOS="54.0"
                    VPOS="1073.0"
                    WIDTH="829.0"
                    HEIGHT="60.0"
                    WC="0.9973380308259617"></String>
          </TextLine>
          <TextLine ID="line_21"
                    TAGREFS="LT8"
                    BASELINE="54 1161 881 1170" 
                    HPOS="53.0"
                    VPOS="1122.0"
                    WIDTH="828.0"
                    HEIGHT="66.0">
            <Shape><Polygon POINTS="54 1161 53 1171 76 1179 77 1179 78 1179 139 1174 148 1179 149 1179 150 1179 237 1181 238 1181 299 1175 375 1175 383 1182 384 1182 385 1182 386 1182 387 1182 388 1182 398 1176 426 1182 427 1182 505 1177 509 1177 511 1177 550 1185 551 1185 597 1178 601 1178 609 1178 682 1183 683 1183 684 1183 692 1179 693 1179 695 1179 728 1187 729 1187 764 1180 767 1180 771 1180 824 1188 825 1188 880 1181 881 1170 879 1130 791 1138 712 1129 697 1128 696 1128 695 1128 692 1129 678 1136 655 1129 654 1129 653 1129 652 1129 651 1129 650 1129 640 1137 606 1137 573 1136 565 1129 562 1127 561 1127 560 1127 559 1127 549 1129 523 1134 517 1129 513 1127 513 1126 512 1126 511 1126 483 1126 482 1126 481 1126 480 1126 477 1129 471 1133 404 1133 399 1128 396 1126 395 1126 394 1126 393 1126 391 1126 384 1128 375 1131 352 1128 332 1126 331 1126 291 1128 239 1131 230 1128 216 1123 215 1123 187 1123 186 1123 185 1123 184 1123 178 1128 174 1130 125 1130 120 1128 109 1122 108 1122 107 1122 54 1127 54 1161"/></Shape>
	    <String CONTENT="ſtibus, ſuper omnem principatum &amp; poteſta"
                    HPOS="53.0"
                    VPOS="1122.0"
                    WIDTH="828.0"
                    HEIGHT="66.0"
                    WC="0.9874454853011341"></String>
          </TextLine>
          <TextLine ID="line_22"
                    TAGREFS="LT8"
                    BASELINE="56 1210 883 1219" 
                    HPOS="55.0"
                    VPOS="1173.0"
                    WIDTH="828.0"
                    HEIGHT="59.0">
            <Shape><Polygon POINTS="56 1210 55 1220 91 1226 92 1226 221 1223 234 1223 237 1223 260 1228 261 1228 320 1224 330 1224 334 1225 351 1229 352 1229 353 1229 399 1225 409 1225 414 1226 434 1230 880 1232 883 1219 880 1180 805 1187 781 1179 779 1179 778 1179 777 1179 769 1179 701 1186 691 1180 690 1180 689 1180 609 1185 559 1179 541 1177 540 1177 510 1179 456 1182 447 1178 440 1176 439 1176 438 1176 437 1176 436 1176 432 1178 427 1182 423 1178 420 1176 420 1175 419 1175 418 1175 417 1175 380 1178 350 1181 320 1178 296 1176 295 1176 237 1178 202 1179 200 1178 193 1173 192 1173 191 1173 190 1173 56 1177 56 1210"/></Shape>
	    <String CONTENT="tem, &amp; uirtutem, &amp; dominationem, &amp; quic"
                    HPOS="55.0"
                    VPOS="1173.0"
                    WIDTH="828.0"
                    HEIGHT="59.0"
                    WC="0.9993715515503516"></String>
          </TextLine>
          <TextLine ID="line_23"
                    TAGREFS="LT8"
                    BASELINE="60 1259 887 1267" 
                    HPOS="59.0"
                    VPOS="1220.0"
                    WIDTH="828.0"
                    HEIGHT="64.0">
            <Shape><Polygon POINTS="60 1259 59 1269 75 1276 76 1276 77 1276 145 1271 162 1277 163 1277 164 1277 319 1273 339 1278 340 1278 341 1278 342 1278 356 1273 413 1279 414 1279 460 1275 474 1280 475 1280 476 1280 508 1275 531 1275 574 1275 575 1275 582 1281 583 1281 584 1281 585 1281 664 1276 671 1276 738 1277 770 1277 781 1284 782 1284 783 1284 886 1278 887 1267 886 1228 852 1235 835 1228 832 1227 831 1227 830 1227 824 1228 793 1232 780 1227 776 1226 775 1226 774 1226 764 1227 733 1233 710 1227 704 1226 703 1226 702 1226 701 1226 697 1227 681 1233 569 1227 503 1224 502 1224 501 1224 489 1227 474 1231 446 1227 418 1223 417 1223 391 1227 371 1230 283 1228 282 1227 267 1221 266 1221 265 1221 240 1227 233 1228 225 1227 191 1221 190 1221 164 1226 157 1220 156 1220 155 1220 154 1220 60 1226 60 1259"/></Shape>
	    <String CONTENT="quid omnino eximium ſiue in præſenti, ſiue"
                    HPOS="59.0"
                    VPOS="1220.0"
                    WIDTH="828.0"
                    HEIGHT="64.0"
                    WC="0.9959116918700082"></String>
          </TextLine>
          <TextLine ID="line_24"
                    TAGREFS="LT8"
                    BASELINE="59 1309 884 1313" 
                    HPOS="58.0"
                    VPOS="1270.0"
                    WIDTH="826.0"
                    HEIGHT="60.0">
            <Shape><Polygon POINTS="59 1309 58 1318 75 1326 76 1326 77 1326 78 1326 102 1320 180 1320 265 1327 266 1327 445 1321 488 1328 489 1329 575 1329 575 1328 576 1328 577 1328 585 1323 596 1328 597 1328 598 1328 669 1324 694 1329 695 1330 859 1330 859 1329 860 1329 883 1322 884 1313 883 1285 806 1278 805 1278 804 1278 790 1282 787 1284 785 1282 771 1273 770 1273 769 1273 768 1273 767 1273 750 1281 748 1282 747 1281 727 1273 726 1273 725 1273 670 1277 656 1272 655 1272 654 1272 653 1272 652 1272 642 1280 638 1284 605 1284 516 1281 506 1278 486 1272 485 1272 484 1272 483 1272 472 1277 464 1271 463 1271 462 1271 461 1271 460 1271 447 1277 438 1281 394 1281 375 1276 360 1271 359 1271 358 1271 357 1271 346 1275 328 1281 301 1274 287 1271 286 1271 285 1271 284 1271 272 1274 246 1280 185 1279 168 1272 162 1270 161 1270 160 1270 142 1272 101 1277 59 1271 59 1309"/></Shape>
	    <String CONTENT="in futuro ſæculo celebratur, ſubiecitq́ o¬"
                    HPOS="58.0"
                    VPOS="1270.0"
                    WIDTH="826.0"
                    HEIGHT="60.0"></String>
          </TextLine>
          <TextLine ID="line_25"
                    TAGREFS="LT8"
                    BASELINE="59 1356 886 1364" 
                    HPOS="58.0"
                    VPOS="1320.0"
                    WIDTH="828.0"
                    HEIGHT="61.0">
            <Shape><Polygon POINTS="59 1324 59 1356 58 1367 74 1375 75 1375 76 1375 77 1375 90 1369 161 1369 176 1376 177 1376 178 1376 179 1376 203 1370 226 1376 227 1376 228 1376 229 1376 230 1376 241 1370 281 1370 306 1377 307 1377 308 1377 309 1377 336 1371 413 1378 414 1378 515 1372 550 1372 558 1379 559 1379 560 1379 561 1379 602 1373 862 1381 863 1381 864 1381 885 1374 886 1364 886 1334 854 1325 853 1325 852 1325 785 1333 783 1333 781 1333 736 1327 734 1327 703 1331 702 1331 685 1324 684 1324 683 1324 635 1329 621 1323 620 1323 619 1323 589 1330 586 1330 583 1330 564 1324 562 1324 561 1324 510 1329 503 1329 501 1328 493 1322 492 1322 491 1322 489 1322 459 1328 457 1328 455 1328 437 1322 436 1322 435 1322 434 1322 433 1322 427 1327 424 1329 388 1329 386 1327 378 1321 377 1321 376 1321 350 1321 349 1321 348 1321 347 1321 340 1326 337 1329 297 1329 287 1326 268 1320 267 1320 233 1320 232 1320 231 1320 230 1320 223 1325 218 1327 59 1323 59 1324"/></Shape>
	    <String CONTENT="mnia pedibus eius, ipſum dedit caput Ec¬"
                    HPOS="58.0"
                    VPOS="1320.0"
                    WIDTH="828.0"
                    HEIGHT="61.0"
                    WC="0.9787807639052228"></String>
          </TextLine>
          <TextLine ID="line_26"
                    TAGREFS="LT8"
                    BASELINE="60 1404 885 1413" 
                    HPOS="59.0"
                    VPOS="1367.0"
                    WIDTH="826.0"
                    HEIGHT="63.0">
            <Shape><Polygon POINTS="59 1415 77 1423 78 1423 79 1423 179 1418 270 1425 271 1425 317 1420 326 1425 327 1425 328 1425 329 1425 357 1420 366 1419 378 1421 408 1426 409 1426 509 1423 575 1421 593 1424 611 1428 612 1428 633 1425 653 1422 659 1425 661 1427 663 1427 664 1427 665 1427 673 1426 689 1423 713 1426 732 1429 733 1430 848 1430 848 1429 849 1429 850 1429 866 1424 881 1429 885 1413 885 1383 870 1374 869 1374 796 1374 795 1374 794 1374 793 1374 783 1380 780 1383 733 1381 732 1379 724 1373 723 1373 722 1373 721 1373 681 1379 670 1380 656 1378 629 1374 628 1374 601 1377 577 1380 568 1377 552 1371 551 1371 550 1371 506 1376 472 1379 404 1379 397 1374 391 1370 390 1370 389 1370 388 1370 354 1373 319 1376 312 1372 307 1369 306 1369 305 1369 304 1369 303 1369 291 1372 273 1377 228 1372 227 1372 207 1376 199 1370 197 1368 195 1368 194 1368 193 1368 192 1368 185 1370 167 1376 152 1370 145 1367 144 1367 81 1367 80 1367 79 1367 76 1368 69 1372 61 1368 60 1404 59 1415"/></Shape>
	    <String CONTENT="cleſiæ ſuper omnia, quæ eſt corpus eius, &amp; in"
                    HPOS="59.0"
                    VPOS="1367.0"
                    WIDTH="826.0"
                    HEIGHT="63.0"
                    WC="0.9990329106648763"></String>
          </TextLine>
          <TextLine ID="line_27"
                    TAGREFS="LT8"
                    BASELINE="60 1452 886 1462" 
                    HPOS="59.0"
                    VPOS="1417.0"
                    WIDTH="827.0"
                    HEIGHT="62.0">
            <Shape><Polygon POINTS="60 1452 59 1466 65 1471 66 1471 67 1471 68 1471 150 1466 163 1472 164 1472 165 1472 271 1468 273 1468 274 1468 308 1473 309 1473 310 1473 325 1469 327 1468 329 1469 337 1474 338 1474 339 1474 340 1474 402 1470 425 1469 457 1471 519 1476 520 1476 559 1473 592 1471 609 1474 625 1477 626 1477 656 1475 700 1472 708 1476 710 1478 712 1478 713 1478 714 1478 738 1477 793 1473 884 1479 886 1462 886 1430 874 1424 873 1424 872 1424 871 1424 818 1432 814 1432 813 1432 795 1423 794 1423 793 1423 792 1423 767 1430 765 1430 762 1430 732 1425 731 1425 712 1429 704 1430 696 1429 668 1422 667 1422 627 1427 610 1429 583 1429 580 1426 574 1421 573 1421 572 1421 571 1421 549 1426 537 1428 518 1425 483 1420 482 1420 448 1424 428 1426 407 1423 380 1419 379 1419 378 1419 377 1419 372 1422 365 1427 337 1427 289 1426 277 1421 270 1418 268 1418 267 1418 266 1418 259 1420 243 1425 133 1424 125 1418 124 1418 123 1418 121 1418 120 1418 100 1423 60 1417 60 1452"/></Shape>
	    <String CONTENT="qua cumulate exuberãtem bonitatem ſuam"
                    HPOS="59.0"
                    VPOS="1417.0"
                    WIDTH="827.0"
                    HEIGHT="62.0"
                    WC="0.992214037821843"></String>
          </TextLine>
          <TextLine ID="line_28"
                    TAGREFS="LT8"
                    BASELINE="59 1503 868 1510" 
                    HPOS="58.0"
                    VPOS="1465.0"
                    WIDTH="810.0"
                    HEIGHT="68.0">
            <Shape><Polygon POINTS="59 1503 58 1517 112 1525 113 1525 170 1520 193 1528 194 1528 195 1529 257 1529 257 1528 285 1522 295 1520 310 1522 356 1529 357 1529 358 1529 379 1524 447 1529 448 1529 449 1529 464 1525 477 1522 534 1522 551 1527 559 1529 560 1529 561 1529 573 1527 598 1522 634 1527 635 1527 684 1523 697 1529 701 1532 702 1532 733 1533 734 1533 755 1531 816 1525 866 1533 868 1510 867 1480 804 1480 803 1479 790 1470 789 1470 788 1470 787 1470 742 1479 739 1479 734 1479 708 1473 707 1473 706 1473 697 1478 689 1472 688 1472 687 1472 685 1472 684 1472 669 1478 649 1469 648 1469 598 1468 597 1468 596 1468 583 1474 567 1469 566 1469 565 1469 486 1476 476 1468 475 1468 474 1468 424 1467 423 1467 422 1467 402 1476 402 1477 379 1477 374 1476 291 1466 290 1466 289 1466 262 1475 261 1476 218 1476 217 1475 209 1468 208 1468 207 1468 206 1468 165 1473 155 1465 154 1465 153 1465 130 1465 129 1465 128 1465 103 1474 101 1474 59 1474 59 1503"/></Shape>
	    <String CONTENT="declarat, qui illa perficit omnia in omnibus."
                    HPOS="58.0"
                    VPOS="1465.0"
                    WIDTH="810.0"
                    HEIGHT="68.0"></String>
          </TextLine>
        </TextBlock>
        <TextBlock HPOS="922.0"
                   VPOS="337.0"
                   WIDTH="94.0"
                   HEIGHT="95.0"
                   ID="eSc_textblock_f8c45ade"
                   TAGREFS="BT15">
          <Shape><Polygon POINTS="922 337 922 427 1016 432 1006 337"/></Shape>
          <TextLine ID="eSc_line_627eb4c0"
                    TAGREFS="LT8"
                    BASELINE="932 390 1000 392" 
                    HPOS="929.0"
                    VPOS="345.0"
                    WIDTH="70.0"
                    HEIGHT="73.0">
            <Shape><Polygon POINTS="929 418 998 417 999 390 999 361 965 345 963 345 962 345 930 348 930 389"/></Shape>
	    <String CONTENT="8."
                    HPOS="929.0"
                    VPOS="345.0"
                    WIDTH="70.0"
                    HEIGHT="73.0"></String>
          </TextLine>
        </TextBlock>
        <TextBlock HPOS="930.0"
                   VPOS="899.0"
                   WIDTH="87.0"
                   HEIGHT="94.0"
                   ID="eSc_textblock_35034dc6"
                   TAGREFS="BT15">
          <Shape><Polygon POINTS="930 899 930 993 1017 993 1017 899"/></Shape>
          <TextLine ID="eSc_line_10dfb9ec"
                    TAGREFS="LT8"
                    BASELINE="939 965 1011 965" 
                    HPOS="938.0"
                    VPOS="906.0"
                    WIDTH="72.0"
                    HEIGHT="69.0">
            <Shape><Polygon POINTS="1009 975 1010 964 1010 933 940 906 938 964 938 969"/></Shape>
	    <String CONTENT="9."
                    HPOS="938.0"
                    VPOS="906.0"
                    WIDTH="72.0"
                    HEIGHT="69.0"></String>
          </TextLine>
        </TextBlock>
        <TextBlock HPOS="284.0"
                   VPOS="1536.0"
                   WIDTH="405.0"
                   HEIGHT="32.0"
                   ID="eSc_textblock_ae6994f3"
                   TAGREFS="BT17">
          <Shape><Polygon POINTS="284 1536 284 1568 689 1568 689 1536"/></Shape>
          <TextLine ID="line_29"
                    TAGREFS="LT8"
                    BASELINE="305 1553 647 1557" 
                    HPOS="304.0"
                    VPOS="1518.0"
                    WIDTH="343.0"
                    HEIGHT="68.0">
            <Shape><Polygon POINTS="304 1567 349 1584 350 1584 351 1584 352 1584 379 1575 396 1583 397 1583 398 1583 399 1583 415 1575 447 1585 448 1585 449 1585 495 1578 501 1584 501 1585 502 1585 503 1585 532 1586 533 1586 534 1586 535 1586 556 1570 578 1570 591 1580 592 1580 593 1580 594 1580 595 1580 614 1570 646 1569 647 1557 646 1528 594 1519 593 1519 592 1519 591 1519 578 1526 574 1529 542 1529 535 1525 521 1518 520 1518 519 1518 518 1518 493 1524 455 1519 454 1519 453 1519 452 1519 452 1520 447 1523 444 1527 435 1523 423 1518 422 1518 421 1518 400 1523 385 1526 380 1522 375 1518 374 1518 373 1518 372 1518 371 1518 363 1522 354 1527 340 1527 335 1521 332 1519 332 1518 331 1518 330 1518 329 1518 305 1520 305 1553"/></Shape>
	    <String CONTENT="CAPVT II."
                    HPOS="304.0"
                    VPOS="1518.0"
                    WIDTH="343.0"
                    HEIGHT="68.0"
                    WC="0.9997256530655755"></String>
          </TextLine>
        </TextBlock>
        <TextBlock HPOS="561.0"
                   VPOS="1575.0"
                   WIDTH="117.0"
                   HEIGHT="49.0"
                   ID="block_3"
                   TAGREFS="BT17">
          <Shape><Polygon POINTS="678 1575 678 1624 561 1624 561 1575"/></Shape>
          <TextLine ID="line_30"
                    TAGREFS="LT8"
                    BASELINE="581 1611 681 1613" 
                    HPOS="580.0"
                    VPOS="1573.0"
                    WIDTH="101.0"
                    HEIGHT="53.0">
            <Shape><Polygon POINTS="630 1617 645 1625 646 1625 647 1625 648 1626 680 1626 681 1613 681 1585 654 1575 653 1575 652 1575 651 1575 650 1575 642 1581 632 1586 607 1586 582 1573 581 1611 580 1622"/></Shape>
	    <String CONTENT="B 2"
                    HPOS="580.0"
                    VPOS="1573.0"
                    WIDTH="101.0"
                    HEIGHT="53.0"></String>
          </TextLine>
        </TextBlock>
        <TextBlock HPOS="764.0"
                   VPOS="1569.0"
                   WIDTH="130.0"
                   HEIGHT="57.0"
                   ID="block_2"
                   TAGREFS="BT17">
          <Shape><Polygon POINTS="894 1569 894 1626 764 1626 764 1569"/></Shape>
          <TextLine ID="line_31"
                    TAGREFS="LT8"
                    BASELINE="750 1613 885 1613" 
                    HPOS="750.0"
                    VPOS="1564.0"
                    WIDTH="135.0"
                    HEIGHT="66.0">
            <Shape><Polygon POINTS="750 1630 885 1628 885 1613 884 1568 810 1572 807 1570 800 1565 800 1564 799 1564 798 1564 773 1564 772 1564 771 1564 750 1572 750 1613"/></Shape>
	    <String CONTENT="Et uos"
                    HPOS="750.0"
                    VPOS="1564.0"
                    WIDTH="135.0"
                    HEIGHT="66.0"></String>
          </TextLine>
        </TextBlock>
      </PrintSpace>
    </Page>
  </Layout>
</alto>
