<?xml version="1.0" encoding="UTF-8"?>
<alto xmlns:xsi="http://www.w3.org/2001/XMLSchema-instance"
      xmlns="http://www.loc.gov/standards/alto/ns-v4#"
      xsi:schemaLocation="http://www.loc.gov/standards/alto/ns-v4# http://www.loc.gov/standards/alto/v4/alto-4-2.xsd">
  <Description>
    <MeasurementUnit>pixel</MeasurementUnit>
    <sourceImageInformation>
      <fileName>bsb00035303_00035.jpg</fileName>
    </sourceImageInformation>
  </Description>
  <Tags>
    <OtherTag ID="BT7" LABEL="CustomZone" DESCRIPTION="block type CustomZone"/><OtherTag ID="BT8" LABEL="DamageZone" DESCRIPTION="block type DamageZone"/><OtherTag ID="BT9" LABEL="DigitizationArtefactZone" DESCRIPTION="block type DigitizationArtefactZone"/><OtherTag ID="BT10" LABEL="DropCapitalZone" DESCRIPTION="block type DropCapitalZone"/><OtherTag ID="BT11" LABEL="GraphicZone" DESCRIPTION="block type GraphicZone"/><OtherTag ID="BT12" LABEL="MainZone" DESCRIPTION="block type MainZone"/><OtherTag ID="BT13" LABEL="MarginTextZone" DESCRIPTION="block type MarginTextZone"/><OtherTag ID="BT14" LABEL="MusicZone" DESCRIPTION="block type MusicZone"/><OtherTag ID="BT15" LABEL="NumberingZone" DESCRIPTION="block type NumberingZone"/><OtherTag ID="BT17" LABEL="QuireMarksZone" DESCRIPTION="block type QuireMarksZone"/><OtherTag ID="BT18" LABEL="RunningTitleZone" DESCRIPTION="block type RunningTitleZone"/><OtherTag ID="BT19" LABEL="SealZone" DESCRIPTION="block type SealZone"/><OtherTag ID="BT20" LABEL="StampZone" DESCRIPTION="block type StampZone"/><OtherTag ID="BT21" LABEL="TableZone" DESCRIPTION="block type TableZone"/><OtherTag ID="BT22" LABEL="TitlePageZone" DESCRIPTION="block type TitlePageZone"/><OtherTag ID="BT2633" LABEL="MainZone-Head" DESCRIPTION="block type MainZone-Head"/><OtherTag ID="BT2634" LABEL="MainZone-P" DESCRIPTION="block type MainZone-P"/><OtherTag ID="BT2635" LABEL="MarginTextZone-Notes" DESCRIPTION="block type MarginTextZone-Notes"/><OtherTag ID="BT2636" LABEL="MainZone-P-Continued" DESCRIPTION="block type MainZone-P-Continued"/>
    <OtherTag ID="LT7" LABEL="CustomLine" DESCRIPTION="line type CustomLine"/><OtherTag ID="LT8" LABEL="DefaultLine" DESCRIPTION="line type DefaultLine"/><OtherTag ID="LT9" LABEL="DropCapitalLine" DESCRIPTION="line type DropCapitalLine"/><OtherTag ID="LT10" LABEL="HeadingLine" DESCRIPTION="line type HeadingLine"/><OtherTag ID="LT11" LABEL="InterlinearLine" DESCRIPTION="line type InterlinearLine"/><OtherTag ID="LT12" LABEL="MusicLine" DESCRIPTION="line type MusicLine"/>
  </Tags>
  <Layout>
    <Page WIDTH="1128"
          HEIGHT="1876"
          PHYSICAL_IMG_NR="34"
          ID="eSc_dummypage_">
      <PrintSpace HPOS="0"
                  VPOS="0"
                  WIDTH="1128"
                  HEIGHT="1876">
        <TextBlock HPOS="95.0"
                   VPOS="114.0"
                   WIDTH="686.0"
                   HEIGHT="57.0"
                   ID="block_1"
                   TAGREFS="BT18">
          <Shape><Polygon POINTS="781 114 781 171 95 171 95 114"/></Shape>
          <TextLine ID="line_0"
                    TAGREFS="LT10"
                    BASELINE="95 153 758 156" 
                    HPOS="92.0"
                    VPOS="114.0"
                    WIDTH="665.0"
                    HEIGHT="59.0">
            <Shape><Polygon POINTS="92 164 115 173 117 173 118 173 755 170 757 154 754 114 93 114 93 151"/></Shape>
	    <String CONTENT="M. BVCERI COMMENTARIVS"
                    HPOS="92.0"
                    VPOS="114.0"
                    WIDTH="665.0"
                    HEIGHT="59.0"></String>
          </TextLine>
        </TextBlock>
        <TextBlock HPOS="45.0"
                   VPOS="181.0"
                   WIDTH="852.0"
                   HEIGHT="958.0"
                   ID="block_2"
                   TAGREFS="BT2636">
          <Shape><Polygon POINTS="897 181 897 1139 45 1139 45 181"/></Shape>
          <TextLine ID="line_1"
                    TAGREFS="LT8"
                    BASELINE="43 218 885 223" 
                    HPOS="42.0"
                    VPOS="187.0"
                    WIDTH="843.0"
                    HEIGHT="55.0">
            <Shape><Polygon POINTS="867 189 856 189 846 189 836 189 825 189 815 189 804 189 794 189 783 189 773 189 763 189 752 189 742 189 731 189 721 189 710 189 700 189 690 189 679 189 669 189 658 189 648 189 638 189 627 189 617 189 606 189 596 189 585 189 575 189 565 189 554 189 544 189 533 189 523 189 512 189 502 189 492 189 481 189 471 189 460 189 450 189 439 189 429 189 419 189 408 189 398 189 387 189 377 189 366 189 356 189 346 189 335 189 325 189 314 189 304 189 293 189 283 189 273 189 262 189 252 189 241 189 231 189 221 189 210 189 200 189 189 189 179 189 168 189 158 189 148 189 137 189 127 189 116 189 106 189 95 189 85 189 75 189 64 189 54 189 53 187 43 187 43 218 42 238 66 239 67 239 68 239 70 238 83 232 93 238 93 239 94 239 95 239 96 239 115 238 228 232 247 238 253 240 254 240 255 241 295 241 295 240 296 240 297 240 299 238 305 234 331 238 348 240 349 240 363 238 390 233 403 238 409 240 410 240 411 240 429 238 459 233 540 233 545 237 550 241 551 241 552 241 553 241 554 241 562 237 570 234 582 237 597 241 598 241 599 241 640 237 661 235 666 237 673 242 674 242 675 242 676 242 745 237 772 235 790 237 826 241 827 241 828 241 829 241 836 237 839 235 883 236 885 223 884 189 877 189"/></Shape>
	    <String CONTENT="comparabilis ſiquidem dignitas erat eſſe legatum IESV"
                    HPOS="42.0"
                    VPOS="187.0"
                    WIDTH="843.0"
                    HEIGHT="55.0"
                    WC="0.9928393420183433"></String>
          </TextLine>
          <TextLine ID="line_2"
                    TAGREFS="LT8"
                    BASELINE="47 268 883 270" 
                    HPOS="46.0"
                    VPOS="232.0"
                    WIDTH="837.0"
                    HEIGHT="56.0">
            <Shape><Polygon POINTS="47 268 46 280 58 287 59 287 60 287 61 287 62 287 84 281 117 286 118 286 146 281 161 287 162 287 163 287 164 287 178 281 202 287 203 287 204 288 252 288 252 287 253 287 268 281 285 286 286 286 287 286 288 286 289 286 298 281 396 286 397 286 430 281 435 281 439 282 471 288 472 288 523 283 572 288 573 288 646 283 664 282 666 283 676 288 677 288 678 288 727 283 746 282 749 284 756 288 757 288 758 288 759 288 881 284 883 270 880 233 835 241 768 241 746 234 744 233 743 233 742 233 736 234 693 241 611 241 601 235 599 233 598 233 597 233 596 233 587 235 564 241 466 241 452 236 449 235 448 235 447 235 428 236 375 239 357 236 331 232 330 232 298 237 281 239 265 237 229 232 187 232 186 232 185 232 173 238 170 239 168 238 159 232 158 232 157 232 78 232 77 232 47 238 47 268"/></Shape>
	    <String CONTENT="Christi, idq́ ex uoluntate Dei, eam tamen Paulus quamli"
                    HPOS="46.0"
                    VPOS="232.0"
                    WIDTH="837.0"
                    HEIGHT="56.0"></String>
          </TextLine>
          <TextLine ID="line_3"
                    TAGREFS="LT8"
                    BASELINE="46 318 881 321" 
                    HPOS="46.0"
                    VPOS="281.0"
                    WIDTH="835.0"
                    HEIGHT="58.0">
            <Shape><Polygon POINTS="46 318 46 331 87 331 99 338 100 338 101 338 102 338 145 331 178 338 179 338 211 331 212 331 215 331 363 338 364 338 400 331 402 331 404 331 464 339 466 339 527 332 568 338 569 338 570 338 590 332 607 339 608 339 609 339 666 332 699 339 700 339 880 331 881 321 879 282 841 283 840 283 824 290 776 285 775 285 774 285 752 290 742 282 741 282 740 282 739 282 738 282 714 291 693 291 678 282 677 282 676 282 675 282 673 282 648 287 635 282 634 282 633 282 632 282 631 282 630 282 619 291 601 291 587 282 586 282 585 282 584 282 583 282 582 282 566 289 543 282 541 282 540 282 538 282 537 282 536 282 522 290 475 282 463 281 440 281 439 281 438 281 437 281 435 283 426 290 373 290 357 283 356 283 355 283 354 283 334 289 286 289 275 283 270 281 268 281 267 281 266 281 261 283 247 289 217 289 209 283 206 281 205 281 204 281 162 281 161 281 160 281 159 281 157 283 148 289 46 284 46 318"/></Shape>
	    <String CONTENT="bet modeſtus, nequaquam dißimulauit, ſed in gloriam dei"
                    HPOS="46.0"
                    VPOS="281.0"
                    WIDTH="835.0"
                    HEIGHT="58.0"
                    WC="0.9882601510394703"></String>
          </TextLine>
          <TextLine ID="line_4"
                    TAGREFS="LT8"
                    BASELINE="51 372 880 367" 
                    HPOS="50.0"
                    VPOS="330.0"
                    WIDTH="830.0"
                    HEIGHT="60.0">
            <Shape><Polygon POINTS="51 372 51 384 84 382 91 384 109 390 110 390 111 390 112 390 113 390 121 384 124 382 211 382 215 383 235 390 236 390 237 390 238 390 254 383 258 381 313 381 320 382 348 389 349 389 350 389 351 389 365 382 368 381 372 382 405 389 406 389 407 389 408 389 420 382 469 388 470 388 515 382 523 388 524 388 525 388 526 389 576 389 576 388 612 380 614 380 646 388 647 388 648 388 649 388 674 379 676 379 677 379 697 386 698 386 699 386 736 381 752 387 753 387 754 388 807 388 807 387 880 377 880 367 877 330 822 338 788 331 787 331 786 331 769 338 747 332 746 332 745 332 667 339 651 331 650 331 649 331 648 331 601 339 589 331 587 331 586 331 540 331 538 331 537 331 536 331 525 340 463 340 396 335 395 335 340 340 315 333 314 333 313 333 312 333 285 340 275 332 274 332 273 332 272 332 264 333 207 340 192 335 191 335 190 335 148 338 112 333 107 333 106 333 105 333 104 333 93 339 50 334 51 372"/></Shape>
	    <String CONTENT="&amp; fratrum ſalutem, ingenue profeſſus est. Certa ſunt do"
                    HPOS="50.0"
                    VPOS="330.0"
                    WIDTH="830.0"
                    HEIGHT="60.0"
                    WC="0.9814599893309853"></String>
          </TextLine>
          <TextLine ID="line_5"
                    TAGREFS="LT8"
                    BASELINE="46 421 878 417" 
                    HPOS="45.0"
                    VPOS="381.0"
                    WIDTH="833.0"
                    HEIGHT="58.0">
            <Shape><Polygon POINTS="46 421 46 431 134 431 160 439 161 439 162 439 163 439 175 434 224 439 225 439 226 439 253 431 310 436 311 436 312 436 329 430 380 438 381 439 446 439 446 438 447 438 448 438 454 433 466 438 467 438 468 438 469 438 493 431 542 437 543 437 579 430 597 437 598 437 599 437 600 437 620 432 842 437 843 437 844 437 845 437 856 428 878 427 878 417 876 389 841 381 840 381 789 388 789 389 723 389 723 388 705 381 704 381 703 381 653 386 619 381 618 381 617 381 599 388 597 390 510 390 508 388 497 383 496 383 495 383 494 383 475 388 471 389 469 388 455 382 454 382 404 382 403 382 402 382 389 388 373 382 372 382 371 382 370 382 369 382 360 388 357 390 321 391 290 391 286 388 280 383 279 383 278 383 277 383 276 383 257 388 248 390 217 388 158 383 157 383 156 383 138 388 132 389 128 388 115 383 114 383 113 383 45 387 46 421"/></Shape>
	    <String CONTENT="na Dei, eoq́ ut uere adeſſe ſentiuntur, ita debent indißi¬"
                    HPOS="45.0"
                    VPOS="381.0"
                    WIDTH="833.0"
                    HEIGHT="58.0"></String>
          </TextLine>
          <TextLine ID="line_6"
                    TAGREFS="LT8"
                    BASELINE="50 469 878 471" 
                    HPOS="50.0"
                    VPOS="431.0"
                    WIDTH="828.0"
                    HEIGHT="56.0">
            <Shape><Polygon POINTS="50 469 50 479 128 479 130 479 139 486 140 486 141 486 142 486 143 486 159 480 190 486 191 487 239 487 239 486 240 486 241 486 250 481 253 479 267 481 304 486 305 486 345 482 370 479 385 482 404 486 405 486 406 486 419 482 432 479 462 483 473 484 474 484 486 483 522 480 544 484 562 487 564 487 579 484 596 481 605 485 611 487 612 487 614 487 639 485 680 481 775 486 794 487 795 487 799 487 828 480 876 487 878 471 875 433 849 440 811 435 810 435 808 435 807 435 802 440 793 433 792 432 791 432 790 432 789 432 717 434 716 434 715 434 707 439 658 434 633 432 632 432 631 432 623 434 603 440 564 435 560 435 559 435 557 435 534 440 510 435 498 433 497 433 496 433 489 435 481 439 474 436 464 431 463 431 462 431 461 431 448 436 437 440 358 440 352 436 344 431 342 431 341 431 340 431 311 437 299 439 292 437 278 431 277 431 233 431 232 431 231 431 230 431 222 437 218 440 133 440 130 438 118 431 117 431 116 431 115 431 50 438 50 469"/></Shape>
	    <String CONTENT="mulanter, ſed in gloriam donatoris ac fratrum ſalutem,"
                    HPOS="50.0"
                    VPOS="431.0"
                    WIDTH="828.0"
                    HEIGHT="56.0"
                    WC="0.9862781509205147"></String>
          </TextLine>
          <TextLine ID="line_7"
                    TAGREFS="LT8"
                    BASELINE="50 521 290 517 878 521" 
                    HPOS="50.0"
                    VPOS="481.0"
                    WIDTH="828.0"
                    HEIGHT="56.0">
            <Shape><Polygon POINTS="50 521 51 535 80 528 101 535 103 536 104 536 105 536 110 535 135 530 252 535 279 536 280 536 281 536 283 535 299 529 409 530 419 535 421 536 422 536 423 536 430 535 460 529 478 535 481 536 482 536 483 536 498 535 550 530 593 530 600 535 603 537 604 537 605 537 606 537 636 535 693 530 707 535 708 535 709 535 710 535 716 535 749 530 761 535 764 536 765 536 766 536 767 536 773 535 794 530 876 534 878 521 876 486 757 488 732 485 710 482 709 482 708 482 703 485 694 490 648 490 626 484 619 483 618 483 617 483 611 484 595 489 569 484 561 483 560 483 559 483 558 483 557 484 550 489 544 484 543 483 542 483 541 483 540 483 525 484 470 488 449 483 436 481 435 481 434 481 433 481 430 483 422 489 399 489 386 483 381 481 380 481 379 481 378 481 377 481 375 483 366 489 303 489 285 483 279 481 278 481 277 481 276 481 273 483 261 489 212 489 189 482 184 481 183 481 182 481 50 481 50 521"/></Shape>
	    <String CONTENT="proferri atque ſuo modo oſtentari· Poſtremo monemur,"
                    HPOS="50.0"
                    VPOS="481.0"
                    WIDTH="828.0"
                    HEIGHT="56.0"
                    WC="0.9878063568702111"></String>
          </TextLine>
          <TextLine ID="line_8"
                    TAGREFS="LT8"
                    BASELINE="48 568 881 571" 
                    HPOS="47.0"
                    VPOS="528.0"
                    WIDTH="834.0"
                    HEIGHT="62.0">
            <Shape><Polygon POINTS="48 568 47 577 76 583 77 583 163 579 195 587 197 587 198 588 256 588 256 587 257 587 274 579 299 587 300 587 301 587 405 580 422 585 423 585 424 585 425 585 433 581 444 588 445 588 446 588 447 588 448 588 479 580 496 588 497 588 498 589 567 589 567 588 568 588 590 581 605 589 606 589 607 589 608 589 625 582 642 589 643 589 644 590 681 590 681 589 682 589 698 581 699 581 701 581 739 589 740 590 759 590 759 589 761 589 762 589 771 582 773 581 846 581 850 582 865 587 866 587 867 587 868 587 880 582 881 571 879 536 872 538 868 536 859 530 857 530 856 530 855 530 854 530 840 536 831 540 769 540 762 536 757 533 756 533 755 533 754 533 753 533 752 533 748 536 742 540 619 540 615 536 606 529 605 529 604 529 512 529 511 529 510 529 497 536 483 529 482 529 447 529 446 529 445 529 444 529 434 536 431 538 429 536 418 529 417 529 415 529 414 529 413 529 386 535 355 529 354 529 353 529 333 536 327 538 321 536 291 528 290 528 240 528 239 528 238 528 237 528 225 536 223 538 166 538 164 536 152 528 151 528 150 528 129 528 128 528 127 528 102 536 99 537 48 537 48 568"/></Shape>
	    <String CONTENT="neminem poſſe legatũ Chriſti eſſe gloriæq́ eius preconẽ,"
                    HPOS="47.0"
                    VPOS="528.0"
                    WIDTH="834.0"
                    HEIGHT="62.0"></String>
          </TextLine>
          <TextLine ID="line_9"
                    TAGREFS="LT8"
                    BASELINE="51 619 884 619" 
                    HPOS="51.0"
                    VPOS="583.0"
                    WIDTH="833.0"
                    HEIGHT="54.0">
            <Shape><Polygon POINTS="51 619 51 628 77 636 78 636 79 636 80 636 102 629 143 629 154 635 155 635 156 635 157 635 217 629 231 636 232 636 233 636 234 636 250 629 258 629 317 629 327 636 328 636 329 636 330 636 380 629 381 629 382 629 417 636 418 636 472 635 473 635 486 629 527 629 528 629 538 636 540 636 541 636 542 637 612 637 612 636 644 629 646 629 647 629 656 635 657 635 658 635 659 635 733 630 753 636 754 636 755 636 884 629 884 619 884 590 862 583 861 583 860 583 812 590 753 590 740 583 739 583 738 583 737 583 721 590 668 584 667 584 666 584 650 591 564 591 551 583 550 583 549 583 548 583 547 583 546 583 536 589 495 584 494 584 493 584 492 584 483 590 468 583 467 583 426 583 425 583 383 590 342 583 341 583 295 590 190 583 189 583 131 590 120 583 119 583 118 583 85 583 84 583 51 590 51 619"/></Shape>
	    <String CONTENT="niſi ex uoluntate mißioneq Dei· Quomodo enim prædi¬"
                    HPOS="51.0"
                    VPOS="583.0"
                    WIDTH="833.0"
                    HEIGHT="54.0"></String>
          </TextLine>
          <TextLine ID="line_10"
                    TAGREFS="LT8"
                    BASELINE="50 665 881 669" 
                    HPOS="48.0"
                    VPOS="629.0"
                    WIDTH="833.0"
                    HEIGHT="57.0">
            <Shape><Polygon POINTS="50 665 48 677 89 683 90 683 159 679 167 684 168 684 169 684 170 684 326 679 365 685 366 685 431 680 449 685 450 685 451 685 486 680 549 685 550 685 585 680 604 685 605 685 606 685 799 681 852 686 853 686 880 680 881 669 880 639 820 639 820 638 796 631 795 631 794 631 727 638 722 638 640 638 626 638 604 630 603 630 602 630 601 630 576 636 553 630 552 630 551 630 550 630 549 630 538 637 515 632 513 632 512 632 505 636 498 630 497 630 496 630 495 630 494 630 480 637 466 630 464 630 463 630 462 630 435 637 434 637 432 637 405 630 404 630 403 630 361 637 356 637 282 637 282 636 261 629 260 629 259 629 258 629 239 636 219 629 218 629 177 629 176 629 175 629 161 636 160 637 116 637 115 636 107 629 106 629 105 629 104 629 50 635 50 665"/></Shape>
	    <String CONTENT="cabunt niſi mittantur? ſcribit Apoſtolus Romanis: Lega¬"
                    HPOS="48.0"
                    VPOS="629.0"
                    WIDTH="833.0"
                    HEIGHT="57.0"
                    WC="0.9967142777009443"></String>
          </TextLine>
          <TextLine ID="line_11"
                    TAGREFS="LT8"
                    BASELINE="51 717 881 719" 
                    HPOS="50.0"
                    VPOS="678.0"
                    WIDTH="831.0"
                    HEIGHT="59.0">
            <Shape><Polygon POINTS="51 717 50 726 104 732 105 732 136 728 179 736 180 737 225 737 225 736 226 736 250 728 285 736 286 736 345 728 363 736 364 736 466 737 467 737 468 737 487 730 529 737 530 737 571 730 685 737 687 737 688 737 689 737 699 729 728 737 729 737 730 737 731 737 745 730 838 737 839 737 840 737 841 737 854 729 880 729 881 719 881 686 866 679 865 679 864 679 863 679 835 686 829 687 827 686 818 679 817 679 816 679 776 679 775 679 774 679 773 679 764 686 762 688 714 688 703 686 676 679 675 679 674 679 636 686 622 689 505 689 499 686 483 680 482 680 481 680 480 680 467 686 463 688 428 688 421 686 395 680 394 680 393 680 382 686 378 688 346 688 342 686 334 679 333 679 332 679 211 678 210 678 209 678 191 686 187 688 104 688 101 686 92 679 91 679 90 679 89 679 51 685 51 717"/></Shape>
	    <String CONTENT="tum nan Chriſti is agit, qui annunciat ipſum unicũ eße"
                    HPOS="50.0"
                    VPOS="678.0"
                    WIDTH="831.0"
                    HEIGHT="59.0"
                    WC="0.9944168084434101"></String>
          </TextLine>
          <TextLine ID="line_12"
                    TAGREFS="LT8"
                    BASELINE="53 769 881 769" 
                    HPOS="53.0"
                    VPOS="728.0"
                    WIDTH="828.0"
                    HEIGHT="60.0">
            <Shape><Polygon POINTS="53 769 53 787 85 780 219 780 242 786 244 787 246 787 247 787 253 786 283 782 350 786 373 787 374 787 375 787 380 786 404 780 432 786 442 787 443 788 471 788 471 787 472 787 473 787 475 785 481 781 509 785 524 787 525 787 526 787 527 787 529 785 537 780 573 785 576 785 577 785 578 785 579 785 594 780 687 780 703 784 717 787 718 787 732 784 751 780 759 784 766 787 767 787 768 787 799 784 836 780 845 784 850 786 851 786 852 786 881 783 881 769 881 738 846 731 845 731 816 737 814 737 799 728 798 728 797 728 796 728 795 728 773 737 771 737 770 736 747 728 746 728 745 728 744 728 725 736 722 738 636 738 632 735 621 728 620 728 619 728 618 728 617 728 601 735 596 737 576 735 526 728 486 728 485 728 484 728 473 734 466 737 456 733 442 728 440 728 394 728 393 728 391 728 390 728 383 733 377 737 355 732 332 728 331 728 330 728 315 732 298 737 283 732 273 728 272 728 238 728 237 728 236 728 229 731 217 738 176 738 166 731 166 730 165 730 164 730 163 730 158 731 121 737 103 730 97 728 96 728 95 728 53 729 53 769"/></Shape>
	    <String CONTENT="ſaluatorẽ, idq́; agit quecũq; à ſpiritu dei extruſus fuerit,"
                    HPOS="53.0"
                    VPOS="728.0"
                    WIDTH="828.0"
                    HEIGHT="60.0"
                    WC="0.985885132872869"></String>
          </TextLine>
          <TextLine ID="line_13"
                    TAGREFS="LT8"
                    BASELINE="52 816 887 818" 
                    HPOS="51.0"
                    VPOS="778.0"
                    WIDTH="836.0"
                    HEIGHT="57.0">
            <Shape><Polygon POINTS="52 816 51 825 85 827 93 834 94 834 95 834 96 835 174 835 174 834 213 827 246 832 247 832 248 832 262 827 330 827 359 827 360 827 372 834 373 834 374 834 375 834 456 827 459 827 460 827 471 835 472 835 473 835 474 835 572 828 611 835 612 835 661 829 749 835 750 835 795 828 799 828 802 828 849 835 850 835 851 835 852 835 862 828 864 828 885 828 887 818 887 786 873 779 872 779 871 779 835 785 804 779 803 779 802 779 789 786 787 787 781 786 751 779 750 779 749 779 748 779 739 786 737 787 721 786 673 782 672 782 635 786 623 787 614 786 569 779 568 779 567 779 549 786 546 788 470 788 466 786 442 778 440 778 400 778 399 778 355 786 353 786 344 779 342 779 341 779 340 779 339 779 314 785 295 778 293 778 292 778 291 778 277 786 275 787 212 787 211 786 201 778 200 778 199 778 144 778 143 778 142 778 141 778 129 786 128 787 91 787 90 786 75 778 74 778 72 778 71 778 52 785 52 816"/></Shape>
	    <String CONTENT="ut quã plurimos huic cæleſti regi adducat· Huiuſmodi aũt"
                    HPOS="51.0"
                    VPOS="778.0"
                    WIDTH="836.0"
                    HEIGHT="57.0"
                    WC="0.9812975536132681"></String>
          </TextLine>
          <TextLine ID="line_14"
                    TAGREFS="LT8"
                    BASELINE="55 865 885 869" 
                    HPOS="55.0"
                    VPOS="824.0"
                    WIDTH="830.0"
                    HEIGHT="65.0">
            <Shape><Polygon POINTS="55 865 55 883 124 876 173 876 182 883 183 884 184 884 185 884 186 885 233 885 233 884 234 884 238 883 260 876 270 883 272 885 273 885 274 885 275 886 352 886 352 885 353 885 354 885 357 883 368 877 395 883 408 885 409 886 460 886 460 885 461 885 469 882 482 878 640 878 652 882 656 883 657 883 658 883 659 883 663 882 670 878 726 878 738 882 758 887 759 887 761 889 781 889 781 887 782 887 783 887 791 881 796 879 847 879 854 881 868 886 869 886 870 886 871 886 884 881 885 869 884 828 786 827 785 827 774 828 721 836 708 829 707 828 706 828 705 828 704 828 703 828 700 829 678 836 658 829 650 826 649 826 619 826 618 826 617 826 616 826 610 829 601 835 587 829 583 828 582 828 581 828 580 828 574 830 557 834 549 830 544 827 543 827 542 827 541 827 540 827 535 830 528 835 498 835 475 830 451 825 450 825 400 827 399 827 390 831 383 834 379 831 372 825 371 825 370 825 344 825 342 825 341 825 324 831 315 835 263 835 252 832 230 826 229 826 228 826 200 832 192 834 162 834 160 832 145 826 144 826 143 826 142 826 141 826 133 832 131 834 108 834 107 833 95 824 94 824 93 824 74 824 72 824 71 824 55 832 55 865"/></Shape>
	    <String CONTENT="ꝗduel cogitare poſſet ex ſeſe mortalis? Cor. Paul· ſcribit,"
                    HPOS="55.0"
                    VPOS="824.0"
                    WIDTH="830.0"
                    HEIGHT="65.0"
                    WC="0.9902893708924115"></String>
          </TextLine>
          <TextLine ID="line_15"
                    TAGREFS="LT8"
                    BASELINE="53 917 887 915" 
                    HPOS="52.0"
                    VPOS="877.0"
                    WIDTH="835.0"
                    HEIGHT="61.0">
            <Shape><Polygon POINTS="53 917 53 930 174 928 179 930 190 936 191 936 192 938 217 938 217 936 262 929 274 928 279 929 299 936 300 936 301 936 302 936 303 936 312 929 313 928 370 928 372 929 380 935 381 935 382 935 383 935 412 930 454 936 455 936 456 936 475 928 477 928 479 928 495 933 496 933 497 933 568 928 572 928 580 933 581 933 582 933 583 933 609 929 661 935 663 935 664 935 665 935 673 929 687 935 688 935 689 936 729 936 729 935 730 935 759 927 761 927 765 927 854 935 855 935 856 935 887 926 887 915 886 887 863 877 862 877 861 877 860 877 829 886 705 877 704 877 703 877 678 886 630 877 629 877 628 877 608 886 566 877 565 877 564 877 562 877 549 886 466 886 454 880 453 880 452 880 420 884 408 879 407 879 406 879 405 879 387 887 317 882 316 882 315 882 302 887 275 878 274 878 273 878 272 878 249 886 227 878 226 878 225 878 200 883 83 878 82 878 81 878 52 889 53 917"/></Shape>
	    <String CONTENT="ubi de hac ſua legatione loqtur, nos haudquaq idoneos eſ¬"
                    HPOS="52.0"
                    VPOS="877.0"
                    WIDTH="835.0"
                    HEIGHT="61.0"
                    WC="0.9833720974754869"></String>
          </TextLine>
          <TextLine ID="line_16"
                    TAGREFS="LT8"
                    BASELINE="54 967 887 967" 
                    HPOS="54.0"
                    VPOS="928.0"
                    WIDTH="833.0"
                    HEIGHT="60.0">
            <Shape><Polygon POINTS="54 967 54 978 104 986 105 986 143 979 159 985 160 985 161 985 230 979 244 986 246 986 247 988 299 988 299 986 300 986 317 979 360 979 371 986 372 986 373 986 374 986 407 979 432 984 433 984 479 980 487 986 488 986 489 986 491 988 557 988 557 986 558 986 574 979 611 986 612 986 614 986 634 979 671 986 672 988 695 988 695 986 696 986 697 986 705 980 710 984 712 984 713 984 714 984 778 979 790 986 791 986 792 986 793 988 849 988 849 986 887 978 887 967 887 931 857 928 856 928 855 928 854 928 850 931 845 934 839 931 835 928 834 928 832 928 780 928 779 928 778 928 777 928 773 931 768 936 701 936 695 932 689 928 688 928 687 928 685 928 628 932 590 935 580 933 566 928 565 928 564 928 562 928 553 933 550 935 546 933 542 930 541 930 540 930 538 930 520 933 506 935 489 933 462 930 461 930 460 930 448 933 440 935 432 934 404 928 403 928 366 934 364 934 361 934 328 928 327 928 291 933 284 928 283 928 282 928 231 928 230 928 229 928 228 928 218 935 217 936 164 936 164 935 148 928 146 928 145 928 93 935 69 928 68 928 67 928 66 928 54 934 54 967"/></Shape>
	    <String CONTENT="se, qui ex nobiſipſis cogitemus qequam, tanq ex nobiſipſis"
                    HPOS="54.0"
                    VPOS="928.0"
                    WIDTH="833.0"
                    HEIGHT="60.0"
                    WC="0.9783617073091967"></String>
          </TextLine>
          <TextLine ID="line_17"
                    TAGREFS="LT8"
                    BASELINE="57 1019 889 1017" 
                    HPOS="56.0"
                    VPOS="977.0"
                    WIDTH="833.0"
                    HEIGHT="56.0">
            <Shape><Polygon POINTS="57 1019 57 1027 231 1027 237 1028 255 1033 256 1033 257 1033 295 1028 307 1027 312 1028 325 1033 326 1033 327 1033 361 1029 377 1027 431 1027 435 1029 443 1033 444 1033 445 1033 446 1033 494 1029 521 1027 528 1029 536 1032 537 1032 538 1032 567 1029 592 1027 617 1030 642 1032 643 1032 644 1032 645 1032 648 1030 652 1026 666 1030 674 1032 675 1032 676 1032 703 1030 747 1026 758 1030 764 1032 765 1032 766 1032 888 1030 889 1017 887 988 818 986 790 977 789 977 769 977 768 977 767 977 766 977 752 988 730 988 716 977 715 977 714 977 713 977 712 977 683 986 608 977 558 977 557 977 556 977 555 977 545 984 525 977 524 977 523 977 522 977 506 985 474 977 473 977 472 977 417 989 338 989 312 978 311 978 310 978 309 978 275 989 186 989 167 978 166 978 145 978 144 978 143 978 112 988 78 983 77 983 76 983 56 989 57 1019"/></Shape>
	    <String CONTENT="&amp;c· Nemo ergo legatum Ieſu Chriſti aget, hoc eſt, Euan"
                    HPOS="56.0"
                    VPOS="977.0"
                    WIDTH="833.0"
                    HEIGHT="56.0"
                    WC="0.997733144848435"></String>
          </TextLine>
          <TextLine ID="line_18"
                    TAGREFS="LT8"
                    BASELINE="57 1068 889 1065" 
                    HPOS="56.0"
                    VPOS="1027.0"
                    WIDTH="833.0"
                    HEIGHT="58.0">
            <Shape><Polygon POINTS="57 1068 57 1084 110 1079 144 1079 155 1084 158 1085 159 1085 160 1085 170 1083 193 1079 214 1083 227 1085 228 1085 242 1083 264 1079 271 1082 275 1085 276 1085 277 1085 278 1085 279 1085 287 1082 298 1079 345 1082 387 1084 388 1084 421 1081 452 1078 466 1080 483 1084 484 1084 485 1084 493 1080 498 1078 503 1080 515 1084 516 1084 517 1084 543 1080 555 1078 578 1079 627 1083 628 1083 629 1083 645 1079 651 1077 657 1079 670 1083 671 1083 672 1084 762 1084 762 1083 763 1083 777 1078 857 1083 859 1083 888 1076 889 1065 887 1035 825 1027 824 1027 823 1027 805 1035 628 1035 592 1027 591 1027 590 1027 589 1027 579 1034 540 1027 538 1027 482 1035 478 1035 476 1035 446 1027 445 1027 444 1027 404 1035 402 1035 401 1035 386 1029 385 1029 384 1029 331 1035 319 1037 314 1035 295 1028 293 1028 164 1028 163 1028 131 1034 67 1028 66 1028 65 1028 64 1028 56 1032 57 1068"/></Shape>
	    <String CONTENT="gelion ſinceriter annunciabit, niſi ad hoc opus, ex uolun¬"
                    HPOS="56.0"
                    VPOS="1027.0"
                    WIDTH="833.0"
                    HEIGHT="58.0"
                    WC="0.9870206888379722"></String>
          </TextLine>
          <TextLine ID="line_19"
                    TAGREFS="LT8"
                    BASELINE="55 1117 335 1115" 
                    HPOS="54.0"
                    VPOS="1075.0"
                    WIDTH="281.0"
                    HEIGHT="61.0">
            <Shape><Polygon POINTS="55 1117 55 1127 107 1132 108 1132 109 1132 127 1127 128 1127 149 1136 150 1136 151 1136 178 1130 205 1134 206 1134 207 1134 208 1134 214 1129 226 1134 227 1134 228 1134 229 1134 242 1129 298 1134 299 1134 300 1134 301 1134 313 1126 334 1126 335 1115 333 1084 282 1076 281 1076 280 1076 279 1076 279 1077 272 1083 271 1085 242 1085 238 1083 226 1075 225 1075 224 1075 223 1075 191 1080 131 1076 130 1076 103 1081 87 1084 79 1081 71 1078 70 1078 69 1078 54 1080 55 1117"/></Shape>
	    <String CONTENT="tate Dei extruſus:"
                    HPOS="54.0"
                    VPOS="1075.0"
                    WIDTH="281.0"
                    HEIGHT="61.0"
                    WC="0.9995444549454583"></String>
          </TextLine>
        </TextBlock>
        <TextBlock HPOS="60.0"
                   VPOS="1137.0"
                   WIDTH="838.0"
                   HEIGHT="404.0"
                   ID="block_0"
                   TAGREFS="BT2634">
          <Shape><Polygon POINTS="898 1147 898 1528 60 1541 60 1137"/></Shape>
          <TextLine ID="line_20"
                    TAGREFS="LT8"
                    BASELINE="109 1169 892 1167" 
                    HPOS="108.0"
                    VPOS="1122.0"
                    WIDTH="784.0"
                    HEIGHT="58.0">
            <Shape><Polygon POINTS="109 1169 109 1180 891 1180 892 1167 889 1132 811 1133 806 1131 795 1125 794 1125 793 1125 792 1125 774 1131 768 1133 765 1131 751 1122 750 1122 749 1122 748 1122 747 1122 727 1131 721 1133 715 1131 701 1126 700 1126 699 1126 698 1126 683 1130 681 1131 681 1130 672 1123 671 1123 670 1123 669 1123 635 1129 626 1122 625 1122 624 1122 541 1122 540 1122 538 1122 537 1122 525 1130 520 1133 504 1130 487 1126 486 1126 485 1126 477 1129 466 1134 404 1129 399 1129 398 1129 395 1129 363 1134 351 1129 350 1129 349 1129 348 1129 325 1134 315 1129 313 1127 312 1127 311 1127 310 1127 309 1127 305 1129 291 1136 241 1136 232 1128 231 1127 230 1127 229 1127 228 1127 212 1128 198 1129 193 1128 179 1123 178 1123 177 1123 108 1127 109 1169"/></Shape>
	    <String CONTENT="Tantum abest ab eo, ut tanquã nõ mißus, non ſit audi"
                    HPOS="108.0"
                    VPOS="1122.0"
                    WIDTH="784.0"
                    HEIGHT="58.0"
                    WC="0.9863610742268739"></String>
          </TextLine>
          <TextLine ID="line_21"
                    TAGREFS="LT8"
                    BASELINE="57 1217 877 1217" 
                    HPOS="56.0"
                    VPOS="1174.0"
                    WIDTH="820.0"
                    HEIGHT="64.0">
            <Shape><Polygon POINTS="56 1216 56 1230 874 1238 876 1216 874 1177 777 1181 772 1177 769 1175 769 1174 768 1174 766 1174 680 1174 678 1174 658 1178 639 1181 614 1178 581 1174 580 1174 578 1174 577 1174 571 1178 566 1183 484 1183 478 1180 463 1174 461 1174 459 1174 389 1180 369 1181 355 1180 305 1174 303 1174 270 1181 267 1181 262 1181 234 1174 233 1174 231 1174 148 1181 147 1181 145 1181 76 1174 75 1174 73 1174 56 1181 56 1216"/></Shape>
	    <String CONTENT="endus, qui Christi doctrinã pure quidẽ tradiderit, nõ autẽ"
                    HPOS="56.0"
                    VPOS="1174.0"
                    WIDTH="820.0"
                    HEIGHT="64.0"
                    WC="0.9726576516705174"></String>
          </TextLine>
          <TextLine ID="line_22"
                    TAGREFS="LT8"
                    BASELINE="59 1273 458 1267 877 1265" 
                    HPOS="57.0"
                    VPOS="1220.0"
                    WIDTH="819.0"
                    HEIGHT="76.0">
            <Shape><Polygon POINTS="57 1272 59 1296 106 1283 206 1283 229 1292 269 1283 323 1292 389 1280 464 1280 489 1291 558 1280 619 1289 650 1281 674 1289 746 1278 761 1288 766 1288 874 1280 876 1264 871 1227 794 1230 775 1220 663 1231 589 1222 561 1231 491 1225 445 1233 405 1224 305 1225 276 1235 220 1225 165 1236 150 1227 73 1227 67 1230 57 1272"/></Shape>
	    <String CONTENT="ſimul uita expreſſerit. Vtcunq uita habet, quicũq recte"
                    HPOS="57.0"
                    VPOS="1220.0"
                    WIDTH="819.0"
                    HEIGHT="76.0"></String>
          </TextLine>
          <TextLine ID="line_23"
                    TAGREFS="LT8"
                    BASELINE="59 1320 877 1315" 
                    HPOS="57.0"
                    VPOS="1270.0"
                    WIDTH="819.0"
                    HEIGHT="71.0">
            <Shape><Polygon POINTS="57 1319 57 1331 214 1341 289 1331 330 1341 372 1330 467 1339 472 1339 486 1330 549 1339 646 1328 666 1338 704 1330 718 1338 757 1330 766 1338 772 1338 788 1330 872 1338 876 1314 871 1270 801 1283 675 1283 644 1272 638 1272 624 1281 553 1275 492 1283 481 1272 447 1272 434 1281 341 1275 319 1286 281 1286 270 1274 233 1285 211 1274 75 1274 68 1277 57 1319"/></Shape>
	    <String CONTENT="Christũ prædicat, is id ex ſeſe cogitare nõ potuit, eoq́ à"
                    HPOS="57.0"
                    VPOS="1270.0"
                    WIDTH="819.0"
                    HEIGHT="71.0"></String>
          </TextLine>
          <TextLine ID="line_24"
                    TAGREFS="LT8"
                    BASELINE="58 1370 877 1366" 
                    HPOS="57.0"
                    VPOS="1324.0"
                    WIDTH="819.0"
                    HEIGHT="67.0">
            <Shape><Polygon POINTS="57 1369 57 1381 117 1381 129 1391 137 1391 148 1381 273 1391 280 1383 328 1389 391 1380 466 1380 477 1389 627 1388 644 1378 872 1386 876 1364 872 1333 732 1324 683 1331 655 1324 647 1331 588 1325 578 1333 500 1325 356 1333 333 1325 314 1333 242 1327 234 1335 136 1327 98 1335 71 1327 68 1328 57 1369"/></Shape>
	    <String CONTENT="deo ad hoc miſſus eſt, acuæ ei, ꝗ quæ prædicat cõtẽpſerit,"
                    HPOS="57.0"
                    VPOS="1324.0"
                    WIDTH="819.0"
                    HEIGHT="67.0"
                    WC="0.9909461726744969"></String>
          </TextLine>
          <TextLine ID="line_25"
                    TAGREFS="LT8"
                    BASELINE="60 1422 877 1415" 
                    HPOS="57.0"
                    VPOS="1372.0"
                    WIDTH="819.0"
                    HEIGHT="63.0">
            <Shape><Polygon POINTS="59 1421 59 1432 872 1435 876 1414 871 1380 749 1381 744 1380 716 1372 714 1372 713 1372 711 1372 677 1381 668 1383 657 1381 614 1375 613 1375 491 1383 488 1383 467 1374 466 1374 464 1374 406 1375 405 1375 403 1375 389 1385 387 1385 333 1375 331 1375 330 1375 328 1375 314 1386 306 1386 253 1386 233 1377 231 1377 117 1377 115 1377 114 1377 112 1377 112 1378 103 1388 57 1388 59 1421"/></Shape>
	    <String CONTENT="multũ enim interest, inter ultrocurrentes, qui ſua aut alio"
                    HPOS="57.0"
                    VPOS="1372.0"
                    WIDTH="819.0"
                    HEIGHT="63.0"></String>
          </TextLine>
          <TextLine ID="line_26"
                    TAGREFS="LT8"
                    BASELINE="60 1472 888 1466" 
                    HPOS="59.0"
                    VPOS="1426.0"
                    WIDTH="829.0"
                    HEIGHT="63.0">
            <Shape><Polygon POINTS="60 1472 60 1482 99 1489 100 1489 286 1482 364 1479 384 1482 405 1485 406 1485 433 1482 459 1479 467 1482 477 1486 478 1486 479 1486 498 1482 511 1479 516 1482 521 1486 522 1486 523 1486 524 1487 585 1487 585 1486 606 1482 633 1477 691 1482 725 1485 726 1485 749 1482 795 1476 886 1482 888 1466 884 1429 872 1436 840 1436 830 1429 828 1428 827 1428 826 1428 825 1428 824 1428 823 1428 821 1430 814 1436 775 1436 756 1430 737 1426 736 1426 734 1426 724 1430 714 1436 706 1432 699 1426 698 1426 697 1426 696 1426 695 1426 694 1426 688 1432 684 1434 671 1432 645 1427 644 1427 643 1427 626 1432 616 1435 610 1433 600 1427 599 1427 564 1427 562 1427 561 1427 548 1433 543 1435 534 1433 509 1427 508 1427 507 1427 485 1434 470 1438 456 1434 440 1428 439 1428 438 1428 437 1428 436 1428 429 1434 423 1439 368 1439 349 1435 319 1429 317 1429 316 1429 315 1429 306 1436 299 1440 242 1440 235 1436 229 1433 228 1433 227 1433 208 1437 189 1440 170 1437 137 1430 72 1430 71 1430 70 1430 59 1436 60 1472"/></Shape>
	    <String CONTENT="rũ figmenta prædicant, &amp; qui ipſißimã Chriſti uerita¬"
                    HPOS="59.0"
                    VPOS="1426.0"
                    WIDTH="829.0"
                    HEIGHT="63.0"
                    WC="0.9951182885603471"></String>
          </TextLine>
          <TextLine ID="line_27"
                    TAGREFS="LT8"
                    BASELINE="59 1522 883 1515" 
                    HPOS="58.0"
                    VPOS="1476.0"
                    WIDTH="825.0"
                    HEIGHT="74.0">
            <Shape><Polygon POINTS="59 1522 60 1550 88 1540 138 1548 150 1550 151 1550 152 1550 158 1548 185 1538 298 1538 319 1544 331 1548 332 1548 333 1549 362 1549 362 1548 363 1548 364 1548 371 1543 381 1537 399 1537 407 1542 413 1547 414 1547 415 1547 417 1548 474 1548 474 1547 475 1547 476 1547 484 1542 557 1546 558 1546 559 1546 582 1538 584 1538 586 1538 619 1545 620 1545 672 1537 695 1545 696 1545 697 1546 753 1546 753 1545 754 1545 755 1545 772 1534 775 1532 883 1531 883 1515 880 1485 753 1476 752 1476 751 1476 750 1476 739 1486 738 1487 703 1487 702 1486 691 1476 690 1476 689 1476 648 1476 647 1476 646 1476 622 1487 621 1487 618 1487 557 1477 556 1477 555 1477 518 1488 516 1488 515 1488 479 1478 478 1478 477 1478 427 1487 411 1478 410 1478 409 1478 356 1485 326 1479 325 1479 324 1479 323 1479 308 1490 277 1490 248 1490 236 1485 235 1485 234 1485 233 1485 221 1490 208 1485 207 1485 206 1485 177 1491 174 1491 169 1491 76 1482 75 1482 74 1482 72 1482 58 1489 59 1522"/></Shape>
	    <String CONTENT="tem, quam nemo docebit niſi impulſus miſſusq́; diuinitus·"
                    HPOS="58.0"
                    VPOS="1476.0"
                    WIDTH="825.0"
                    HEIGHT="74.0"></String>
          </TextLine>
        </TextBlock>
        <TextBlock HPOS="903.0"
                   VPOS="1217.0"
                   WIDTH="151.0"
                   HEIGHT="233.0"
                   ID="eSc_textblock_0b06774b"
                   TAGREFS="BT2635">
          <Shape><Polygon POINTS="903 1217 903 1450 1054 1450 1054 1217"/></Shape>
          <TextLine ID="eSc_line_07e9db9d"
                    TAGREFS="LT8"
                    BASELINE="900 1265 988 1265" 
                    HPOS="899.0"
                    VPOS="1208.0"
                    WIDTH="88.0"
                    HEIGHT="75.0">
            <Shape><Polygon POINTS="899 1281 985 1283 987 1264 985 1208 899 1214 899 1264"/></Shape>
	    <String CONTENT="Quis"
                    HPOS="899.0"
                    VPOS="1208.0"
                    WIDTH="88.0"
                    HEIGHT="75.0"
                    WC="0.9999161809682846"></String>
          </TextLine>
          <TextLine ID="eSc_line_7853369a"
                    TAGREFS="LT8"
                    BASELINE="900 1315 1015 1314" 
                    HPOS="898.0"
                    VPOS="1264.0"
                    WIDTH="115.0"
                    HEIGHT="67.0">
            <Shape><Polygon POINTS="899 1331 1012 1325 1013 1313 1007 1264 959 1277 898 1277 899 1314"/></Shape>
	    <String CONTENT="Chriſti"
                    HPOS="898.0"
                    VPOS="1264.0"
                    WIDTH="115.0"
                    HEIGHT="67.0"
                    WC="0.9978767888886588"></String>
          </TextLine>
          <TextLine ID="eSc_line_19ad426b"
                    TAGREFS="LT8"
                    BASELINE="900 1366 1028 1365" 
                    HPOS="899.0"
                    VPOS="1324.0"
                    WIDTH="128.0"
                    HEIGHT="79.0">
            <Shape><Polygon POINTS="899 1389 940 1392 940 1394 949 1402 949 1403 951 1403 952 1403 954 1403 1027 1400 1027 1364 1026 1324 899 1325 899 1364"/></Shape>
	    <String CONTENT="Apoſto¬"
                    HPOS="899.0"
                    VPOS="1324.0"
                    WIDTH="128.0"
                    HEIGHT="79.0"
                    WC="0.9791476130485535"></String>
          </TextLine>
          <TextLine ID="eSc_line_74d3e235"
                    TAGREFS="LT8"
                    BASELINE="900 1414 948 1414" 
                    HPOS="899.0"
                    VPOS="1372.0"
                    WIDTH="47.0"
                    HEIGHT="66.0">
            <Shape><Polygon POINTS="944 1438 946 1413 946 1386 901 1372 899 1413 899 1432"/></Shape>
	    <String CONTENT="lus·"
                    HPOS="899.0"
                    VPOS="1372.0"
                    WIDTH="47.0"
                    HEIGHT="66.0"
                    WC="0.9884352385997772"></String>
          </TextLine>
        </TextBlock>
        <TextBlock HPOS="565.0"
                   VPOS="1535.0"
                   WIDTH="143.0"
                   HEIGHT="47.0"
                   ID="eSc_textblock_e4cb92d9"
                   TAGREFS="BT17">
          <Shape><Polygon POINTS="565 1535 565 1582 708 1582 708 1549"/></Shape>
          <TextLine ID="line_29"
                    TAGREFS="LT8"
                    BASELINE="574 1569 607 1569" 
                    HPOS="574.0"
                    VPOS="1531.0"
                    WIDTH="33.0"
                    HEIGHT="51.0">
            <Shape><Polygon POINTS="574 1582 607 1580 607 1569 607 1531 574 1531 574 1569"/></Shape>
	    <String CONTENT="C"
                    HPOS="574.0"
                    VPOS="1531.0"
                    WIDTH="33.0"
                    HEIGHT="51.0"></String>
          </TextLine>
          <TextLine ID="line_30"
                    TAGREFS="LT8"
                    BASELINE="644 1569 690 1571" 
                    HPOS="641.0"
                    VPOS="1544.0"
                    WIDTH="48.0"
                    HEIGHT="47.0">
            <Shape><Polygon POINTS="643 1568 641 1591 688 1589 689 1569 688 1544 643 1544 643 1568"/></Shape>
	    <String CONTENT="2"
                    HPOS="641.0"
                    VPOS="1544.0"
                    WIDTH="48.0"
                    HEIGHT="47.0"
                    WC="0.9999207258224487"></String>
          </TextLine>
        </TextBlock>
        <TextBlock HPOS="769.0"
                   VPOS="1543.0"
                   WIDTH="143.0"
                   HEIGHT="35.0"
                   ID="eSc_textblock_69c2b6a8"
                   TAGREFS="BT17">
          <Shape><Polygon POINTS="769 1543 769 1578 912 1578 912 1543"/></Shape>
          <TextLine ID="line_28"
                    TAGREFS="LT8"
                    BASELINE="781 1571 888 1567" 
                    HPOS="777.0"
                    VPOS="1517.0"
                    WIDTH="110.0"
                    HEIGHT="80.0">
            <Shape><Polygon POINTS="780 1569 780 1588 852 1597 854 1597 855 1597 887 1588 887 1566 880 1517 829 1530 777 1521 780 1569"/></Shape>
	    <String CONTENT="Impelli"
                    HPOS="777.0"
                    VPOS="1517.0"
                    WIDTH="110.0"
                    HEIGHT="80.0"
                    WC="0.9740197573389325"></String>
          </TextLine>
        </TextBlock>
        <TextBlock HPOS="808.0"
                   VPOS="119.0"
                   WIDTH="85.0"
                   HEIGHT="52.0"
                   ID="eSc_textblock_76d1293d"
                   TAGREFS="BT15">
          <Shape><Polygon POINTS="808 119 808 171 893 171 893 119"/></Shape>
          <TextLine ID="eSc_line_f339090a"
                    TAGREFS="LT8"
                    BASELINE="834 161 877 158" 
                    HPOS="832.0"
                    VPOS="115.0"
                    WIDTH="44.0"
                    HEIGHT="61.0">
            <Shape><Polygon POINTS="833 176 874 173 876 157 869 115 832 125 833 159"/></Shape>
	    <String CONTENT="18"
                    HPOS="832.0"
                    VPOS="115.0"
                    WIDTH="44.0"
                    HEIGHT="61.0"
                    WC="0.9997266829013824"></String>
          </TextLine>
        </TextBlock>
      </PrintSpace>
    </Page>
  </Layout>
</alto>
