<?xml version="1.0" encoding="UTF-8"?>
<alto xmlns:xsi="http://www.w3.org/2001/XMLSchema-instance"
      xmlns="http://www.loc.gov/standards/alto/ns-v4#"
      xsi:schemaLocation="http://www.loc.gov/standards/alto/ns-v4# http://www.loc.gov/standards/alto/v4/alto-4-2.xsd">
  <Description>
    <MeasurementUnit>pixel</MeasurementUnit>
    <sourceImageInformation>
      <fileName>bsb00035303_00010.jpg</fileName>
    </sourceImageInformation>
  </Description>
  <Tags>
    <OtherTag ID="BT7" LABEL="CustomZone" DESCRIPTION="block type CustomZone"/><OtherTag ID="BT8" LABEL="DamageZone" DESCRIPTION="block type DamageZone"/><OtherTag ID="BT9" LABEL="DigitizationArtefactZone" DESCRIPTION="block type DigitizationArtefactZone"/><OtherTag ID="BT10" LABEL="DropCapitalZone" DESCRIPTION="block type DropCapitalZone"/><OtherTag ID="BT11" LABEL="GraphicZone" DESCRIPTION="block type GraphicZone"/><OtherTag ID="BT12" LABEL="MainZone" DESCRIPTION="block type MainZone"/><OtherTag ID="BT13" LABEL="MarginTextZone" DESCRIPTION="block type MarginTextZone"/><OtherTag ID="BT14" LABEL="MusicZone" DESCRIPTION="block type MusicZone"/><OtherTag ID="BT15" LABEL="NumberingZone" DESCRIPTION="block type NumberingZone"/><OtherTag ID="BT17" LABEL="QuireMarksZone" DESCRIPTION="block type QuireMarksZone"/><OtherTag ID="BT18" LABEL="RunningTitleZone" DESCRIPTION="block type RunningTitleZone"/><OtherTag ID="BT19" LABEL="SealZone" DESCRIPTION="block type SealZone"/><OtherTag ID="BT20" LABEL="StampZone" DESCRIPTION="block type StampZone"/><OtherTag ID="BT21" LABEL="TableZone" DESCRIPTION="block type TableZone"/><OtherTag ID="BT22" LABEL="TitlePageZone" DESCRIPTION="block type TitlePageZone"/><OtherTag ID="BT2633" LABEL="MainZone-Head" DESCRIPTION="block type MainZone-Head"/><OtherTag ID="BT2634" LABEL="MainZone-P" DESCRIPTION="block type MainZone-P"/><OtherTag ID="BT2635" LABEL="MarginTextZone-Notes" DESCRIPTION="block type MarginTextZone-Notes"/><OtherTag ID="BT2636" LABEL="MainZone-P-Continued" DESCRIPTION="block type MainZone-P-Continued"/>
    <OtherTag ID="LT7" LABEL="CustomLine" DESCRIPTION="line type CustomLine"/><OtherTag ID="LT8" LABEL="DefaultLine" DESCRIPTION="line type DefaultLine"/><OtherTag ID="LT9" LABEL="DropCapitalLine" DESCRIPTION="line type DropCapitalLine"/><OtherTag ID="LT10" LABEL="HeadingLine" DESCRIPTION="line type HeadingLine"/><OtherTag ID="LT11" LABEL="InterlinearLine" DESCRIPTION="line type InterlinearLine"/><OtherTag ID="LT12" LABEL="MusicLine" DESCRIPTION="line type MusicLine"/>
  </Tags>
  <Layout>
    <Page WIDTH="1128"
          HEIGHT="1876"
          PHYSICAL_IMG_NR="9"
          ID="eSc_dummypage_">
      <PrintSpace HPOS="0"
                  VPOS="0"
                  WIDTH="1128"
                  HEIGHT="1876">
        <TextBlock HPOS="489.0"
                   VPOS="102.0"
                   WIDTH="355.0"
                   HEIGHT="56.0"
                   ID="block_4"
                   TAGREFS="BT18">
          <Shape><Polygon POINTS="844 102 844 158 489 158 489 102"/></Shape>
          <TextLine ID="line_0"
                    TAGREFS="LT10"
                    BASELINE="488 141 836 143" 
                    HPOS="487.0"
                    VPOS="101.0"
                    WIDTH="349.0"
                    HEIGHT="54.0">
            <Shape><Polygon POINTS="821 107 818 107 811 109 800 107 790 107 779 107 769 107 758 107 751 107 739 109 720 107 717 107 706 107 696 107 685 107 675 107 669 107 663 109 656 107 654 107 644 107 633 107 623 107 612 107 602 107 592 107 581 107 571 107 560 107 550 107 548 107 530 108 524 107 519 107 508 105 507 104 488 101 488 141 487 155 835 155 836 143 834 107 831 107"/></Shape>
	    <String CONTENT="M. BVCERI"
                    HPOS="487.0"
                    VPOS="101.0"
                    WIDTH="349.0"
                    HEIGHT="54.0"
                    WC="0.9932437598705292"></String>
          </TextLine>
        </TextBlock>
        <TextBlock HPOS="240.0"
                   VPOS="182.0"
                   WIDTH="843.0"
                   HEIGHT="1094.0"
                   ID="eSc_textblock_e81a381e"
                   TAGREFS="BT2636">
          <Shape><Polygon POINTS="240 182 240 1276 1083 1276 1083 182"/></Shape>
          <TextLine ID="line_1"
                    TAGREFS="LT8"
                    BASELINE="254 211 1071 214" 
                    HPOS="251"
                    VPOS="182"
                    WIDTH="817"
                    HEIGHT="52">
            <Shape><Polygon POINTS="1065 182 253 182 251 226 636 226 683 234 1068 226 1068 182 1065 182"/></Shape>
	    <String CONTENT="utrun inſtiumentum ſua lingua, &amp; gratia Deo, multi"
                    HPOS="251"
                    VPOS="182"
                    WIDTH="817"
                    HEIGHT="52"></String>
          </TextLine>
          <TextLine ID="line_2"
                    TAGREFS="LT8"
                    BASELINE="247 261 1068 263" 
                    HPOS="244.0"
                    VPOS="217.0"
                    WIDTH="822.0"
                    HEIGHT="69.0">
            <Shape><Polygon POINTS="391 275 444 282 488 275 719 284 851 276 882 284 908 276 924 286 1026 286 1065 275 1066 262 1063 221 721 228 664 220 653 228 556 228 547 218 519 226 466 218 389 226 370 218 336 226 314 218 275 226 247 217 244 279"/></Shape>
	    <String CONTENT="ſunt hodie, qui eas linguas calleant, ut ad fontes ſemper"
                    HPOS="244.0"
                    VPOS="217.0"
                    WIDTH="822.0"
                    HEIGHT="69.0"
                    WC="0.9916230942073622"></String>
          </TextLine>
          <TextLine ID="line_3"
                    TAGREFS="LT8"
                    BASELINE="247 309 1071 312" 
                    HPOS="244.0"
                    VPOS="268.0"
                    WIDTH="826.0"
                    HEIGHT="68.0">
            <Shape><Polygon POINTS="245 307 244 328 337 323 359 334 486 334 583 323 616 332 643 323 650 331 775 325 791 336 868 336 882 325 1068 325 1070 311 1068 278 757 270 704 278 657 268 596 276 531 268 245 275 245 307"/></Shape>
	    <String CONTENT="redire liceat, ſi quid interpretes, parũ aſſequerentur, ea"
                    HPOS="244.0"
                    VPOS="268.0"
                    WIDTH="826.0"
                    HEIGHT="68.0"
                    WC="0.984027390762911"></String>
          </TextLine>
          <TextLine ID="line_4"
                    TAGREFS="LT8"
                    BASELINE="247 361 1071 361" 
                    HPOS="245.0"
                    VPOS="318.0"
                    WIDTH="825.0"
                    HEIGHT="66.0">
            <Shape><Polygon POINTS="245 359 245 384 1070 384 1070 359 1070 326 937 318 935 318 934 318 932 318 932 320 927 325 923 329 729 329 693 323 663 318 661 318 625 322 577 328 571 322 567 320 567 318 566 318 564 318 508 318 506 318 505 318 503 318 503 320 502 322 494 329 423 329 383 320 370 318 369 318 367 318 366 318 366 320 364 320 356 329 292 329 283 320 283 318 281 318 280 318 278 318 245 318 245 359"/></Shape>
	    <String CONTENT="libertas in uertendis ſacris adhiberetur, quam ſibi fidi in"
                    HPOS="245.0"
                    VPOS="318.0"
                    WIDTH="825.0"
                    HEIGHT="66.0"
                    WC="0.9903315396632179"></String>
          </TextLine>
          <TextLine ID="line_5"
                    TAGREFS="LT8"
                    BASELINE="247 408 1069 411" 
                    HPOS="244.0"
                    VPOS="370.0"
                    WIDTH="824.0"
                    HEIGHT="59.0">
            <Shape><Polygon POINTS="245 406 244 428 1065 429 1068 409 1066 372 245 370 245 406"/></Shape>
	    <String CONTENT="terpretes permittunt in prophanis. Qui enim dices in lin"
                    HPOS="244.0"
                    VPOS="370.0"
                    WIDTH="824.0"
                    HEIGHT="59.0"
                    WC="0.9949197662728173"></String>
          </TextLine>
          <TextLine ID="line_6"
                    TAGREFS="LT8"
                    BASELINE="247 463 494 459 1071 460" 
                    HPOS="244.0"
                    VPOS="418.0"
                    WIDTH="826.0"
                    HEIGHT="63.0">
            <Shape><Polygon POINTS="245 462 245 481 356 473 1068 473 1070 459 1068 428 1024 418 1023 418 1021 418 1005 426 980 418 979 418 977 418 918 426 907 418 905 418 904 418 902 418 901 418 872 426 819 418 818 418 705 426 658 418 657 418 553 426 478 418 477 418 475 418 474 418 474 420 466 428 417 428 353 418 352 418 350 418 348 418 348 420 341 428 281 428 261 418 259 418 258 418 256 418 255 418 244 425 245 462"/></Shape>
	    <String CONTENT="guam aliquamuerſum, quod in ea non dum propter alte¬"
                    HPOS="244.0"
                    VPOS="418.0"
                    WIDTH="826.0"
                    HEIGHT="63.0"
                    WC="0.9926555156707764"></String>
          </TextLine>
          <TextLine ID="line_7"
                    TAGREFS="LT8"
                    BASELINE="247 510 1070 510" 
                    HPOS="245.0"
                    VPOS="470.0"
                    WIDTH="823.0"
                    HEIGHT="59.0">
            <Shape><Polygon POINTS="245 509 245 523 1066 529 1068 509 1066 470 245 470 245 509"/></Shape>
	    <String CONTENT="rius linguæ ex qua uerſum eſt idiotiſmos, poteſt intelligis?"
                    HPOS="245.0"
                    VPOS="470.0"
                    WIDTH="823.0"
                    HEIGHT="59.0"
                    WC="0.9967541138331095"></String>
          </TextLine>
          <TextLine ID="line_8"
                    TAGREFS="LT8"
                    BASELINE="242 560 1073 557" 
                    HPOS="241.0"
                    VPOS="523.0"
                    WIDTH="832.0"
                    HEIGHT="54.0">
            <Shape><Polygon POINTS="242 560 244 577 251 572 403 575 500 577 501 577 516 574 531 571 542 574 549 576 550 576 551 576 569 574 591 571 659 573 759 576 761 576 785 572 792 571 838 571 1040 575 1041 575 1072 569 1073 557 1071 531 948 531 946 530 936 523 935 523 934 523 850 523 849 523 810 529 794 531 656 531 652 528 649 525 648 525 647 525 646 525 645 525 634 528 622 531 609 528 599 525 598 525 597 525 576 528 549 531 543 527 542 526 541 526 540 526 486 525 485 525 484 525 479 527 466 532 427 527 412 525 411 525 384 526 311 531 302 526 301 525 300 525 299 525 298 525 241 525 242 560"/></Shape>
	    <String CONTENT="Scio religionem hanc interpretum, maieſtati ſcriptura¬"
                    HPOS="241.0"
                    VPOS="523.0"
                    WIDTH="832.0"
                    HEIGHT="54.0"
                    WC="0.9894133188106395"></String>
          </TextLine>
          <TextLine ID="line_9"
                    TAGREFS="LT8"
                    BASELINE="242 610 1075 610" 
                    HPOS="242.0"
                    VPOS="572.0"
                    WIDTH="833.0"
                    HEIGHT="56.0">
            <Shape><Polygon POINTS="242 610 242 620 299 627 300 627 353 621 356 621 358 621 381 627 382 627 383 627 384 627 398 621 399 621 404 621 456 627 457 627 485 622 489 621 495 622 515 626 516 626 551 622 561 621 564 622 571 627 572 627 573 627 574 627 606 622 616 621 619 622 628 627 629 627 630 627 631 627 651 622 657 621 665 623 680 627 681 627 682 628 750 628 750 627 751 627 759 623 762 622 768 623 788 627 789 627 851 623 896 621 914 624 935 627 936 627 937 627 948 624 959 621 987 624 1014 627 1015 627 1075 624 1075 610 1074 572 1042 573 1041 573 1040 573 1028 581 831 581 822 574 820 572 819 572 818 572 753 572 752 572 698 576 633 580 626 576 617 572 616 572 615 572 614 572 596 577 591 578 589 577 582 572 581 572 580 572 579 572 538 577 537 577 530 572 529 572 528 572 470 572 469 572 468 572 467 572 456 578 452 581 432 581 428 578 413 572 412 572 411 572 410 572 388 578 362 572 361 572 360 572 359 572 358 572 346 579 344 581 242 581 242 610"/></Shape>
	    <String CONTENT="rum tributam, ſed ut dixi autogropha ſpiritus extant, ad"
                    HPOS="242.0"
                    VPOS="572.0"
                    WIDTH="833.0"
                    HEIGHT="56.0"
                    WC="0.9859789514115879"></String>
          </TextLine>
          <TextLine ID="line_10"
                    TAGREFS="LT8"
                    BASELINE="246 658 1071 661" 
                    HPOS="244.0"
                    VPOS="620.0"
                    WIDTH="827.0"
                    HEIGHT="59.0">
            <Shape><Polygon POINTS="246 658 244 673 331 677 332 677 333 677 341 674 354 670 371 674 381 677 382 677 383 677 384 677 390 674 401 670 427 675 442 677 443 677 464 675 506 670 526 675 536 678 537 678 538 678 540 678 549 675 557 673 561 675 566 678 567 678 568 678 569 679 653 679 653 678 654 678 658 676 670 671 741 671 802 677 827 679 828 679 829 679 836 677 851 672 973 672 983 677 984 677 985 677 986 677 1031 672 1069 678 1071 661 1070 625 1031 629 1024 625 1021 622 1020 622 1019 622 983 622 982 622 966 625 942 630 936 625 932 622 930 622 929 622 897 622 896 622 857 625 803 630 750 630 743 626 733 621 732 621 599 621 598 621 597 621 596 621 589 626 584 630 542 630 530 626 505 620 504 620 503 620 502 620 478 627 472 628 461 627 434 623 433 623 432 623 424 627 421 629 354 629 350 627 329 620 328 620 327 620 246 627 246 658"/></Shape>
	    <String CONTENT="quæ ſemper potest corrigi, ſicubi interpretes dormitent,"
                    HPOS="244.0"
                    VPOS="620.0"
                    WIDTH="827.0"
                    HEIGHT="59.0"
                    WC="0.9899855766977582"></String>
          </TextLine>
          <TextLine ID="line_11"
                    TAGREFS="LT8"
                    BASELINE="246 708 1073 706" 
                    HPOS="244.0"
                    VPOS="671.0"
                    WIDTH="829.0"
                    HEIGHT="56.0">
            <Shape><Polygon POINTS="246 708 246 727 304 721 405 726 415 726 417 726 458 725 646 721 651 724 654 726 655 726 656 726 657 726 658 726 659 726 663 723 666 720 675 723 680 725 681 725 682 725 683 725 688 723 696 720 744 723 789 725 790 725 865 721 901 720 932 721 1041 725 1042 725 1072 719 1073 706 1070 680 987 680 986 680 975 672 974 672 973 672 972 672 937 680 935 680 933 680 904 671 903 671 902 671 901 671 871 680 860 671 859 671 857 671 830 671 829 671 828 671 798 680 797 681 766 681 765 680 752 672 751 672 750 672 714 671 713 671 712 671 691 680 691 681 656 681 651 681 607 672 606 672 559 681 556 681 554 681 540 676 538 676 537 676 536 676 523 680 511 672 510 672 509 672 508 672 439 679 384 672 383 672 382 672 381 672 370 681 244 681 246 708"/></Shape>
	    <String CONTENT="quarc mihi præstare uidetur, dum uerſionibus ijs con¬"
                    HPOS="244.0"
                    VPOS="671.0"
                    WIDTH="829.0"
                    HEIGHT="56.0"
                    WC="0.9979466132397922"></String>
          </TextLine>
          <TextLine ID="line_12"
                    TAGREFS="LT8"
                    BASELINE="247 759 1076 757" 
                    HPOS="247.0"
                    VPOS="720.0"
                    WIDTH="829.0"
                    HEIGHT="59.0">
            <Shape><Polygon POINTS="247 748 247 759 248 779 274 772 330 772 339 777 340 777 341 777 342 777 374 772 388 778 389 778 390 778 391 779 431 779 431 778 432 778 433 778 434 777 443 772 451 777 452 778 453 778 454 778 455 778 463 777 493 772 513 776 522 778 523 778 524 778 530 776 545 772 552 776 555 778 556 778 557 778 558 778 559 778 568 776 583 772 589 776 592 778 593 778 594 778 595 779 625 779 625 778 642 775 663 771 677 775 682 776 683 776 684 776 755 774 847 771 851 773 861 777 862 777 863 777 902 772 916 771 938 772 1027 777 1028 777 1075 770 1076 757 1075 729 1062 724 1061 724 1060 724 1059 724 1045 729 1041 730 1036 729 1017 725 1016 725 952 729 935 730 928 729 899 724 898 724 897 724 896 724 888 729 887 730 886 729 867 721 866 721 865 721 864 721 846 730 844 731 733 731 731 730 701 720 700 720 699 720 650 721 649 721 648 721 633 730 632 731 625 730 557 721 556 721 555 721 525 731 523 731 520 731 489 721 488 721 487 721 418 728 406 721 405 721 404 721 289 721 288 721 287 721 286 721 272 731 272 732 250 732 247 748"/></Shape>
	    <String CONTENT="ſuli debet, qui ſacras linguas Ebræam &amp; Græcam igno¬"
                    HPOS="247.0"
                    VPOS="720.0"
                    WIDTH="829.0"
                    HEIGHT="59.0"
                    WC="0.9972507208585739"></String>
          </TextLine>
          <TextLine ID="line_13"
                    TAGREFS="LT8"
                    BASELINE="244 810 1076 808" 
                    HPOS="244.0"
                    VPOS="770.0"
                    WIDTH="832.0"
                    HEIGHT="59.0">
            <Shape><Polygon POINTS="244 797 244 810 246 829 265 821 316 821 330 827 331 827 332 827 354 823 360 828 361 829 362 829 363 829 364 829 420 828 421 828 422 828 432 821 493 827 515 829 516 829 531 827 557 823 571 827 580 829 581 829 582 829 583 829 584 829 587 826 598 821 622 821 630 826 634 829 635 829 636 829 638 829 664 826 709 820 750 825 753 825 754 825 758 825 804 820 813 825 817 828 818 828 819 828 820 828 848 827 849 827 850 827 854 824 861 820 879 824 898 828 899 828 900 828 916 824 920 823 928 824 965 828 966 828 1075 822 1076 808 1073 772 937 779 928 773 924 770 923 770 922 770 921 770 895 773 863 778 850 774 838 770 837 770 836 770 835 770 834 770 828 774 820 780 720 780 714 775 705 770 704 770 703 770 702 770 635 771 634 771 621 776 619 777 616 776 591 771 590 771 556 776 499 771 498 771 497 771 496 771 487 778 483 781 435 781 430 778 409 771 408 771 407 771 406 771 376 779 371 781 249 781 244 797"/></Shape>
	    <String CONTENT="rant, neq; ſacrorũ ſcriptorũ ſchematis aßueti ſunt, ut quã"
                    HPOS="244.0"
                    VPOS="770.0"
                    WIDTH="832.0"
                    HEIGHT="59.0"
                    WC="0.9988072299566425"></String>
          </TextLine>
          <TextLine ID="line_14"
                    TAGREFS="LT8"
                    BASELINE="246 860 1073 858" 
                    HPOS="244.0"
                    VPOS="819.0"
                    WIDTH="829.0"
                    HEIGHT="59.0">
            <Shape><Polygon POINTS="246 860 246 878 289 871 344 871 357 877 358 877 359 877 424 871 531 877 532 877 533 877 558 871 617 877 618 877 678 870 740 870 748 876 749 876 750 876 751 876 796 870 821 876 822 876 823 876 855 871 874 876 875 876 876 877 1072 877 1073 858 1070 828 1028 828 1026 827 1018 822 1017 822 1016 822 1015 822 974 827 962 828 959 827 948 819 947 819 946 819 914 819 913 819 912 819 911 819 901 826 898 829 800 829 796 825 788 819 787 819 786 819 756 819 755 819 702 824 655 830 632 830 623 824 618 820 617 820 616 820 615 820 578 823 549 826 544 823 540 820 538 820 537 820 487 820 486 820 485 820 478 822 469 826 420 822 393 820 391 820 390 820 389 820 387 822 376 830 357 830 341 821 338 820 337 820 336 820 329 821 301 828 283 821 281 820 280 820 279 820 244 820 246 860"/></Shape>
	    <String CONTENT="familiarißime &amp; planißime etiam ſacra tranfferrentur."
                    HPOS="244.0"
                    VPOS="819.0"
                    WIDTH="829.0"
                    HEIGHT="59.0"
                    WC="0.9848959715861194"></String>
          </TextLine>
          <TextLine ID="line_15"
                    TAGREFS="LT8"
                    BASELINE="244 906 1073 910" 
                    HPOS="243.0"
                    VPOS="870.0"
                    WIDTH="830.0"
                    HEIGHT="59.0">
            <Shape><Polygon POINTS="244 906 243 920 338 925 339 925 340 925 352 922 361 919 384 922 410 925 411 925 412 925 422 922 431 919 439 922 446 925 447 925 448 925 479 923 517 920 536 923 553 926 554 926 555 926 566 924 581 920 595 924 602 926 603 926 604 926 638 924 696 921 703 925 705 927 706 927 707 927 708 927 709 927 717 925 733 921 756 925 767 927 768 927 790 926 855 921 888 927 897 928 898 928 925 927 1031 922 1040 928 1041 928 1042 928 1043 929 1072 929 1073 910 1073 879 1040 873 1039 873 1038 873 1019 879 1013 881 955 881 946 878 921 873 920 873 919 873 918 873 909 878 908 879 906 878 894 873 893 873 892 873 891 873 880 878 876 880 873 878 861 872 860 872 859 872 857 872 838 877 797 872 796 872 795 872 771 878 770 878 751 872 750 872 749 872 748 872 726 878 722 879 713 878 657 871 656 871 655 871 640 878 639 879 601 879 600 878 591 871 590 871 589 871 587 871 552 878 550 878 547 878 522 873 521 873 520 873 501 878 499 878 384 878 352 878 338 871 337 871 336 871 335 871 311 877 298 870 297 870 296 870 244 877 244 906"/></Shape>
	    <String CONTENT="Id igitur pro mea tenuitate in hac Epistola dedi operam,"
                    HPOS="243.0"
                    VPOS="870.0"
                    WIDTH="830.0"
                    HEIGHT="59.0"
                    WC="0.9848164139049393"></String>
          </TextLine>
          <TextLine ID="line_16"
                    TAGREFS="LT8"
                    BASELINE="246 958 1076 958" 
                    HPOS="246.0"
                    VPOS="920.0"
                    WIDTH="830.0"
                    HEIGHT="58.0">
            <Shape><Polygon POINTS="246 958 246 977 325 972 353 976 360 977 361 977 362 977 363 977 364 976 376 969 449 975 462 976 463 976 470 975 498 969 509 975 515 977 516 977 517 978 565 978 565 977 566 977 573 974 583 970 624 973 668 977 669 977 670 977 682 973 694 969 766 969 778 972 802 977 803 977 804 977 805 977 815 971 816 971 821 971 866 976 867 976 868 976 888 971 893 969 897 970 908 975 909 975 910 975 950 970 951 970 952 970 969 976 970 976 971 976 1000 969 1002 969 1003 969 1020 977 1021 977 1022 977 1076 968 1076 958 1076 930 1021 930 1009 920 1008 920 1007 920 976 920 975 920 974 920 973 920 963 928 925 920 924 920 923 920 922 920 906 929 870 929 842 920 841 920 840 920 764 929 750 920 749 920 748 920 747 920 746 920 718 930 644 930 630 920 629 920 628 920 627 920 626 920 596 928 585 920 584 920 583 920 537 920 536 920 535 920 512 928 470 920 469 920 468 920 437 929 422 922 421 922 420 922 419 922 391 929 380 920 379 920 378 920 315 920 314 920 313 920 312 920 300 930 246 930 246 958"/></Shape>
	    <String CONTENT="quid aſſecutus ſim alij iudicent. Si cui uidear alicubi ma¬"
                    HPOS="246.0"
                    VPOS="920.0"
                    WIDTH="830.0"
                    HEIGHT="58.0"
                    WC="0.9933973106287294"></String>
          </TextLine>
          <TextLine ID="line_17"
                    TAGREFS="LT8"
                    BASELINE="247 1015 375 1008 1079 1009" 
                    HPOS="247.0"
                    VPOS="969.0"
                    WIDTH="832.0"
                    HEIGHT="59.0">
            <Shape><Polygon POINTS="248 995 247 1015 247 1028 286 1020 300 1027 301 1027 302 1027 345 1020 369 1027 370 1027 371 1027 373 1027 411 1020 436 1026 439 1027 440 1027 442 1027 447 1026 476 1020 512 1020 524 1025 527 1027 528 1027 529 1028 575 1028 575 1027 576 1027 577 1027 580 1025 587 1021 595 1025 600 1027 601 1027 602 1028 690 1028 690 1027 691 1027 698 1024 706 1020 739 1023 777 1027 778 1027 779 1027 793 1023 798 1020 860 1020 865 1022 876 1026 877 1026 878 1026 910 1021 919 1020 923 1021 941 1027 942 1027 943 1027 944 1027 964 1021 967 1020 1077 1020 1079 1009 1076 976 1058 978 1052 976 1040 970 1039 970 1038 970 1037 970 1016 976 1008 978 1004 976 995 969 994 969 993 969 992 969 925 974 910 969 909 969 908 969 906 969 905 969 896 976 893 978 874 976 829 972 828 972 827 972 818 976 814 979 777 979 773 977 763 973 762 973 761 973 727 977 723 977 721 977 696 969 695 969 694 969 693 969 673 977 670 978 664 977 620 969 619 969 587 975 567 969 566 969 565 969 506 978 501 978 498 978 470 969 469 969 435 969 434 969 433 969 432 969 425 975 397 969 396 969 395 969 375 978 375 979 251 979 248 995"/></Shape>
	    <String CONTENT="gis paraphraſten egiße quam interpretem, is ſi libet ita"
                    HPOS="247.0"
                    VPOS="969.0"
                    WIDTH="832.0"
                    HEIGHT="59.0"
                    WC="0.9963569971067565"></String>
          </TextLine>
          <TextLine ID="line_18"
                    TAGREFS="LT8"
                    BASELINE="247 1058 1080 1058" 
                    HPOS="247.0"
                    VPOS="1019.0"
                    WIDTH="833.0"
                    HEIGHT="59.0">
            <Shape><Polygon POINTS="247 1058 247 1078 278 1078 278 1077 279 1077 280 1077 290 1069 305 1077 306 1077 307 1078 341 1078 341 1077 342 1077 344 1077 364 1069 423 1069 437 1076 438 1076 439 1076 440 1076 474 1069 515 1076 524 1077 525 1077 526 1077 529 1076 546 1069 570 1076 576 1077 577 1077 578 1077 579 1077 583 1075 601 1069 669 1074 670 1074 707 1070 725 1075 734 1077 736 1077 737 1077 817 1076 818 1076 825 1074 839 1070 853 1074 863 1076 864 1076 865 1076 876 1074 894 1070 924 1073 955 1077 957 1077 958 1077 974 1073 992 1069 1079 1072 1080 1058 1080 1019 1048 1019 1047 1019 1046 1019 1045 1019 1033 1028 977 1022 976 1022 938 1028 899 1021 889 1019 831 1019 830 1019 829 1019 824 1022 817 1025 810 1022 802 1019 801 1019 696 1019 695 1019 694 1019 684 1023 674 1029 614 1029 600 1024 583 1019 582 1019 581 1019 580 1019 567 1025 557 1028 525 1025 469 1020 468 1020 467 1020 452 1026 447 1028 432 1026 407 1023 406 1023 405 1023 404 1023 399 1027 396 1029 247 1029 247 1058"/></Shape>
	    <String CONTENT="quoq; me nominet, uideor mihi tamẽ nihil à mente Pauli"
                    HPOS="247.0"
                    VPOS="1019.0"
                    WIDTH="833.0"
                    HEIGHT="59.0"
                    WC="0.9930625036358833"></String>
          </TextLine>
          <TextLine ID="line_19"
                    TAGREFS="LT8"
                    BASELINE="244 1108 1079 1108" 
                    HPOS="244.0"
                    VPOS="1069.0"
                    WIDTH="835.0"
                    HEIGHT="57.0">
            <Shape><Polygon POINTS="244 1108 244 1118 256 1123 257 1123 258 1123 259 1123 271 1118 281 1125 282 1125 283 1125 284 1125 285 1125 286 1125 297 1119 456 1125 457 1125 458 1125 486 1118 488 1118 578 1118 579 1118 587 1123 589 1123 590 1123 591 1123 702 1118 706 1118 707 1118 753 1125 754 1125 795 1120 842 1124 843 1124 844 1124 845 1124 851 1119 860 1125 861 1125 862 1125 863 1126 916 1126 916 1125 917 1125 918 1125 927 1119 966 1119 977 1124 978 1124 1050 1125 1051 1125 1052 1125 1079 1117 1079 1108 1077 1077 1041 1079 1036 1077 1019 1069 1018 1069 989 1069 988 1069 987 1069 971 1077 970 1077 968 1077 941 1072 940 1072 912 1077 900 1080 786 1080 782 1078 774 1071 773 1071 772 1071 724 1069 723 1069 722 1069 721 1069 705 1078 704 1079 702 1078 691 1071 690 1071 689 1071 634 1070 633 1070 632 1070 615 1076 587 1069 586 1069 585 1069 584 1069 571 1075 564 1070 562 1070 561 1070 560 1070 559 1070 558 1070 545 1078 543 1080 499 1080 497 1079 472 1069 471 1069 391 1069 390 1069 311 1079 291 1069 290 1069 289 1069 244 1079 244 1108"/></Shape>
	    <String CONTENT="alienum aſſuiße. Adieci deinde &amp; commentariũ, quo"
                    HPOS="244.0"
                    VPOS="1069.0"
                    WIDTH="835.0"
                    HEIGHT="57.0"
                    WC="0.980244517326355"></String>
          </TextLine>
          <TextLine ID="line_20"
                    TAGREFS="LT8"
                    BASELINE="248 1161 1080 1158" 
                    HPOS="247.0"
                    VPOS="1117.0"
                    WIDTH="833.0"
                    HEIGHT="61.0">
            <Shape><Polygon POINTS="248 1161 249 1177 266 1171 308 1177 312 1177 313 1177 314 1177 315 1177 329 1170 354 1176 357 1177 358 1177 359 1178 427 1178 427 1177 428 1177 429 1177 430 1176 439 1170 571 1170 578 1175 580 1177 581 1177 582 1177 583 1177 608 1175 665 1169 736 1169 748 1174 753 1176 754 1176 755 1176 792 1173 851 1169 862 1173 870 1176 871 1176 872 1176 1079 1171 1080 1158 1076 1125 903 1126 898 1123 892 1119 891 1119 890 1119 889 1119 851 1123 820 1126 812 1123 799 1117 798 1117 797 1117 796 1117 782 1122 773 1127 742 1127 736 1122 728 1117 727 1117 726 1117 680 1117 679 1117 678 1117 666 1122 651 1127 549 1121 547 1121 546 1121 545 1121 530 1127 522 1120 519 1118 518 1118 517 1118 516 1118 466 1120 361 1125 348 1119 345 1118 344 1118 342 1118 336 1119 303 1127 286 1119 284 1118 283 1118 282 1118 247 1118 248 1161"/></Shape>
	    <String CONTENT="ſingula Epiſtolæ huius pro uirili explicare ijs, qui in Pau"
                    HPOS="247.0"
                    VPOS="1117.0"
                    WIDTH="833.0"
                    HEIGHT="61.0"
                    WC="0.9898791131326707"></String>
          </TextLine>
          <TextLine ID="eSc_line_5d4638f9"
                    TAGREFS="LT8"
                    BASELINE="247 1216 1071 1212" 
                    HPOS="244.0"
                    VPOS="1164.0"
                    WIDTH="826.0"
                    HEIGHT="67.0">
            <Shape><Polygon POINTS="245 1228 398 1222 427 1231 577 1231 632 1222 657 1230 677 1220 1005 1228 1068 1219 1070 1211 1068 1174 1035 1164 960 1164 952 1174 869 1174 855 1164 796 1174 697 1174 685 1164 680 1164 617 1175 500 1175 492 1166 459 1175 402 1175 394 1166 386 1166 377 1174 331 1166 244 1170 245 1214"/></Shape>
	    <String CONTENT="Linis literis nondum exerciti ſunt, &amp; quidem omnia ſim¬"
                    HPOS="244.0"
                    VPOS="1164.0"
                    WIDTH="826.0"
                    HEIGHT="67.0"></String>
          </TextLine>
          <TextLine ID="eSc_line_3042f9b4"
                    TAGREFS="LT8"
                    BASELINE="255 1267 1066 1261" 
                    HPOS="251.0"
                    VPOS="1213.0"
                    WIDTH="814.0"
                    HEIGHT="68.0">
            <Shape><Polygon POINTS="976 1213 965 1220 954 1213 891 1219 869 1213 855 1213 844 1222 711 1213 707 1213 697 1222 633 1214 563 1224 527 1214 520 1214 510 1224 402 1216 377 1225 355 1216 273 1216 251 1225 253 1281 295 1274 408 1281 456 1272 506 1280 541 1272 624 1280 672 1272 1063 1272 1065 1260 1060 1220 1001 1220 987 1213"/></Shape>
	    <String CONTENT="pliſime ſum anniſus, ut ſucceſſerit fratrũ eſto iuditium·"
                    HPOS="251.0"
                    VPOS="1213.0"
                    WIDTH="814.0"
                    HEIGHT="68.0"></String>
          </TextLine>
        </TextBlock>
        <TextBlock HPOS="243"
                   VPOS="1278"
                   WIDTH="852"
                   HEIGHT="302"
                   ID="block_0"
                   TAGREFS="BT2634">
          <Shape><Polygon POINTS="1090 1278 1095 1571 243 1580 243 1278"/></Shape>
          <TextLine ID="line_31"
                    TAGREFS="LT8"
                    BASELINE="301 1307 1080 1306" 
                    HPOS="300.0"
                    VPOS="1269.0"
                    WIDTH="780.0"
                    HEIGHT="56.0">
            <Shape><Polygon POINTS="301 1307 301 1319 408 1325 409 1325 410 1325 411 1325 419 1319 420 1319 520 1319 522 1319 546 1325 547 1325 548 1325 549 1325 562 1319 564 1319 565 1319 589 1325 590 1325 591 1325 592 1325 607 1319 608 1319 610 1319 650 1324 651 1324 722 1319 725 1319 728 1319 800 1325 801 1325 841 1319 847 1324 848 1324 849 1324 918 1325 919 1325 948 1319 985 1325 986 1325 1017 1319 1060 1325 1061 1325 1062 1325 1080 1318 1080 1306 1076 1271 847 1277 841 1273 838 1270 837 1270 836 1270 835 1270 834 1270 823 1273 821 1274 818 1273 806 1269 805 1269 804 1269 803 1269 791 1274 785 1276 781 1274 776 1269 775 1269 774 1269 742 1269 741 1269 740 1269 739 1269 732 1274 730 1276 722 1274 700 1270 699 1270 677 1275 668 1277 665 1275 657 1269 656 1269 655 1269 654 1269 621 1274 598 1269 597 1269 596 1269 595 1269 575 1276 571 1277 567 1276 547 1271 546 1271 545 1271 544 1271 532 1276 530 1278 489 1278 488 1277 479 1269 478 1269 477 1269 429 1269 428 1269 427 1269 426 1269 415 1278 359 1278 319 1269 317 1269 316 1269 300 1277 301 1307"/></Shape>
	    <String CONTENT="Quicquid hoc operis est, tibi clarißime princeps dedi"
                    HPOS="300.0"
                    VPOS="1269.0"
                    WIDTH="780.0"
                    HEIGHT="56.0"
                    WC="0.992000733906368"></String>
          </TextLine>
          <TextLine ID="line_32"
                    TAGREFS="LT8"
                    BASELINE="247 1355 1080 1358" 
                    HPOS="247.0"
                    VPOS="1330.0"
                    WIDTH="833.0"
                    HEIGHT="47.0">
            <Shape><Polygon POINTS="247 1369 262 1373 263 1373 353 1370 361 1375 362 1375 363 1375 364 1376 542 1376 542 1375 543 1375 544 1375 551 1369 574 1375 575 1375 576 1375 712 1370 722 1376 723 1376 724 1376 725 1377 805 1377 805 1376 806 1376 829 1370 849 1376 850 1376 851 1376 852 1376 876 1370 877 1370 878 1370 921 1376 922 1376 1079 1370 1080 1358 1080 1334 1074 1333 1072 1333 1062 1333 1051 1333 1041 1333 1031 1333 1020 1333 1010 1333 999 1333 989 1333 978 1333 968 1333 964 1333 958 1333 947 1333 937 1333 926 1333 916 1333 905 1333 897 1333 895 1333 885 1333 874 1333 864 1333 853 1333 843 1333 832 1333 822 1333 812 1333 801 1333 791 1333 780 1333 770 1333 759 1333 749 1333 739 1333 728 1333 718 1333 707 1333 697 1333 687 1333 676 1333 666 1333 655 1333 645 1333 634 1333 624 1333 614 1333 603 1333 593 1333 582 1333 572 1333 561 1333 551 1333 541 1333 530 1333 520 1333 509 1333 499 1333 488 1333 478 1333 468 1333 457 1333 447 1333 436 1333 426 1333 415 1333 405 1333 395 1333 384 1333 374 1333 363 1333 353 1333 342 1333 332 1333 322 1333 311 1333 301 1333 290 1333 280 1333 270 1333 259 1333 258 1330 247 1330"/></Shape>
	    <String CONTENT="care decreui, qui tanta ſedulitate, regnum Chriſti, ſynce¬"
                    HPOS="247.0"
                    VPOS="1330.0"
                    WIDTH="833.0"
                    HEIGHT="47.0"
                    WC="0.997657935167181"></String>
          </TextLine>
          <TextLine ID="eSc_line_71a1d583"
                    TAGREFS="LT8"
                    BASELINE="247 1403 1081 1408" 
                    HPOS="247.0"
                    VPOS="1367.0"
                    WIDTH="834.0"
                    HEIGHT="63.0">
            <Shape><Polygon POINTS="307 1367 310 1367 319 1372 323 1375 372 1375 375 1373 382 1368 386 1368 400 1373 404 1374 409 1373 432 1367 436 1367 448 1375 477 1376 521 1376 525 1373 535 1368 538 1368 560 1373 568 1376 639 1376 645 1374 666 1368 669 1368 690 1374 698 1376 726 1369 728 1369 763 1374 775 1376 782 1374 801 1369 804 1369 822 1374 872 1371 875 1371 880 1375 884 1377 895 1375 919 1370 920 1370 1081 1376 1081 1408 1080 1420 1058 1430 1056 1430 1002 1425 984 1429 979 1429 966 1421 941 1421 917 1430 913 1430 897 1420 816 1420 799 1429 797 1429 738 1420 725 1420 634 1428 634 1429 578 1429 577 1428 575 1428 565 1422 551 1427 548 1427 524 1420 519 1419 516 1420 498 1428 496 1428 442 1427 439 1427 429 1420 424 1418 365 1419 363 1420 345 1427 344 1427 344 1428 280 1428 279 1427 278 1427 259 1420 249 1417 247 1417 247 1371"/></Shape>
	    <String CONTENT="rãq; ueritatis cognitionem plantare apud tuos ſtudes, con"
                    HPOS="247.0"
                    VPOS="1367.0"
                    WIDTH="834.0"
                    HEIGHT="63.0"
                    WC="0.9874067594265116"></String>
          </TextLine>
          <TextLine ID="eSc_line_5574c259"
                    TAGREFS="LT8"
                    BASELINE="253 1465 1077 1465" 
                    HPOS="251.0"
                    VPOS="1421.0"
                    WIDTH="825.0"
                    HEIGHT="59.0">
            <Shape><Polygon POINTS="251 1464 251 1472 334 1472 342 1480 370 1472 409 1480 461 1472 533 1480 566 1472 658 1472 671 1480 732 1472 790 1480 835 1472 904 1480 918 1474 926 1480 1076 1475 1074 1421 251 1424 251 1464"/></Shape>
	    <String CONTENT="uocatis undiq; uiris pie doctis, comptempto &amp; nequaquam"
                    HPOS="251.0"
                    VPOS="1421.0"
                    WIDTH="825.0"
                    HEIGHT="59.0"></String>
          </TextLine>
          <TextLine ID="line_35"
                    TAGREFS="LT8"
                    BASELINE="250 1508 1083 1506" 
                    HPOS="249.0"
                    VPOS="1471.0"
                    WIDTH="834.0"
                    HEIGHT="56.0">
            <Shape><Polygon POINTS="250 1508 250 1519 268 1526 270 1526 271 1526 272 1526 289 1520 297 1526 298 1526 299 1526 300 1526 329 1520 379 1520 388 1526 389 1526 390 1526 391 1526 457 1520 458 1520 495 1526 496 1527 530 1527 530 1526 531 1526 532 1526 541 1520 593 1520 606 1526 607 1526 608 1526 671 1520 684 1519 697 1520 750 1525 751 1526 820 1526 820 1525 821 1525 822 1525 828 1520 830 1519 840 1520 873 1525 874 1525 898 1520 906 1519 922 1520 972 1525 973 1525 1083 1520 1083 1506 1081 1474 1027 1471 1026 1471 1003 1474 983 1477 971 1474 959 1471 958 1471 957 1471 955 1471 948 1474 944 1477 940 1475 935 1471 934 1471 933 1471 890 1471 889 1471 888 1471 887 1471 880 1475 875 1478 766 1478 763 1476 754 1472 753 1472 752 1472 709 1476 698 1477 696 1476 687 1472 685 1472 684 1472 683 1472 671 1476 669 1477 666 1477 644 1472 643 1472 642 1472 627 1477 623 1478 622 1477 616 1472 615 1472 614 1472 574 1472 573 1472 541 1477 534 1478 527 1478 479 1472 478 1472 477 1472 476 1472 468 1478 467 1478 443 1473 442 1473 372 1478 298 1472 297 1472 249 1479 250 1508"/></Shape>
	    <String CONTENT="uulgari in quod tuam dignitatem &amp; opes adducis pericu"
                    HPOS="249.0"
                    VPOS="1471.0"
                    WIDTH="834.0"
                    HEIGHT="56.0"
                    WC="0.9968662813024701"></String>
          </TextLine>
          <TextLine ID="line_36"
                    TAGREFS="LT8"
                    BASELINE="251 1562 1083 1554" 
                    HPOS="250.0"
                    VPOS="1517.0"
                    WIDTH="833.0"
                    HEIGHT="75.0">
            <Shape><Polygon POINTS="251 1562 251 1589 309 1592 310 1592 311 1592 312 1592 317 1588 326 1583 337 1588 349 1592 350 1592 351 1592 352 1592 364 1587 389 1576 414 1586 432 1592 433 1592 434 1592 494 1591 495 1591 496 1591 506 1584 520 1575 544 1575 555 1583 556 1583 557 1583 558 1583 559 1583 560 1583 576 1575 591 1582 593 1583 594 1583 595 1583 596 1583 599 1582 615 1574 670 1574 682 1580 705 1590 706 1590 707 1590 770 1589 771 1589 772 1589 789 1578 824 1589 825 1589 826 1589 905 1588 906 1588 936 1574 940 1571 1082 1570 1083 1554 1081 1527 1050 1527 1050 1526 1031 1518 1030 1518 1028 1518 1027 1518 1011 1526 1010 1527 862 1527 852 1525 824 1518 823 1518 822 1518 821 1518 802 1525 794 1528 785 1525 765 1517 764 1517 726 1517 725 1517 690 1524 667 1529 643 1524 625 1520 624 1520 623 1520 610 1524 596 1528 584 1524 573 1519 572 1519 571 1519 570 1519 569 1519 564 1523 554 1531 531 1523 523 1521 522 1521 521 1521 508 1523 466 1532 447 1523 446 1523 369 1520 368 1520 356 1522 332 1527 310 1523 309 1523 308 1523 286 1532 272 1522 272 1521 271 1521 270 1521 268 1521 250 1521 251 1562"/></Shape>
	    <String CONTENT="lo, &amp; ſumptu, quem huius cauſſa haudquaquam medio¬"
                    HPOS="250.0"
                    VPOS="1517.0"
                    WIDTH="833.0"
                    HEIGHT="75.0"
                    WC="0.9956896686553955"></String>
          </TextLine>
        </TextBlock>
        <TextBlock HPOS="949"
                   VPOS="1578"
                   WIDTH="143"
                   HEIGHT="52"
                   ID="block_3"
                   TAGREFS="BT17">
          <Shape><Polygon POINTS="1092 1578 1092 1630 949 1630 949 1583"/></Shape>
          <TextLine ID="line_37"
                    TAGREFS="LT8"
                    BASELINE="953 1608 1078 1606" 
                    HPOS="951"
                    VPOS="1574"
                    WIDTH="126"
                    HEIGHT="58">
            <Shape><Polygon POINTS="952 1607 952 1624 1076 1632 1077 1605 1073 1574 951 1578 952 1607"/></Shape>
	    <String CONTENT="cremfa¬"
                    HPOS="951"
                    VPOS="1574"
                    WIDTH="126"
                    HEIGHT="58"
                    WC="0.9994378771100726"></String>
          </TextLine>
        </TextBlock>
        <TextBlock HPOS="79.0"
                   VPOS="254.0"
                   WIDTH="157.0"
                   HEIGHT="206.0"
                   ID="block_1"
                   TAGREFS="BT2635">
          <Shape><Polygon POINTS="236 254 236 460 79 460 79 254"/></Shape>
          <TextLine ID="line_23"
                    TAGREFS="LT8"
                    BASELINE="83 295 222 291" 
                    HPOS="83.0"
                    VPOS="264.0"
                    WIDTH="139.0"
                    HEIGHT="49.0">
            <Shape><Polygon POINTS="186 264 176 264 165 264 155 264 144 264 134 264 124 264 113 264 107 264 90 267 83 282 83 295 83 306 116 313 117 313 118 313 156 304 160 303 163 304 180 309 181 309 182 309 183 309 184 309 184 308 189 303 191 301 219 301 222 291 219 266 188 264 186 264"/></Shape>
	    <String CONTENT="Quare li¬"
                    HPOS="83.0"
                    VPOS="264.0"
                    WIDTH="139.0"
                    HEIGHT="49.0"></String>
          </TextLine>
          <TextLine ID="line_24"
                    TAGREFS="LT8"
                    BASELINE="86 341 224 341" 
                    HPOS="84"
                    VPOS="303"
                    WIDTH="139"
                    HEIGHT="56">
            <Shape><Polygon POINTS="84 340 84 359 223 353 223 340 223 303 84 303 84 340"/></Shape>
	    <String CONTENT="berius uer"
                    HPOS="84"
                    VPOS="303"
                    WIDTH="139"
                    HEIGHT="56"
                    WC="0.999337887763977"></String>
          </TextLine>
          <TextLine ID="line_25"
                    TAGREFS="LT8"
                    BASELINE="78 391 223 389" 
                    HPOS="77.0"
                    VPOS="349.0"
                    WIDTH="146.0"
                    HEIGHT="73.0">
            <Shape><Polygon POINTS="78 391 79 413 93 407 137 407 155 417 161 422 162 422 163 422 164 422 165 422 173 418 177 416 222 421 223 389 219 349 77 355 78 391"/></Shape>
	    <String CONTENT="ſa ſit Epi¬"
                    HPOS="77.0"
                    VPOS="349.0"
                    WIDTH="146.0"
                    HEIGHT="73.0"
                    WC="0.9901528737761758"></String>
          </TextLine>
          <TextLine ID="line_26"
                    TAGREFS="LT8"
                    BASELINE="78 442 159 439" 
                    HPOS="76.0"
                    VPOS="397.0"
                    WIDTH="84.0"
                    HEIGHT="85.0">
            <Shape><Polygon POINTS="78 442 79 477 104 482 105 482 106 482 107 482 107 481 115 475 117 472 160 471 159 439 157 402 102 397 101 397 100 397 76 404 78 442"/></Shape>
	    <String CONTENT="ſtola¬"
                    HPOS="76.0"
                    VPOS="397.0"
                    WIDTH="84.0"
                    HEIGHT="85.0"
                    WC="0.9987441003322601"></String>
          </TextLine>
        </TextBlock>
        <TextBlock HPOS="78.0"
                   VPOS="1209.0"
                   WIDTH="155.0"
                   HEIGHT="265.0"
                   ID="block_2"
                   TAGREFS="BT2635">
          <Shape><Polygon POINTS="233 1209 233 1474 78 1474 78 1209"/></Shape>
          <TextLine ID="line_27"
                    TAGREFS="LT8"
                    BASELINE="78 1253 219 1251" 
                    HPOS="77.0"
                    VPOS="1201.0"
                    WIDTH="142.0"
                    HEIGHT="67.0">
            <Shape><Polygon POINTS="78 1253 78 1268 219 1259 219 1251 216 1201 191 1202 190 1202 189 1202 189 1203 182 1211 152 1211 145 1206 141 1202 140 1202 139 1202 138 1202 77 1211 78 1253"/></Shape>
	    <String CONTENT="Inſtitutũ"
                    HPOS="77.0"
                    VPOS="1201.0"
                    WIDTH="142.0"
                    HEIGHT="67.0"
                    WC="0.9990547597408295"></String>
          </TextLine>
          <TextLine ID="line_28"
                    TAGREFS="LT8"
                    BASELINE="77 1304 221 1304" 
                    HPOS="77.0"
                    VPOS="1260.0"
                    WIDTH="144.0"
                    HEIGHT="58.0">
            <Shape><Polygon POINTS="221 1263 167 1260 166 1260 165 1260 164 1260 157 1266 153 1269 141 1267 129 1264 128 1264 107 1268 103 1269 102 1269 94 1263 93 1263 92 1263 91 1263 90 1263 77 1269 77 1304 77 1315 166 1318 167 1318 221 1312"/></Shape>
	    <String CONTENT="imitabile"
                    HPOS="77.0"
                    VPOS="1260.0"
                    WIDTH="144.0"
                    HEIGHT="58.0"
                    WC="0.9999218119515313"></String>
          </TextLine>
          <TextLine ID="line_29"
                    TAGREFS="LT8"
                    BASELINE="78 1352 221 1354" 
                    HPOS="77.0"
                    VPOS="1312.0"
                    WIDTH="144.0"
                    HEIGHT="59.0">
            <Shape><Polygon POINTS="221 1318 211 1313 210 1313 209 1313 208 1313 183 1321 176 1315 176 1314 175 1314 174 1314 173 1314 172 1314 151 1321 128 1312 127 1312 126 1312 125 1312 124 1312 124 1313 113 1322 78 1322 78 1352 77 1370 105 1371 106 1371 107 1371 108 1371 111 1369 120 1362 156 1366 197 1371 198 1371 199 1371 221 1365"/></Shape>
	    <String CONTENT="principis"
                    HPOS="77.0"
                    VPOS="1312.0"
                    WIDTH="144.0"
                    HEIGHT="59.0"
                    WC="0.9980811145570543"></String>
          </TextLine>
          <TextLine ID="line_33"
                    TAGREFS="LT8"
                    BASELINE="78 1402 221 1403" 
                    HPOS="77.0"
                    VPOS="1366.0"
                    WIDTH="144.0"
                    HEIGHT="59.0">
            <Shape><Polygon POINTS="78 1402 78 1371 193 1366 195 1366 208 1372 210 1373 221 1372 221 1417 190 1417 184 1420 177 1425 173 1425 159 1420 149 1417 129 1420 101 1425 100 1425 77 1420"/></Shape>
	    <String CONTENT="Schleſio¬"
                    HPOS="77.0"
                    VPOS="1366.0"
                    WIDTH="144.0"
                    HEIGHT="59.0"
                    WC="0.9990459945466783"></String>
          </TextLine>
          <TextLine ID="line_30"
                    TAGREFS="LT8"
                    BASELINE="80 1457 170 1457" 
                    HPOS="80.0"
                    VPOS="1419.0"
                    WIDTH="90.0"
                    HEIGHT="66.0">
            <Shape><Polygon POINTS="80 1457 80 1476 88 1480 89 1480 90 1480 91 1480 92 1480 92 1479 95 1477 101 1472 118 1472 135 1482 136 1482 137 1482 169 1485 170 1457 170 1430 126 1419 125 1419 124 1419 123 1419 123 1420 116 1425 96 1423 95 1423 94 1423 80 1429 80 1457"/></Shape>
	    <String CONTENT="rum·"
                    HPOS="80.0"
                    VPOS="1419.0"
                    WIDTH="90.0"
                    HEIGHT="66.0"
                    WC="0.9999719262123108"></String>
          </TextLine>
        </TextBlock>
      </PrintSpace>
    </Page>
  </Layout>
</alto>
