<?xml version="1.0" encoding="UTF-8"?>
<alto xmlns:xsi="http://www.w3.org/2001/XMLSchema-instance"
      xmlns="http://www.loc.gov/standards/alto/ns-v4#"
      xsi:schemaLocation="http://www.loc.gov/standards/alto/ns-v4# http://www.loc.gov/standards/alto/v4/alto-4-2.xsd">
  <Description>
    <MeasurementUnit>pixel</MeasurementUnit>
    <sourceImageInformation>
      <fileName>bsb10313792_00470.jpg</fileName>
    </sourceImageInformation>
  </Description>
  <Tags>
    <OtherTag ID="BT7" LABEL="CustomZone" DESCRIPTION="block type CustomZone"/><OtherTag ID="BT8" LABEL="DamageZone" DESCRIPTION="block type DamageZone"/><OtherTag ID="BT9" LABEL="DigitizationArtefactZone" DESCRIPTION="block type DigitizationArtefactZone"/><OtherTag ID="BT10" LABEL="DropCapitalZone" DESCRIPTION="block type DropCapitalZone"/><OtherTag ID="BT11" LABEL="GraphicZone" DESCRIPTION="block type GraphicZone"/><OtherTag ID="BT12" LABEL="MainZone" DESCRIPTION="block type MainZone"/><OtherTag ID="BT13" LABEL="MarginTextZone" DESCRIPTION="block type MarginTextZone"/><OtherTag ID="BT14" LABEL="MusicZone" DESCRIPTION="block type MusicZone"/><OtherTag ID="BT15" LABEL="NumberingZone" DESCRIPTION="block type NumberingZone"/><OtherTag ID="BT17" LABEL="QuireMarksZone" DESCRIPTION="block type QuireMarksZone"/><OtherTag ID="BT18" LABEL="RunningTitleZone" DESCRIPTION="block type RunningTitleZone"/><OtherTag ID="BT19" LABEL="SealZone" DESCRIPTION="block type SealZone"/><OtherTag ID="BT20" LABEL="StampZone" DESCRIPTION="block type StampZone"/><OtherTag ID="BT21" LABEL="TableZone" DESCRIPTION="block type TableZone"/><OtherTag ID="BT22" LABEL="TitlePageZone" DESCRIPTION="block type TitlePageZone"/><OtherTag ID="BT847" LABEL="text" DESCRIPTION="block type text"/><OtherTag ID="BT978" LABEL="MainZone-Head" DESCRIPTION="block type MainZone-Head"/><OtherTag ID="BT979" LABEL="MainZone-P" DESCRIPTION="block type MainZone-P"/><OtherTag ID="BT980" LABEL="MainZone-Entry-Continued" DESCRIPTION="block type MainZone-Entry-Continued"/><OtherTag ID="BT981" LABEL="MainZone-P-Continued" DESCRIPTION="block type MainZone-P-Continued"/><OtherTag ID="BT982" LABEL="MainZone-Entry" DESCRIPTION="block type MainZone-Entry"/><OtherTag ID="BT983" LABEL="MarginTextZone-Notes" DESCRIPTION="block type MarginTextZone-Notes"/><OtherTag ID="BT984" LABEL="MainZone-Sp" DESCRIPTION="block type MainZone-Sp"/>
    <OtherTag ID="LT7" LABEL="CustomLine" DESCRIPTION="line type CustomLine"/><OtherTag ID="LT8" LABEL="DefaultLine" DESCRIPTION="line type DefaultLine"/><OtherTag ID="LT9" LABEL="DropCapitalLine" DESCRIPTION="line type DropCapitalLine"/><OtherTag ID="LT10" LABEL="HeadingLine" DESCRIPTION="line type HeadingLine"/><OtherTag ID="LT11" LABEL="InterlinearLine" DESCRIPTION="line type InterlinearLine"/><OtherTag ID="LT12" LABEL="MusicLine" DESCRIPTION="line type MusicLine"/><OtherTag ID="LT431" LABEL="default" DESCRIPTION="line type default"/>
  </Tags>
  <Layout>
    <Page WIDTH="2112"
          HEIGHT="3184"
          PHYSICAL_IMG_NR="4"
          ID="eSc_dummypage_">
      <PrintSpace HPOS="0"
                  VPOS="0"
                  WIDTH="2112"
                  HEIGHT="3184">
        <TextBlock HPOS="699"
                   VPOS="73"
                   WIDTH="993"
                   HEIGHT="74"
                   ID="block_10"
                   TAGREFS="BT18">
          <Shape><Polygon POINTS="1692 73 1692 147 699 147 699 73"/></Shape>
          <TextLine ID="line_1"
                    TAGREFS="LT10"
                    BASELINE="708 127 1688 114" 
                    HPOS="706"
                    VPOS="45"
                    WIDTH="982"
                    HEIGHT="108">
            <Shape><Polygon POINTS="708 143 842 153 844 153 846 153 883 143 892 141 894 143 904 152 906 152 908 152 909 153 986 153 986 152 987 152 1014 143 1028 139 1102 143 1203 148 1205 148 1235 143 1274 136 1341 143 1384 146 1386 146 1439 145 1441 145 1442 145 1442 143 1444 143 1453 134 1517 134 1534 143 1540 145 1541 145 1543 145 1545 145 1554 143 1589 132 1687 141 1688 114 1687 61 1662 45 1660 45 1658 45 1657 45 1655 45 1626 56 1609 47 1607 47 1605 47 1603 47 1602 47 1579 63 1572 67 1566 63 1541 47 1540 47 1538 47 1490 47 1488 47 1487 47 1456 61 1442 70 1384 70 1354 61 1336 56 1334 56 1333 56 1331 56 1329 56 1329 58 1324 61 1313 70 1194 63 1193 63 1117 74 1060 60 1033 53 1032 53 1030 53 1028 53 1026 53 1019 60 1002 76 927 76 908 58 904 56 904 54 902 54 901 54 899 54 876 58 839 65 832 58 830 58 830 56 828 56 826 56 824 56 706 56 708 127"/></Shape>
	    <String CONTENT="ENARRATIONES EPISTOLIAE"
                    HPOS="706"
                    VPOS="45"
                    WIDTH="982"
                    HEIGHT="108"></String>
          </TextLine>
        </TextBlock>
        <TextBlock HPOS="427"
                   VPOS="99"
                   WIDTH="134"
                   HEIGHT="56"
                   ID="block_9"
                   TAGREFS="BT15">
          <Shape><Polygon POINTS="561 99 561 155 427 155 427 99"/></Shape>
          <TextLine ID="line_0"
                    TAGREFS="LT8"
                    BASELINE="435 134 545 130" 
                    HPOS="431.0"
                    VPOS="79.0"
                    WIDTH="114.0"
                    HEIGHT="80.0">
            <Shape><Polygon POINTS="435 134 435 152 474 159 476 159 545 143 545 130 541 90 431 79 435 134"/></Shape>
	    <String CONTENT="458"
                    HPOS="431.0"
                    VPOS="79.0"
                    WIDTH="114.0"
                    HEIGHT="80.0"></String>
          </TextLine>
        </TextBlock>
        <TextBlock HPOS="420"
                   VPOS="154"
                   WIDTH="792"
                   HEIGHT="473"
                   ID="eSc_textblock_642863ae"
                   TAGREFS="BT981">
          <Shape><Polygon POINTS="427 626 420 166 1212 154 1212 616 723 627"/></Shape>
          <TextLine ID="line_13"
                    TAGREFS="LT8"
                    BASELINE="426 196 1211 188" 
                    HPOS="422"
                    VPOS="130"
                    WIDTH="786"
                    HEIGHT="84">
            <Shape><Polygon POINTS="425 214 1208 204 1208 185 1200 132 850 143 807 140 682 130 680 130 584 145 579 145 557 132 555 132 552 132 549 132 422 148 425 193"/></Shape>
	    <String CONTENT="mini, uerum́ ei cultum exhibeatis ? Atqui"
                    HPOS="422"
                    VPOS="130"
                    WIDTH="786"
                    HEIGHT="84"></String>
          </TextLine>
          <TextLine ID="line_2"
                    TAGREFS="LT8"
                    BASELINE="435 240 1207 233" 
                    HPOS="433"
                    VPOS="203"
                    WIDTH="774"
                    HEIGHT="53">
            <Shape><Polygon POINTS="435 240 435 256 1205 249 1207 233 1203 203 433 203 435 240"/></Shape>
	    <String CONTENT="hic cultus eſſe alius non poteſt, ̃ ut uos met¬"
                    HPOS="433"
                    VPOS="203"
                    WIDTH="774"
                    HEIGHT="53"></String>
          </TextLine>
          <TextLine ID="line_3"
                    TAGREFS="LT8"
                    BASELINE="435 288 1209 279" 
                    HPOS="433"
                    VPOS="247"
                    WIDTH="776"
                    HEIGHT="59">
            <Shape><Polygon POINTS="1106 279 1088 279 1071 279 1053 279 1035 279 1017 279 1000 279 982 279 964 279 947 279 929 279 911 279 894 279 876 279 858 279 840 279 823 279 805 283 787 283 770 283 757 251 433 254 435 288 435 306 1207 306 1209 279 1203 247 1117 247 1106 279"/></Shape>
	    <String CONTENT="ipſos ipſi mactetis &amp; offeratis ad ſua placita"
                    HPOS="433"
                    VPOS="247"
                    WIDTH="776"
                    HEIGHT="59"></String>
          </TextLine>
          <TextLine ID="line_4"
                    TAGREFS="LT8"
                    BASELINE="433 330 1207 323" 
                    HPOS="431"
                    VPOS="293"
                    WIDTH="776"
                    HEIGHT="55">
            <Shape><Polygon POINTS="433 330 433 348 1205 341 1207 323 1203 295 431 293 433 330"/></Shape>
	    <String CONTENT="innouandos? Iſtuc uero non probat, quia ex"
                    HPOS="431"
                    VPOS="293"
                    WIDTH="776"
                    HEIGHT="55"></String>
          </TextLine>
          <TextLine ID="line_5"
                    TAGREFS="LT8"
                    BASELINE="435 378 1207 369" 
                    HPOS="433"
                    VPOS="339"
                    WIDTH="774"
                    HEIGHT="62">
            <Shape><Polygon POINTS="435 401 1205 387 1207 369 1203 339 433 339 435 378"/></Shape>
	    <String CONTENT="Euangelio pridem probe cognoſcebant, cum"
                    HPOS="433"
                    VPOS="339"
                    WIDTH="774"
                    HEIGHT="62"
                    WC="0.9971756145358086"></String>
          </TextLine>
          <TextLine ID="line_6"
                    TAGREFS="LT8"
                    BASELINE="433 424 1207 417" 
                    HPOS="431"
                    VPOS="383"
                    WIDTH="776"
                    HEIGHT="59">
            <Shape><Polygon POINTS="433 424 433 442 1205 433 1207 417 1202 383 431 387 433 424"/></Shape>
	    <String CONTENT="noſtra omnis ratio &amp; uoluntas corrupta eſt à"
                    HPOS="431"
                    VPOS="383"
                    WIDTH="776"
                    HEIGHT="59"
                    WC="0.9984447863366869"></String>
          </TextLine>
          <TextLine ID="line_7"
                    TAGREFS="LT8"
                    BASELINE="435 468 1203 461" 
                    HPOS="433"
                    VPOS="422"
                    WIDTH="770"
                    HEIGHT="69">
            <Shape><Polygon POINTS="435 468 435 491 1202 479 1203 461 1198 422 816 433 752 431 635 426 633 426 596 435 589 435 577 435 492 428 490 428 433 436 435 468"/></Shape>
	    <String CONTENT="prima origine, Deum, cum ſeruare nos &amp; re¬"
                    HPOS="433"
                    VPOS="422"
                    WIDTH="770"
                    HEIGHT="69"
                    WC="0.9877224933533442"></String>
          </TextLine>
          <TextLine ID="line_8"
                    TAGREFS="LT8"
                    BASELINE="435 514 1209 507" 
                    HPOS="433"
                    VPOS="475"
                    WIDTH="776"
                    HEIGHT="62">
            <Shape><Polygon POINTS="435 514 435 537 1207 523 1209 507 1203 475 433 481 435 514"/></Shape>
	    <String CONTENT="ſtituere inſtituit, hoc primum omnium poſce"
                    HPOS="433"
                    VPOS="475"
                    WIDTH="776"
                    HEIGHT="62"
                    WC="0.9933565342149069"></String>
          </TextLine>
          <TextLine ID="line_9"
                    TAGREFS="LT8"
                    BASELINE="435 560 1203 553" 
                    HPOS="433"
                    VPOS="518"
                    WIDTH="770"
                    HEIGHT="58">
            <Shape><Polygon POINTS="435 560 435 576 1202 573 1203 553 1198 518 433 527 435 560"/></Shape>
	    <String CONTENT="re,ut abnegemus nos metipſos, &amp; ipſi refor¬"
                    HPOS="433"
                    VPOS="518"
                    WIDTH="770"
                    HEIGHT="58"></String>
          </TextLine>
          <TextLine ID="line_10"
                    TAGREFS="LT8"
                    BASELINE="431 604 1071 601" 
                    HPOS="430"
                    VPOS="567"
                    WIDTH="641"
                    HEIGHT="57">
            <Shape><Polygon POINTS="431 604 431 624 1069 619 1071 601 1065 567 430 569 431 604"/></Shape>
	    <String CONTENT="mandos &amp; innouandos addicamus."
                    HPOS="430"
                    VPOS="567"
                    WIDTH="641"
                    HEIGHT="57"
                    WC="0.9879963457584381"></String>
          </TextLine>
        </TextBlock>
        <TextBlock HPOS="424"
                   VPOS="619"
                   WIDTH="790"
                   HEIGHT="684"
                   ID="eSc_textblock_064866ff"
                   TAGREFS="BT979">
          <Shape><Polygon POINTS="434 622 424 1303 1211 1303 1214 619"/></Shape>
          <TextLine ID="line_63"
                    TAGREFS="LT8"
                    BASELINE="485 649 1207 642" 
                    HPOS="483"
                    VPOS="610"
                    WIDTH="724"
                    HEIGHT="58">
            <Shape><Polygon POINTS="485 649 485 668 1205 668 1207 642 1203 610 483 610 485 649"/></Shape>
	    <String CONTENT="Vt autem hunc præterea cultum commen"
                    HPOS="483"
                    VPOS="610"
                    WIDTH="724"
                    HEIGHT="58"
                    WC="0.9906756811671786"></String>
          </TextLine>
          <TextLine ID="line_64"
                    TAGREFS="LT8"
                    BASELINE="435 698 1205 688" 
                    HPOS="433"
                    VPOS="647"
                    WIDTH="772"
                    HEIGHT="67">
            <Shape><Polygon POINTS="435 698 435 714 1203 704 1205 688 1202 656 1079 647 1078 647 1076 647 1074 647 1074 649 1065 656 1063 656 856 650 855 650 812 659 809 659 801 659 702 652 701 652 699 652 676 661 674 661 663 661 561 654 559 654 433 663 435 698"/></Shape>
	    <String CONTENT="det, &amp; in eum inflãmet, addit, cum nos Deo"
                    HPOS="433"
                    VPOS="647"
                    WIDTH="772"
                    HEIGHT="67"
                    WC="0.9862942071848138"></String>
          </TextLine>
          <TextLine ID="line_65"
                    TAGREFS="LT8"
                    BASELINE="433 742 1207 734" 
                    HPOS="431"
                    VPOS="700"
                    WIDTH="776"
                    HEIGHT="60">
            <Shape><Polygon POINTS="433 742 433 760 1205 750 1207 734 1202 700 617 702 575 711 571 711 566 711 467 704 465 704 463 704 431 712 433 742"/></Shape>
	    <String CONTENT="offerimus noſtra corpora, id eſt, totum exter"
                    HPOS="431"
                    VPOS="700"
                    WIDTH="776"
                    HEIGHT="60"
                    WC="0.9871982044643826"></String>
          </TextLine>
          <TextLine ID="line_66"
                    TAGREFS="LT8"
                    BASELINE="435 787 1207 778" 
                    HPOS="433"
                    VPOS="741"
                    WIDTH="774"
                    HEIGHT="67">
            <Shape><Polygon POINTS="435 787 435 801 741 808 743 808 1207 792 1207 778 1203 748 1072 741 1071 741 1069 741 1051 750 1046 753 982 753 978 751 959 742 957 742 955 742 890 751 879 753 872 753 832 744 830 744 828 744 805 753 784 744 782 744 780 744 778 744 741 755 739 755 738 755 731 748 731 746 729 746 727 746 610 746 608 746 607 746 584 757 580 757 501 748 499 748 433 758 435 787"/></Shape>
	    <String CONTENT="num hominem, hãc hoſtiam uiuam eſſe, ſan¬"
                    HPOS="433"
                    VPOS="741"
                    WIDTH="774"
                    HEIGHT="67"
                    WC="0.9983039668628148"></String>
          </TextLine>
          <TextLine ID="line_67"
                    TAGREFS="LT8"
                    BASELINE="433 834 1205 824" 
                    HPOS="431"
                    VPOS="792"
                    WIDTH="774"
                    HEIGHT="58">
            <Shape><Polygon POINTS="433 834 433 850 1203 840 1205 824 1202 794 561 792 559 792 511 801 446 794 444 794 442 794 440 794 431 799 433 834"/></Shape>
	    <String CONTENT="ctam, Deo pergratam, &amp; in eo cultum eſſe ra¬"
                    HPOS="431"
                    VPOS="792"
                    WIDTH="774"
                    HEIGHT="58"
                    WC="0.9961990307677876"></String>
          </TextLine>
          <TextLine ID="line_68"
                    TAGREFS="LT8"
                    BASELINE="431 877 1205 870" 
                    HPOS="430"
                    VPOS="834"
                    WIDTH="775"
                    HEIGHT="62">
            <Shape><Polygon POINTS="431 877 431 896 1203 896 1205 870 1200 834 430 843 431 877"/></Shape>
	    <String CONTENT="tionalem. In eo ꝙ ait, uiuam, depellit horro¬"
                    HPOS="430"
                    VPOS="834"
                    WIDTH="775"
                    HEIGHT="62"></String>
          </TextLine>
          <TextLine ID="line_69"
                    TAGREFS="LT8"
                    BASELINE="428 925 1209 916" 
                    HPOS="426"
                    VPOS="882"
                    WIDTH="783"
                    HEIGHT="57">
            <Shape><Polygon POINTS="428 925 428 939 1209 932 1209 916 1205 882 426 882 428 925"/></Shape>
	    <String CONTENT="rem mortis, quæ alioqui ineſt in ipſa noſtri"
                    HPOS="426"
                    VPOS="882"
                    WIDTH="783"
                    HEIGHT="57"
                    WC="0.9936365173621611"></String>
          </TextLine>
          <TextLine ID="line_70"
                    TAGREFS="LT8"
                    BASELINE="430 969 1205 958" 
                    HPOS="428"
                    VPOS="919"
                    WIDTH="777"
                    HEIGHT="68">
            <Shape><Polygon POINTS="430 969 430 987 1203 976 1205 958 1202 928 1090 919 1088 919 1086 919 1060 928 469 928 467 928 465 928 428 937 430 969"/></Shape>
	    <String CONTENT="oblatione. Nam &amp; ſi occidi nos &amp; confici ex¬"
                    HPOS="428"
                    VPOS="919"
                    WIDTH="777"
                    HEIGHT="68"></String>
          </TextLine>
          <TextLine ID="line_71"
                    TAGREFS="LT8"
                    BASELINE="428 1011 1205 1006" 
                    HPOS="426"
                    VPOS="974"
                    WIDTH="779"
                    HEIGHT="53">
            <Shape><Polygon POINTS="428 1011 428 1027 1203 1022 1205 1006 1200 974 426 978 428 1011"/></Shape>
	    <String CONTENT="terno homine neceſſe eſt, internus tamen eo"
                    HPOS="426"
                    VPOS="974"
                    WIDTH="779"
                    HEIGHT="53"></String>
          </TextLine>
          <TextLine ID="line_72"
                    TAGREFS="LT8"
                    BASELINE="428 1059 1200 1050" 
                    HPOS="426"
                    VPOS="1018"
                    WIDTH="774"
                    HEIGHT="62">
            <Shape><Polygon POINTS="428 1059 428 1080 1200 1071 1200 1050 1196 1018 426 1018 428 1059"/></Shape>
	    <String CONTENT="ipſo uitam adit æternam. Cum addit ſanctã,"
                    HPOS="426"
                    VPOS="1018"
                    WIDTH="774"
                    HEIGHT="62"
                    WC="0.9989226294118304"></String>
          </TextLine>
          <TextLine ID="line_73"
                    TAGREFS="LT8"
                    BASELINE="431 1103 1209 1096" 
                    HPOS="430"
                    VPOS="1070"
                    WIDTH="779"
                    HEIGHT="51">
            <Shape><Polygon POINTS="1191 1094 1173 1094 1156 1094 1138 1094 1120 1094 1102 1094 1085 1094 1067 1094 1049 1094 1032 1094 1014 1094 996 1094 978 1094 961 1094 943 1094 925 1094 908 1094 890 1094 872 1094 855 1094 837 1094 819 1094 801 1094 784 1094 766 1094 755 1071 430 1070 431 1103 431 1121 1207 1121 1209 1096 1207 1094 1191 1094"/></Shape>
	    <String CONTENT="monet in huiuſmodi demum hoſtia eſſe verã"
                    HPOS="430"
                    VPOS="1070"
                    WIDTH="779"
                    HEIGHT="51"></String>
          </TextLine>
          <TextLine ID="line_74"
                    TAGREFS="LT8"
                    BASELINE="430 1151 1205 1142" 
                    HPOS="428"
                    VPOS="1105"
                    WIDTH="777"
                    HEIGHT="62">
            <Shape><Polygon POINTS="1171 1105 1154 1105 1136 1105 1118 1105 1101 1105 1083 1105 1065 1105 1048 1105 1030 1105 1012 1105 994 1105 977 1105 959 1105 943 1105 428 1112 430 1151 430 1167 1203 1160 1205 1142 1202 1110 1171 1105 1171 1105"/></Shape>
	    <String CONTENT="ſanctitatem, hoc eſt, præſtantiam illam, ut di¬"
                    HPOS="428"
                    VPOS="1105"
                    WIDTH="777"
                    HEIGHT="62"></String>
          </TextLine>
          <TextLine ID="line_75"
                    TAGREFS="LT8"
                    BASELINE="430 1195 1214 1186" 
                    HPOS="428"
                    VPOS="1151"
                    WIDTH="786"
                    HEIGHT="60">
            <Shape><Polygon POINTS="430 1195 430 1211 1212 1204 1214 1186 1210 1156 741 1151 739 1151 428 1163 430 1195"/></Shape>
	    <String CONTENT="uinis modo uſibus addicamur. Quòd tertio"
                    HPOS="428"
                    VPOS="1151"
                    WIDTH="786"
                    HEIGHT="60"></String>
          </TextLine>
          <TextLine ID="line_76"
                    TAGREFS="LT8"
                    BASELINE="433 1238 1207 1232" 
                    HPOS="431"
                    VPOS="1197"
                    WIDTH="776"
                    HEIGHT="58">
            <Shape><Polygon POINTS="433 1238 433 1255 1205 1250 1207 1232 1202 1199 594 1206 584 1197 582 1197 580 1197 474 1197 472 1197 470 1197 431 1208 433 1238"/></Shape>
	    <String CONTENT="addit ἐυὰρεσον, pergratam Deo, oſtendit"
                    HPOS="431"
                    VPOS="1197"
                    WIDTH="776"
                    HEIGHT="58"></String>
          </TextLine>
          <TextLine ID="line_77"
                    TAGREFS="LT8"
                    BASELINE="430 1287 1205 1277" 
                    HPOS="428"
                    VPOS="1245"
                    WIDTH="777"
                    HEIGHT="58">
            <Shape><Polygon POINTS="430 1287 430 1303 1205 1296 1205 1277 1200 1245 428 1252 430 1287"/></Shape>
	    <String CONTENT="hac una hoſtia Deum uere &amp; per ſe oblectari."
                    HPOS="428"
                    VPOS="1245"
                    WIDTH="777"
                    HEIGHT="58"
                    WC="0.9936923628503626"></String>
          </TextLine>
        </TextBlock>
        <TextBlock HPOS="421"
                   VPOS="1298"
                   WIDTH="788"
                   HEIGHT="1313"
                   ID="block_5"
                   TAGREFS="BT979">
          <Shape><Polygon POINTS="1209 1298 1206 2611 421 2611 431 1309"/></Shape>
          <TextLine ID="line_78"
                    TAGREFS="LT8"
                    BASELINE="474 1330 1203 1323" 
                    HPOS="472"
                    VPOS="1285"
                    WIDTH="731"
                    HEIGHT="61">
            <Shape><Polygon POINTS="651 1285 649 1285 635 1294 488 1287 486 1287 485 1287 483 1287 472 1293 474 1330 474 1346 1202 1339 1203 1323 1200 1291 655 1285 653 1285"/></Shape>
	    <String CONTENT="Reſpicit em̃ in his Apoſtolus, poſt̃ tranſ¬"
                    HPOS="472"
                    VPOS="1285"
                    WIDTH="731"
                    HEIGHT="61"></String>
          </TextLine>
          <TextLine ID="line_79"
                    TAGREFS="LT8"
                    BASELINE="430 1376 1203 1369" 
                    HPOS="428.0"
                    VPOS="1339.0"
                    WIDTH="775.0"
                    HEIGHT="54.0">
            <Shape><Polygon POINTS="430 1376 430 1393 1202 1392 1203 1369 1200 1339 428 1339 430 1376"/></Shape>
	    <String CONTENT="latione hoſtiæ uti cœpit, ad hoſtias ueteris te¬"
                    HPOS="428.0"
                    VPOS="1339.0"
                    WIDTH="775.0"
                    HEIGHT="54.0"></String>
          </TextLine>
          <TextLine ID="line_80"
                    TAGREFS="LT8"
                    BASELINE="430 1420 1203 1415" 
                    HPOS="428.0"
                    VPOS="1379.0"
                    WIDTH="775.0"
                    HEIGHT="57.0">
            <Shape><Polygon POINTS="430 1420 430 1436 1202 1431 1203 1415 1198 1379 428 1386 430 1420"/></Shape>
	    <String CONTENT="ſtamenti, quæ uiuæ interficiebantur, &amp; certo"
                    HPOS="428.0"
                    VPOS="1379.0"
                    WIDTH="775.0"
                    HEIGHT="57.0"
                    WC="0.9938806010918184"></String>
          </TextLine>
          <TextLine ID="line_81"
                    TAGREFS="LT8"
                    BASELINE="431 1464 1203 1459" 
                    HPOS="430.0"
                    VPOS="1418.0"
                    WIDTH="773.0"
                    HEIGHT="62.0">
            <Shape><Polygon POINTS="431 1464 431 1480 1202 1477 1203 1459 1198 1418 906 1427 828 1423 720 1420 718 1420 667 1427 651 1429 619 1429 460 1422 458 1422 456 1422 430 1431 431 1464"/></Shape>
	    <String CONTENT="delectu mundiciæ &amp; integritatis Deo ſanctifi"
                    HPOS="430.0"
                    VPOS="1418.0"
                    WIDTH="773.0"
                    HEIGHT="62.0"></String>
          </TextLine>
          <TextLine ID="line_82"
                    TAGREFS="LT8"
                    BASELINE="430 1510 1203 1503" 
                    HPOS="428.0"
                    VPOS="1469.0"
                    WIDTH="775.0"
                    HEIGHT="57.0">
            <Shape><Polygon POINTS="430 1510 430 1526 1202 1519 1203 1503 1200 1469 470 1469 469 1469 428 1478 430 1510"/></Shape>
	    <String CONTENT="cabantur, &amp; effundere dicebantur Deo nido¬"
                    HPOS="428.0"
                    VPOS="1469.0"
                    WIDTH="775.0"
                    HEIGHT="57.0"
                    WC="0.9963262038571494"></String>
          </TextLine>
          <TextLine ID="line_83"
                    TAGREFS="LT8"
                    BASELINE="430 1556 1203 1549" 
                    HPOS="428.0"
                    VPOS="1519.0"
                    WIDTH="775.0"
                    HEIGHT="53.0">
            <Shape><Polygon POINTS="430 1556 430 1572 1202 1565 1203 1549 1198 1519 428 1523 430 1556"/></Shape>
	    <String CONTENT="rem gratiſſimum, qui nidor tamen erat fides"
                    HPOS="428.0"
                    VPOS="1519.0"
                    WIDTH="775.0"
                    HEIGHT="53.0"></String>
          </TextLine>
          <TextLine ID="line_84"
                    TAGREFS="LT8"
                    BASELINE="431 1600 1203 1595" 
                    HPOS="430.0"
                    VPOS="1558.0"
                    WIDTH="773.0"
                    HEIGHT="58.0">
            <Shape><Polygon POINTS="431 1600 431 1616 1202 1611 1203 1595 1200 1565 686 1558 685 1558 683 1558 662 1567 470 1560 469 1560 467 1560 430 1569 431 1600"/></Shape>
	    <String CONTENT="offerentium. Ad primum ita alluſit Apo¬"
                    HPOS="430.0"
                    VPOS="1558.0"
                    WIDTH="773.0"
                    HEIGHT="58.0"
                    WC="0.9965538889169693"></String>
          </TextLine>
          <TextLine ID="line_85"
                    TAGREFS="LT8"
                    BASELINE="430 1648 1203 1641" 
                    HPOS="428.0"
                    VPOS="1599.0"
                    WIDTH="775.0"
                    HEIGHT="70.0">
            <Shape><Polygon POINTS="430 1648 430 1669 1202 1655 1203 1641 1200 1609 1025 1599 1023 1599 1021 1599 1019 1599 1000 1609 646 1602 644 1602 554 1613 449 1604 447 1604 446 1604 444 1604 428 1611 430 1648"/></Shape>
	    <String CONTENT="ſtolus, cum, uiuam, dixit. Illæ enim hoſtiæ le¬"
                    HPOS="428.0"
                    VPOS="1599.0"
                    WIDTH="775.0"
                    HEIGHT="70.0"
                    WC="0.9920253639525556"></String>
          </TextLine>
          <TextLine ID="line_86"
                    TAGREFS="LT8"
                    BASELINE="431 1694 1207 1687" 
                    HPOS="430.0"
                    VPOS="1646.0"
                    WIDTH="777.0"
                    HEIGHT="62.0">
            <Shape><Polygon POINTS="431 1694 431 1708 1207 1705 1207 1687 1203 1653 837 1646 835 1646 796 1655 793 1655 784 1655 653 1648 651 1648 649 1648 624 1657 621 1659 430 1659 431 1694"/></Shape>
	    <String CONTENT="gales uiuæ offerebantur, ſed tamen ut macta"
                    HPOS="430.0"
                    VPOS="1646.0"
                    WIDTH="777.0"
                    HEIGHT="62.0"
                    WC="0.9982995418615119"></String>
          </TextLine>
          <TextLine ID="line_87"
                    TAGREFS="LT8"
                    BASELINE="430 1738 1202 1733" 
                    HPOS="428.0"
                    VPOS="1699.0"
                    WIDTH="774.0"
                    HEIGHT="55.0">
            <Shape><Polygon POINTS="430 1738 430 1752 1198 1754 1202 1733 1198 1699 428 1699 430 1738"/></Shape>
	    <String CONTENT="tæ mox non uiuerent, cum hæc noſtra hoſtia"
                    HPOS="428.0"
                    VPOS="1699.0"
                    WIDTH="774.0"
                    HEIGHT="55.0"
                    WC="0.9859287653650556"></String>
          </TextLine>
          <TextLine ID="line_88"
                    TAGREFS="LT8"
                    BASELINE="428 1783 1202 1777" 
                    HPOS="426.0"
                    VPOS="1742.0"
                    WIDTH="776.0"
                    HEIGHT="56.0">
            <Shape><Polygon POINTS="428 1783 428 1798 1200 1793 1202 1777 1196 1742 426 1745 428 1783"/></Shape>
	    <String CONTENT="offertur mactanda quidem, ſed ut inde uiuat"
                    HPOS="426.0"
                    VPOS="1742.0"
                    WIDTH="776.0"
                    HEIGHT="56.0"></String>
          </TextLine>
          <TextLine ID="line_89"
                    TAGREFS="LT8"
                    BASELINE="428 1827 1203 1823" 
                    HPOS="426.0"
                    VPOS="1786.0"
                    WIDTH="777.0"
                    HEIGHT="58.0">
            <Shape><Polygon POINTS="428 1827 428 1841 1200 1844 1203 1823 1200 1793 497 1786 495 1786 426 1795 428 1827"/></Shape>
	    <String CONTENT="meliore ratione &amp; æternum. Illæ cultui Dei"
                    HPOS="426.0"
                    VPOS="1786.0"
                    WIDTH="777.0"
                    HEIGHT="58.0"
                    WC="0.9911748085703168"></String>
          </TextLine>
          <TextLine ID="line_90"
                    TAGREFS="LT8"
                    BASELINE="430 1873 1205 1869" 
                    HPOS="428.0"
                    VPOS="1832.0"
                    WIDTH="777.0"
                    HEIGHT="55.0">
            <Shape><Polygon POINTS="430 1873 430 1887 1203 1885 1205 1869 1200 1832 428 1837 430 1873"/></Shape>
	    <String CONTENT="deputabantur delectu ſingularis mundicię &amp;"
                    HPOS="428.0"
                    VPOS="1832.0"
                    WIDTH="777.0"
                    HEIGHT="55.0"></String>
          </TextLine>
          <TextLine ID="line_91"
                    TAGREFS="LT8"
                    BASELINE="426 1919 1202 1913" 
                    HPOS="424.0"
                    VPOS="1873.0"
                    WIDTH="778.0"
                    HEIGHT="60.0">
            <Shape><Polygon POINTS="796 1873 778 1873 725 1873 713 1873 711 1873 699 1875 660 1883 424 1876 426 1919 426 1933 1200 1929 1202 1913 1196 1875 855 1882 842 1875 840 1873 839 1873 837 1873 814 1873 796 1873"/></Shape>
	    <String CONTENT="integritatis, attamen ſanctæ non erant, niſi"
                    HPOS="424.0"
                    VPOS="1873.0"
                    WIDTH="778.0"
                    HEIGHT="60.0"
                    WC="0.9938862120563333"></String>
          </TextLine>
          <TextLine ID="line_92"
                    TAGREFS="LT8"
                    BASELINE="430 1963 1202 1958" 
                    HPOS="428.0"
                    VPOS="1926.0"
                    WIDTH="774.0"
                    HEIGHT="55.0">
            <Shape><Polygon POINTS="430 1963 430 1981 1200 1981 1202 1958 1196 1926 428 1929 430 1963"/></Shape>
	    <String CONTENT="quatenus ſymbola erant ſanctificationis offe"
                    HPOS="428.0"
                    VPOS="1926.0"
                    WIDTH="774.0"
                    HEIGHT="55.0"></String>
          </TextLine>
          <TextLine ID="line_93"
                    TAGREFS="LT8"
                    BASELINE="426 2007 1196 2004" 
                    HPOS="424.0"
                    VPOS="1963.0"
                    WIDTH="772.0"
                    HEIGHT="64.0">
            <Shape><Polygon POINTS="426 2007 426 2023 1193 2027 1196 2004 1194 1974 1163 1963 1161 1963 885 1963 883 1963 881 1963 855 1972 842 1963 840 1963 839 1963 837 1963 835 1963 803 1974 522 1965 520 1965 424 1975 426 2007"/></Shape>
	    <String CONTENT="rentium, noſtra autem hoſtia ſancta ipſa eſt,"
                    HPOS="424.0"
                    VPOS="1963.0"
                    WIDTH="772.0"
                    HEIGHT="64.0"></String>
          </TextLine>
          <TextLine ID="line_106"
                    TAGREFS="LT8"
                    BASELINE="430 2050 1211 2052" 
                    HPOS="425"
                    VPOS="2003"
                    WIDTH="783"
                    HEIGHT="74">
            <Shape><Polygon POINTS="1171 2005 1144 2005 1118 2005 1091 2005 1065 2005 1038 2005 1012 2005 985 2005 959 2005 932 2005 905 2005 879 2005 852 2005 826 2005 799 2005 773 2005 746 2005 719 2005 693 2005 666 2005 640 2005 613 2005 587 2005 560 2005 533 2005 507 2005 480 2005 454 2005 427 2005 427 2048 425 2077 1206 2077 1208 2051 1206 2003 1171 2003 1171 2005"/></Shape>
	    <String CONTENT="quia particeps diuinitatis. Offundebant illæ"
                    HPOS="425"
                    VPOS="2003"
                    WIDTH="783"
                    HEIGHT="74"
                    WC="0.9988692443479191"></String>
          </TextLine>
          <TextLine ID="line_94"
                    TAGREFS="LT8"
                    BASELINE="428 2097 1202 2094" 
                    HPOS="426.0"
                    VPOS="2055.0"
                    WIDTH="776.0"
                    HEIGHT="65.0">
            <Shape><Polygon POINTS="428 2097 428 2120 1202 2112 1202 2094 1198 2064 819 2055 817 2055 663 2064 444 2057 442 2057 440 2057 439 2057 426 2062 428 2097"/></Shape>
	    <String CONTENT="ſuauem odorem Deo, ſed quia placebant gra"
                    HPOS="426.0"
                    VPOS="2055.0"
                    WIDTH="776.0"
                    HEIGHT="65.0"
                    WC="0.9990258115093883"></String>
          </TextLine>
          <TextLine ID="line_95"
                    TAGREFS="LT8"
                    BASELINE="428 2143 1200 2140" 
                    HPOS="426.0"
                    VPOS="2103.0"
                    WIDTH="774.0"
                    HEIGHT="58.0">
            <Shape><Polygon POINTS="428 2143 428 2161 1198 2158 1200 2140 1194 2103 426 2106 428 2143"/></Shape>
	    <String CONTENT="ti́ erant offerentes, cum noſtra hoſtia ipſa"
                    HPOS="426.0"
                    VPOS="2103.0"
                    WIDTH="774.0"
                    HEIGHT="58.0"></String>
          </TextLine>
          <TextLine ID="line_96"
                    TAGREFS="LT8"
                    BASELINE="430 2189 1198 2184" 
                    HPOS="428.0"
                    VPOS="2154.0"
                    WIDTH="770.0"
                    HEIGHT="55.0">
            <Shape><Polygon POINTS="430 2189 430 2209 1196 2202 1198 2184 1193 2154 428 2158 430 2189"/></Shape>
	    <String CONTENT="Deo probatur, quam ad ueram gloriam no¬"
                    HPOS="428.0"
                    VPOS="2154.0"
                    WIDTH="770.0"
                    HEIGHT="55.0"
                    WC="0.9893949383344406"></String>
          </TextLine>
          <TextLine ID="line_97"
                    TAGREFS="LT8"
                    BASELINE="428 2234 1200 2234" 
                    HPOS="428.0"
                    VPOS="2202.0"
                    WIDTH="772.0"
                    HEIGHT="53.0">
            <Shape><Polygon POINTS="428 2234 428 2251 1198 2255 1200 2234 1200 2202 428 2202 428 2234"/></Shape>
	    <String CONTENT="minis ſui reparat, dum eam ipſi mactandam"
                    HPOS="428.0"
                    VPOS="2202.0"
                    WIDTH="772.0"
                    HEIGHT="53.0"
                    WC="0.9833032895879048"></String>
          </TextLine>
          <TextLine ID="line_98"
                    TAGREFS="LT8"
                    BASELINE="430 2278 1198 2278" 
                    HPOS="430.0"
                    VPOS="2248.0"
                    WIDTH="768.0"
                    HEIGHT="48.0">
            <Shape><Polygon POINTS="430 2278 430 2296 1198 2296 1198 2278 1198 2248 430 2248 430 2278"/></Shape>
	    <String CONTENT="offerimus. Iam his rebus, uita uera, cõſortio"
                    HPOS="430.0"
                    VPOS="2248.0"
                    WIDTH="768.0"
                    HEIGHT="48.0"
                    WC="0.9974652671295664"></String>
          </TextLine>
          <TextLine ID="line_99"
                    TAGREFS="LT8"
                    BASELINE="430 2327 1193 2322" 
                    HPOS="428.0"
                    VPOS="2285.0"
                    WIDTH="765.0"
                    HEIGHT="58.0">
            <Shape><Polygon POINTS="1189 2294 1171 2294 1154 2294 1136 2294 1118 2294 1101 2294 1083 2294 1065 2294 1048 2294 1030 2294 1012 2294 994 2294 977 2294 959 2294 941 2294 924 2294 906 2294 888 2294 871 2294 853 2294 835 2294 817 2294 800 2294 782 2294 764 2294 747 2290 741 2287 428 2285 430 2327 430 2342 1189 2343 1193 2322 1189 2294 1189 2294"/></Shape>
	    <String CONTENT="diuinitatis, Deo uere probari &amp; eſſe gratum,"
                    HPOS="428.0"
                    VPOS="2285.0"
                    WIDTH="765.0"
                    HEIGHT="58.0"
                    WC="0.9712741510434584"></String>
          </TextLine>
          <TextLine ID="line_100"
                    TAGREFS="LT8"
                    BASELINE="430 2370 1200 2370" 
                    HPOS="430.0"
                    VPOS="2334.0"
                    WIDTH="770.0"
                    HEIGHT="57.0">
            <Shape><Polygon POINTS="430 2370 430 2391 1200 2384 1200 2370 1200 2338 430 2334 430 2370"/></Shape>
	    <String CONTENT="quid ſit homini Chriſtiano expetendum ma¬"
                    HPOS="430.0"
                    VPOS="2334.0"
                    WIDTH="770.0"
                    HEIGHT="57.0"
                    WC="0.9961886115190459"></String>
          </TextLine>
          <TextLine ID="line_101"
                    TAGREFS="LT8"
                    BASELINE="430 2419 1200 2412" 
                    HPOS="428.0"
                    VPOS="2372.0"
                    WIDTH="772.0"
                    HEIGHT="67.0">
            <Shape><Polygon POINTS="987 2372 901 2380 863 2372 862 2372 860 2372 660 2382 624 2373 623 2373 621 2373 619 2373 578 2384 566 2375 564 2375 562 2375 472 2375 470 2375 469 2375 428 2386 430 2419 430 2439 1198 2433 1200 2412 1196 2379 989 2372 987 2372"/></Shape>
	    <String CONTENT="gis ? Cum ita ineſſe hæc in noſtri oblatione"
                    HPOS="428.0"
                    VPOS="2372.0"
                    WIDTH="772.0"
                    HEIGHT="67.0"></String>
          </TextLine>
          <TextLine ID="line_102"
                    TAGREFS="LT8"
                    BASELINE="430 2462 1202 2462" 
                    HPOS="430.0"
                    VPOS="2419.0"
                    WIDTH="772.0"
                    HEIGHT="64.0">
            <Shape><Polygon POINTS="580 2419 578 2419 577 2419 575 2419 555 2428 518 2419 516 2419 515 2419 430 2428 430 2462 430 2479 1200 2483 1202 2462 1202 2428 1168 2419 1166 2419 1164 2419 1086 2428 1055 2419 1053 2419 1051 2419 938 2428 876 2419 874 2419 872 2419 871 2419 858 2428 805 2419 803 2419 686 2428 669 2419 667 2419 665 2419 663 2419 644 2428 623 2419 621 2419 619 2419 617 2419 593 2428 582 2419 580 2419"/></Shape>
	    <String CONTENT="Apoſtolus admonet, &amp; admonet eos, qui de"
                    HPOS="430.0"
                    VPOS="2419.0"
                    WIDTH="772.0"
                    HEIGHT="64.0"
                    WC="0.9882167503237724"></String>
          </TextLine>
          <TextLine ID="line_103"
                    TAGREFS="LT8"
                    BASELINE="430 2504 1198 2508" 
                    HPOS="428.0"
                    VPOS="2465.0"
                    WIDTH="770.0"
                    HEIGHT="59.0">
            <Shape><Polygon POINTS="430 2504 428 2524 1196 2522 1198 2508 1198 2474 430 2465 430 2504"/></Shape>
	    <String CONTENT="his dubitare nihil poſſunt, certe hoc ipſo haꝵ"
                    HPOS="428.0"
                    VPOS="2465.0"
                    WIDTH="770.0"
                    HEIGHT="59.0"></String>
          </TextLine>
          <TextLine ID="line_104"
                    TAGREFS="LT8"
                    BASELINE="428 2550 1196 2554" 
                    HPOS="426.0"
                    VPOS="2510.0"
                    WIDTH="770.0"
                    HEIGHT="65.0">
            <Shape><Polygon POINTS="428 2550 426 2571 1193 2575 1196 2554 1196 2520 1168 2511 1166 2511 1164 2511 1051 2520 1048 2520 1019 2511 1017 2511 1016 2511 1014 2511 991 2520 989 2520 984 2520 894 2511 892 2511 851 2520 846 2520 842 2520 814 2510 812 2510 810 2510 745 2518 743 2518 669 2510 667 2510 623 2518 619 2518 428 2518 428 2550"/></Shape>
	    <String CONTENT="rerũ admonitu, ad offerendũ eos dicãdum́"
                    HPOS="426.0"
                    VPOS="2510.0"
                    WIDTH="770.0"
                    HEIGHT="65.0"
                    WC="0.9913840022954074"></String>
          </TextLine>
          <TextLine ID="line_105"
                    TAGREFS="LT8"
                    BASELINE="426 2594 1131 2598" 
                    HPOS="424.0"
                    VPOS="2556.0"
                    WIDTH="707.0"
                    HEIGHT="63.0">
            <Shape><Polygon POINTS="426 2594 424 2616 1127 2619 1131 2598 1131 2566 986 2556 984 2556 426 2559 426 2594"/></Shape>
	    <String CONTENT="ſe Deo efficaciſſime incitat, &amp; inflammat."
                    HPOS="424.0"
                    VPOS="2556.0"
                    WIDTH="707.0"
                    HEIGHT="63.0"></String>
          </TextLine>
        </TextBlock>
        <TextBlock HPOS="426"
                   VPOS="2613"
                   WIDTH="771"
                   HEIGHT="288"
                   ID="block_2"
                   TAGREFS="BT979">
          <Shape><Polygon POINTS="1197 2613 1197 2901 426 2901 426 2613"/></Shape>
          <TextLine ID="line_107"
                    TAGREFS="LT8"
                    BASELINE="474 2639 1202 2644" 
                    HPOS="472.0"
                    VPOS="2600.0"
                    WIDTH="730.0"
                    HEIGHT="60.0">
            <Shape><Polygon POINTS="474 2639 472 2655 1198 2660 1202 2644 1202 2612 474 2600 474 2639"/></Shape>
	    <String CONTENT="Ad idem ualet &amp; quod ultimo adiecit, qui"
                    HPOS="472.0"
                    VPOS="2600.0"
                    WIDTH="730.0"
                    HEIGHT="60.0"></String>
          </TextLine>
          <TextLine ID="line_108"
                    TAGREFS="LT8"
                    BASELINE="426 2686 1202 2690" 
                    HPOS="424.0"
                    VPOS="2649.0"
                    WIDTH="778.0"
                    HEIGHT="55.0">
            <Shape><Polygon POINTS="426 2686 424 2701 1198 2704 1202 2690 1202 2658 1166 2649 1164 2649 1163 2649 426 2655 426 2686"/></Shape>
	    <String CONTENT="eſt rationalis cultus ueſter, quo præſtantiam"
                    HPOS="424.0"
                    VPOS="2649.0"
                    WIDTH="778.0"
                    HEIGHT="55.0"
                    WC="0.9980177813106113"></String>
          </TextLine>
          <TextLine ID="line_109"
                    TAGREFS="LT8"
                    BASELINE="426 2734 1202 2734" 
                    HPOS="426.0"
                    VPOS="2695.0"
                    WIDTH="776.0"
                    HEIGHT="55.0">
            <Shape><Polygon POINTS="426 2734 426 2750 1202 2750 1202 2734 1202 2704 426 2695 426 2734"/></Shape>
	    <String CONTENT="cultus noſtri eo extulit,ꝙ cum ueteres in cultu"
                    HPOS="426.0"
                    VPOS="2695.0"
                    WIDTH="776.0"
                    HEIGHT="55.0"></String>
          </TextLine>
          <TextLine ID="line_110"
                    TAGREFS="LT8"
                    BASELINE="423 2780 1196 2780" 
                    HPOS="423.0"
                    VPOS="2747.0"
                    WIDTH="773.0"
                    HEIGHT="51.0">
            <Shape><Polygon POINTS="423 2780 423 2798 1196 2794 1196 2780 1196 2747 423 2747 423 2780"/></Shape>
	    <String CONTENT="ſuo ſymbolis uſi ſint, hoſtijs irrationabili¬"
                    HPOS="423.0"
                    VPOS="2747.0"
                    WIDTH="773.0"
                    HEIGHT="51.0"
                    WC="0.9918807639016045"></String>
          </TextLine>
          <TextLine ID="line_111"
                    TAGREFS="LT8"
                    BASELINE="423 2823 1198 2826" 
                    HPOS="421.0"
                    VPOS="2786.0"
                    WIDTH="777.0"
                    HEIGHT="54.0">
            <Shape><Polygon POINTS="423 2823 421 2839 1194 2840 1198 2826 1196 2793 423 2786 423 2823"/></Shape>
	    <String CONTENT="bus, nobis omnis cultus rationalis eſt, id́"
                    HPOS="421.0"
                    VPOS="2786.0"
                    WIDTH="777.0"
                    HEIGHT="54.0"></String>
          </TextLine>
          <TextLine ID="line_112"
                    TAGREFS="LT8"
                    BASELINE="421 2869 1200 2874" 
                    HPOS="419.0"
                    VPOS="2835.0"
                    WIDTH="781.0"
                    HEIGHT="81.0">
            <Shape><Polygon POINTS="421 2869 419 2893 439 2906 440 2906 442 2906 444 2906 446 2906 495 2893 596 2893 607 2902 608 2902 610 2902 612 2902 614 2902 640 2893 678 2904 679 2904 681 2904 683 2904 709 2895 759 2913 761 2913 763 2915 812 2915 812 2913 814 2913 816 2913 840 2895 846 2895 940 2915 941 2916 1042 2916 1042 2915 1044 2915 1046 2915 1072 2899 1076 2897 1088 2899 1163 2915 1164 2915 1166 2915 1198 2900 1200 2874 1198 2840 421 2835 421 2869"/></Shape>
	    <String CONTENT="quia ſine ſymbolis pecorum conſtat, &amp; quia¬"
                    HPOS="419.0"
                    VPOS="2835.0"
                    WIDTH="781.0"
                    HEIGHT="81.0"></String>
          </TextLine>
        </TextBlock>
        <TextBlock HPOS="1231"
                   VPOS="155"
                   WIDTH="786"
                   HEIGHT="139"
                   ID="block_8"
                   TAGREFS="BT981">
          <Shape><Polygon POINTS="2017 155 2017 294 1231 294 1231 230 1234 230 1234 158 1231 158 1231 155"/></Shape>
          <TextLine ID="eSc_line_962c9a8d"
                    TAGREFS="LT8"
                    BASELINE="1237 188 2014 180" 
                    HPOS="1232"
                    VPOS="116"
                    WIDTH="781"
                    HEIGHT="96">
            <Shape><Polygon POINTS="1235 212 2013 196 2013 177 2008 124 1750 116 1748 116 1548 132 1527 119 1524 119 1522 119 1519 119 1516 119 1514 119 1514 122 1500 135 1357 135 1259 122 1256 122 1253 122 1251 122 1232 132 1235 185"/></Shape>
	    <String CONTENT="ampliore cognitione cum uoluntatis Dei er¬"
                    HPOS="1232"
                    VPOS="116"
                    WIDTH="781"
                    HEIGHT="96"></String>
          </TextLine>
          <TextLine ID="line_11"
                    TAGREFS="LT8"
                    BASELINE="1226 235 2012 224" 
                    HPOS="1225"
                    VPOS="185"
                    WIDTH="787"
                    HEIGHT="76">
            <Shape><Polygon POINTS="1226 252 1278 261 1279 261 1341 252 1357 251 1379 252 1472 260 1474 260 1476 260 1508 251 1517 249 1538 251 1614 258 1616 258 1618 258 1648 249 1657 247 1664 249 1683 256 1685 256 1687 256 1688 256 1704 249 1710 247 1715 249 1736 256 1738 256 1740 256 1742 256 1759 249 1765 247 2011 247 2012 224 2007 185 1681 196 1672 192 1658 189 1657 189 1655 189 1653 189 1630 194 1614 198 1575 196 1487 191 1485 191 1483 191 1481 191 1481 192 1474 198 1472 199 1441 199 1240 194 1239 194 1237 194 1235 194 1225 199 1226 235"/></Shape>
	    <String CONTENT="ga nos benigniſſimæ, tum noſtræ in hoc cul¬"
                    HPOS="1225"
                    VPOS="185"
                    WIDTH="787"
                    HEIGHT="76"></String>
          </TextLine>
          <TextLine ID="line_12"
                    TAGREFS="LT8"
                    BASELINE="1230 279 1414 275" 
                    HPOS="1228"
                    VPOS="242"
                    WIDTH="186"
                    HEIGHT="55">
            <Shape><Polygon POINTS="1230 297 1414 297 1414 275 1409 242 1228 244 1230 279"/></Shape>
	    <String CONTENT="tu ſalutis."
                    HPOS="1228"
                    VPOS="242"
                    WIDTH="186"
                    HEIGHT="55"
                    WC="0.9967732537876476"></String>
          </TextLine>
        </TextBlock>
        <TextBlock HPOS="1238"
                   VPOS="284"
                   WIDTH="782"
                   HEIGHT="2291"
                   ID="block_1"
                   TAGREFS="BT979">
          <Shape><Polygon POINTS="2020 284 2020 2575 1238 2575 1238 284"/></Shape>
          <TextLine ID="line_14"
                    TAGREFS="LT8"
                    BASELINE="1278 325 2012 318" 
                    HPOS="1276.0"
                    VPOS="283.0"
                    WIDTH="736.0"
                    HEIGHT="60.0">
            <Shape><Polygon POINTS="2002 283 1984 283 1966 283 1949 283 1931 283 1913 283 1896 283 1878 283 1860 283 1842 283 1825 283 1807 283 1789 283 1772 283 1754 283 1736 283 1718 283 1701 283 1683 283 1665 283 1648 283 1630 283 1612 283 1595 283 1577 283 1559 283 1541 283 1524 283 1506 283 1488 283 1471 283 1453 283 1444 283 1433 288 1276 288 1278 325 1278 343 2011 343 2012 318 2009 283 2002 283"/></Shape>
	    <String CONTENT="Altera probatio propoſitionis eſt, ut dixi,"
                    HPOS="1276.0"
                    VPOS="283.0"
                    WIDTH="736.0"
                    HEIGHT="60.0"></String>
          </TextLine>
          <TextLine ID="line_15"
                    TAGREFS="LT8"
                    BASELINE="1237 371 2016 364" 
                    HPOS="1235.0"
                    VPOS="330.0"
                    WIDTH="781.0"
                    HEIGHT="55.0">
            <Shape><Polygon POINTS="1237 371 1237 385 2014 383 2016 364 2011 330 1235 330 1237 371"/></Shape>
	    <String CONTENT="à facultate uere iudicij &amp; rectæ rationis, à quo"
                    HPOS="1235.0"
                    VPOS="330.0"
                    WIDTH="781.0"
                    HEIGHT="55.0"
                    WC="0.9844518959522247"></String>
          </TextLine>
          <TextLine ID="line_16"
                    TAGREFS="LT8"
                    BASELINE="1239 417 2018 408" 
                    HPOS="1237.0"
                    VPOS="371.0"
                    WIDTH="781.0"
                    HEIGHT="67.0">
            <Shape><Polygon POINTS="1239 417 1239 438 2016 428 2018 408 2012 371 1237 375 1239 417"/></Shape>
	    <String CONTENT="pendet ſtudium omnis rectæ actionis, &amp; uita¬"
                    HPOS="1237.0"
                    VPOS="371.0"
                    WIDTH="781.0"
                    HEIGHT="67.0"></String>
          </TextLine>
          <TextLine ID="line_17"
                    TAGREFS="LT8"
                    BASELINE="1239 463 2018 454" 
                    HPOS="1237.0"
                    VPOS="420.0"
                    WIDTH="781.0"
                    HEIGHT="55.0">
            <Shape><Polygon POINTS="1239 463 1239 475 2018 474 2018 454 2012 420 1237 426 1239 463"/></Shape>
	    <String CONTENT="beata. Videtur uero hic Apoſtolus nouam"
                    HPOS="1237.0"
                    VPOS="420.0"
                    WIDTH="781.0"
                    HEIGHT="55.0"
                    WC="0.9932935467133155"></String>
          </TextLine>
          <TextLine ID="line_18"
                    TAGREFS="LT8"
                    BASELINE="1235 509 2016 498" 
                    HPOS="1233.0"
                    VPOS="465.0"
                    WIDTH="783.0"
                    HEIGHT="62.0">
            <Shape><Polygon POINTS="1235 509 1235 527 2016 514 2016 498 2011 465 1233 466 1235 509"/></Shape>
	    <String CONTENT="propoſitionẽ facere, ait enim. Ne conforma¬"
                    HPOS="1233.0"
                    VPOS="465.0"
                    WIDTH="783.0"
                    HEIGHT="62.0"
                    WC="0.9992886199192568"></String>
          </TextLine>
          <TextLine ID="line_19"
                    TAGREFS="LT8"
                    BASELINE="1239 553 2016 543" 
                    HPOS="1237.0"
                    VPOS="511.0"
                    WIDTH="779.0"
                    HEIGHT="58.0">
            <Shape><Polygon POINTS="1239 553 1239 569 2014 558 2016 543 2011 511 1237 512 1239 553"/></Shape>
	    <String CONTENT="mini huic ſæculo, ſed transformamini reno¬"
                    HPOS="1237.0"
                    VPOS="511.0"
                    WIDTH="779.0"
                    HEIGHT="58.0"></String>
          </TextLine>
          <TextLine ID="line_20"
                    TAGREFS="LT8"
                    BASELINE="1239 599 2018 590" 
                    HPOS="1237.0"
                    VPOS="550.0"
                    WIDTH="781.0"
                    HEIGHT="63.0">
            <Shape><Polygon POINTS="1239 599 1239 613 2018 604 2018 590 2012 550 1237 562 1239 599"/></Shape>
	    <String CONTENT="uatione mentis ueſtræ, at cum hoc dicto uti¬"
                    HPOS="1237.0"
                    VPOS="550.0"
                    WIDTH="781.0"
                    HEIGHT="63.0"></String>
          </TextLine>
          <TextLine ID="line_21"
                    TAGREFS="LT8"
                    BASELINE="1235 643 2016 636" 
                    HPOS="1233.0"
                    VPOS="604.0"
                    WIDTH="783.0"
                    HEIGHT="61.0">
            <Shape><Polygon POINTS="1235 643 1235 665 2014 658 2016 636 2012 604 1233 604 1235 643"/></Shape>
	    <String CONTENT="litatem noſtræ ad placita Dei conſecrationis"
                    HPOS="1233.0"
                    VPOS="604.0"
                    WIDTH="783.0"
                    HEIGHT="61.0"></String>
          </TextLine>
          <TextLine ID="line_22"
                    TAGREFS="LT8"
                    BASELINE="1239 688 2018 682" 
                    HPOS="1237.0"
                    VPOS="649.0"
                    WIDTH="781.0"
                    HEIGHT="56.0">
            <Shape><Polygon POINTS="1239 688 1239 705 2018 698 2018 682 2012 649 1237 654 1239 688"/></Shape>
	    <String CONTENT="expreſſit, recte in hoc dicto probationem etiã"
                    HPOS="1237.0"
                    VPOS="649.0"
                    WIDTH="781.0"
                    HEIGHT="56.0"></String>
          </TextLine>
          <TextLine ID="line_23"
                    TAGREFS="LT8"
                    BASELINE="1235 735 2016 727" 
                    HPOS="1233.0"
                    VPOS="693.0"
                    WIDTH="783.0"
                    HEIGHT="58.0">
            <Shape><Polygon POINTS="1235 735 1235 751 2014 742 2016 727 2011 693 1233 698 1235 735"/></Shape>
	    <String CONTENT="intelligimus primæ propoſitionis. Vtilitas"
                    HPOS="1233.0"
                    VPOS="693.0"
                    WIDTH="783.0"
                    HEIGHT="58.0"></String>
          </TextLine>
          <TextLine ID="line_24"
                    TAGREFS="LT8"
                    BASELINE="1230 780 2016 773" 
                    HPOS="1228.0"
                    VPOS="739.0"
                    WIDTH="788.0"
                    HEIGHT="55.0">
            <Shape><Polygon POINTS="1230 780 1230 794 2014 790 2016 773 2012 739 1228 739 1230 780"/></Shape>
	    <String CONTENT="uero illa eſt, innouatio uitæ, &amp; primum iudi¬"
                    HPOS="1228.0"
                    VPOS="739.0"
                    WIDTH="788.0"
                    HEIGHT="55.0"
                    WC="0.980600831243727"></String>
          </TextLine>
          <TextLine ID="line_25"
                    TAGREFS="LT8"
                    BASELINE="1237 824 2011 818" 
                    HPOS="1235.0"
                    VPOS="783.0"
                    WIDTH="776.0"
                    HEIGHT="64.0">
            <Shape><Polygon POINTS="1237 824 1237 847 2009 836 2011 818 2007 788 1267 783 1265 783 1264 783 1235 792 1237 824"/></Shape>
	    <String CONTENT="cij, à quo reliqua uita pendet tota. Quæ uti"
                    HPOS="1235.0"
                    VPOS="783.0"
                    WIDTH="776.0"
                    HEIGHT="64.0"></String>
          </TextLine>
          <TextLine ID="line_26"
                    TAGREFS="LT8"
                    BASELINE="1237 872 2014 866" 
                    HPOS="1235.0"
                    VPOS="826.0"
                    WIDTH="779.0"
                    HEIGHT="60.0">
            <Shape><Polygon POINTS="1237 872 1237 886 2014 880 2014 866 2009 826 1235 834 1237 872"/></Shape>
	    <String CONTENT="nobis haud alicunde contingere poteſt, ̃ ſi"
                    HPOS="1235.0"
                    VPOS="826.0"
                    WIDTH="779.0"
                    HEIGHT="60.0"></String>
          </TextLine>
          <TextLine ID="line_27"
                    TAGREFS="LT8"
                    BASELINE="1239 916 2012 909" 
                    HPOS="1237.0"
                    VPOS="879.0"
                    WIDTH="775.0"
                    HEIGHT="54.0">
            <Shape><Polygon POINTS="1239 916 1239 933 2011 933 2012 909 2009 879 1237 879 1239 916"/></Shape>
	    <String CONTENT="nos permiſerimus penitus Deo. Huius enim"
                    HPOS="1237.0"
                    VPOS="879.0"
                    WIDTH="775.0"
                    HEIGHT="54.0"
                    WC="0.9953587099909782"></String>
          </TextLine>
          <TextLine ID="line_28"
                    TAGREFS="LT8"
                    BASELINE="1233 960 2012 955" 
                    HPOS="1232.0"
                    VPOS="923.0"
                    WIDTH="780.0"
                    HEIGHT="53.0">
            <Shape><Polygon POINTS="1233 960 1233 976 2012 974 2012 955 2007 923 1232 926 1233 960"/></Shape>
	    <String CONTENT="ſolius ſpiritu, à ratione &amp; forma uiuendi hu¬"
                    HPOS="1232.0"
                    VPOS="923.0"
                    WIDTH="780.0"
                    HEIGHT="53.0"
                    WC="0.9945779818555583"></String>
          </TextLine>
          <TextLine ID="line_29"
                    TAGREFS="LT8"
                    BASELINE="1239 1006 2012 1002" 
                    HPOS="1237.0"
                    VPOS="965.0"
                    WIDTH="775.0"
                    HEIGHT="59.0">
            <Shape><Polygon POINTS="1239 1006 1239 1024 2011 1024 2012 1002 2007 965 1237 965 1239 1006"/></Shape>
	    <String CONTENT="ius ſæculi immutari poſſumus, in rationẽ &amp;"
                    HPOS="1237.0"
                    VPOS="965.0"
                    WIDTH="775.0"
                    HEIGHT="59.0"></String>
          </TextLine>
          <TextLine ID="line_30"
                    TAGREFS="LT8"
                    BASELINE="1239 1052 2012 1047" 
                    HPOS="1237.0"
                    VPOS="1010.0"
                    WIDTH="775.0"
                    HEIGHT="60.0">
            <Shape><Polygon POINTS="1239 1052 1239 1068 2009 1070 2012 1047 2009 1010 1253 1010 1251 1010 1249 1010 1248 1010 1237 1015 1239 1052"/></Shape>
	    <String CONTENT="formam uiuendi ſecundũ Deum. Ad quod"
                    HPOS="1237.0"
                    VPOS="1010.0"
                    WIDTH="775.0"
                    HEIGHT="60.0"
                    WC="0.9988904724249968"></String>
          </TextLine>
          <TextLine ID="line_31"
                    TAGREFS="LT8"
                    BASELINE="1239 1098 2012 1093" 
                    HPOS="1237.0"
                    VPOS="1091.0"
                    WIDTH="775.0"
                    HEIGHT="23.0">
            <Shape><Polygon POINTS="1998 1091 1980 1091 1963 1091 1945 1091 1927 1091 1910 1091 1892 1091 1874 1091 1857 1091 1839 1091 1821 1091 1803 1091 1786 1091 1768 1091 1750 1091 1733 1091 1715 1091 1697 1091 1680 1091 1662 1091 1644 1091 1626 1094 1609 1094 1591 1094 1573 1094 1556 1094 1538 1094 1520 1094 1503 1094 1485 1094 1467 1094 1449 1094 1432 1094 1414 1094 1396 1094 1379 1094 1361 1094 1343 1094 1325 1094 1308 1094 1290 1094 1272 1094 1255 1094 1237 1094 1239 1098 1239 1114 2011 1109 2012 1093 2011 1091 1998 1091"/></Shape>
	    <String CONTENT="hortat cum ait. Et ne cõformamini, Videtur"
                    HPOS="1237.0"
                    VPOS="1091.0"
                    WIDTH="775.0"
                    HEIGHT="23.0"></String>
          </TextLine>
          <TextLine ID="line_32"
                    TAGREFS="LT8"
                    BASELINE="1237 1144 2012 1137" 
                    HPOS="1235.0"
                    VPOS="1105.0"
                    WIDTH="777.0"
                    HEIGHT="58.0">
            <Shape><Polygon POINTS="1996 1105 1979 1105 1961 1105 1943 1105 1926 1105 1908 1105 1890 1105 1873 1105 1855 1105 1837 1105 1819 1105 1802 1105 1784 1105 1766 1105 1749 1105 1731 1105 1713 1105 1695 1105 1678 1105 1660 1105 1642 1105 1625 1105 1607 1105 1589 1105 1572 1105 1554 1105 1536 1105 1518 1105 1501 1105 1483 1105 1465 1105 1448 1105 1430 1105 1412 1105 1395 1105 1377 1105 1359 1105 1341 1105 1324 1105 1306 1105 1288 1105 1271 1105 1253 1105 1235 1105 1237 1144 1237 1163 2012 1160 2012 1137 2009 1105 1996 1105"/></Shape>
	    <String CONTENT="ita probatio hæc altera ſic explicanda eſſe:"
                    HPOS="1235.0"
                    VPOS="1105.0"
                    WIDTH="777.0"
                    HEIGHT="58.0"
                    WC="0.9967834578620063"></String>
          </TextLine>
          <TextLine ID="line_33"
                    TAGREFS="LT8"
                    BASELINE="1232 1188 2007 1188" 
                    HPOS="1232.0"
                    VPOS="1146.0"
                    WIDTH="775.0"
                    HEIGHT="63.0">
            <Shape><Polygon POINTS="1232 1188 1232 1202 2005 1209 2007 1188 2007 1156 1926 1156 1926 1155 1917 1148 1917 1146 1915 1146 1913 1146 1911 1146 1864 1155 1860 1155 1855 1155 1766 1146 1765 1146 1763 1146 1742 1155 1740 1155 1722 1146 1720 1146 1718 1146 1648 1155 1635 1156 1534 1156 1533 1153 1524 1146 1522 1146 1520 1146 1518 1146 1479 1153 1467 1156 1364 1156 1361 1153 1356 1148 1356 1146 1354 1146 1352 1146 1350 1146 1348 1146 1331 1153 1324 1155 1232 1153 1232 1188"/></Shape>
	    <String CONTENT="Confitemur omnes qui Chriſto credimus,"
                    HPOS="1232.0"
                    VPOS="1146.0"
                    WIDTH="775.0"
                    HEIGHT="63.0"
                    WC="0.9786427601387626"></String>
          </TextLine>
          <TextLine ID="line_34"
                    TAGREFS="LT8"
                    BASELINE="1237 1232 2009 1227" 
                    HPOS="1235.0"
                    VPOS="1190.0"
                    WIDTH="774.0"
                    HEIGHT="69.0">
            <Shape><Polygon POINTS="1819 1190 1802 1190 1784 1190 1777 1190 1727 1197 1724 1197 1715 1197 1534 1190 1533 1190 1235 1199 1237 1232 1237 1259 1288 1250 1490 1257 1492 1257 1494 1257 1518 1248 1717 1255 1718 1255 1720 1255 1752 1247 2005 1254 2009 1227 2005 1197 1835 1190 1819 1190"/></Shape>
	    <String CONTENT="nobis in præceptis Dei propoſitã uitam æter"
                    HPOS="1235.0"
                    VPOS="1190.0"
                    WIDTH="774.0"
                    HEIGHT="69.0"
                    WC="0.9871665632182901"></String>
          </TextLine>
          <TextLine ID="line_35"
                    TAGREFS="LT8"
                    BASELINE="1237 1280 2009 1277" 
                    HPOS="1235.0"
                    VPOS="1245.0"
                    WIDTH="774.0"
                    HEIGHT="53.0">
            <Shape><Polygon POINTS="1237 1280 1237 1294 2005 1298 2009 1277 2005 1245 1235 1245 1237 1280"/></Shape>
	    <String CONTENT="nam, uitam beatam, nec poſſe aliud bonum"
                    HPOS="1235.0"
                    VPOS="1245.0"
                    WIDTH="774.0"
                    HEIGHT="53.0"
                    WC="0.9935047775506973"></String>
          </TextLine>
          <TextLine ID="line_36"
                    TAGREFS="LT8"
                    BASELINE="1237 1324 2009 1324" 
                    HPOS="1237.0"
                    VPOS="1287.0"
                    WIDTH="772.0"
                    HEIGHT="60.0">
            <Shape><Polygon POINTS="1237 1324 1237 1339 2007 1347 2009 1324 2007 1287 1237 1289 1237 1324"/></Shape>
	    <String CONTENT="nobis, gratum &amp; perfectum eſſe, ̃ id quod"
                    HPOS="1237.0"
                    VPOS="1287.0"
                    WIDTH="772.0"
                    HEIGHT="60.0"></String>
          </TextLine>
          <TextLine ID="line_37"
                    TAGREFS="LT8"
                    BASELINE="1237 1369 2007 1369" 
                    HPOS="1237.0"
                    VPOS="1328.0"
                    WIDTH="770.0"
                    HEIGHT="58.0">
            <Shape><Polygon POINTS="1237 1369 1237 1386 2007 1386 2007 1369 2007 1339 1722 1328 1720 1328 1658 1337 1595 1328 1593 1328 1591 1328 1589 1328 1589 1330 1580 1339 1497 1339 1464 1328 1462 1328 1460 1328 1352 1337 1322 1328 1320 1328 1318 1328 1237 1337 1237 1369"/></Shape>
	    <String CONTENT="probat in noſtra uita Deus. Salutis enim no¬"
                    HPOS="1237.0"
                    VPOS="1328.0"
                    WIDTH="770.0"
                    HEIGHT="58.0"
                    WC="0.9953739399259741"></String>
          </TextLine>
          <TextLine ID="line_38"
                    TAGREFS="LT8"
                    BASELINE="1235 1416 2005 1416" 
                    HPOS="1235.0"
                    VPOS="1374.0"
                    WIDTH="770.0"
                    HEIGHT="64.0">
            <Shape><Polygon POINTS="1235 1416 1235 1438 2005 1438 2005 1416 2005 1381 1235 1374 1235 1416"/></Shape>
	    <String CONTENT="ſtræ &amp; fœlicitatis eſt expetentiſſimus. Ergo"
                    HPOS="1235.0"
                    VPOS="1374.0"
                    WIDTH="770.0"
                    HEIGHT="64.0"></String>
          </TextLine>
          <TextLine ID="line_39"
                    TAGREFS="LT8"
                    BASELINE="1237 1461 2007 1461" 
                    HPOS="1237.0"
                    VPOS="1427.0"
                    WIDTH="770.0"
                    HEIGHT="57.0">
            <Shape><Polygon POINTS="1237 1461 1237 1484 2007 1484 2007 1461 2007 1427 1237 1427 1237 1461"/></Shape>
	    <String CONTENT="cum uiuere iuxta placita Dei ſtudemus uitam"
                    HPOS="1237.0"
                    VPOS="1427.0"
                    WIDTH="770.0"
                    HEIGHT="57.0"
                    WC="0.9897196237431016"></String>
          </TextLine>
          <TextLine ID="line_40"
                    TAGREFS="LT8"
                    BASELINE="1233 1507 2000 1507" 
                    HPOS="1233.0"
                    VPOS="1473.0"
                    WIDTH="767.0"
                    HEIGHT="55.0">
            <Shape><Polygon POINTS="1233 1507 1233 1521 1998 1528 2000 1507 2000 1473 1233 1473 1233 1507"/></Shape>
	    <String CONTENT="æternam ſectamur, plenam́ fœlicitatem,"
                    HPOS="1233.0"
                    VPOS="1473.0"
                    WIDTH="767.0"
                    HEIGHT="55.0"
                    WC="0.9874155842340909"></String>
          </TextLine>
          <TextLine ID="line_41"
                    TAGREFS="LT8"
                    BASELINE="1233 1549 2005 1553" 
                    HPOS="1232.0"
                    VPOS="1508.0"
                    WIDTH="773.0"
                    HEIGHT="66.0">
            <Shape><Polygon POINTS="1495 1508 1494 1508 1492 1508 1233 1515 1233 1549 1232 1570 2002 1574 2005 1553 2004 1519 1510 1519 1508 1517 1497 1508 1495 1508"/></Shape>
	    <String CONTENT="quod eſt primum expetendoꝵ. Atqui hoc ſtu"
                    HPOS="1232.0"
                    VPOS="1508.0"
                    WIDTH="773.0"
                    HEIGHT="66.0"></String>
          </TextLine>
          <TextLine ID="line_42"
                    TAGREFS="LT8"
                    BASELINE="1233 1597 2007 1597" 
                    HPOS="1233.0"
                    VPOS="1561.0"
                    WIDTH="774.0"
                    HEIGHT="59.0">
            <Shape><Polygon POINTS="1233 1597 1233 1620 2007 1620 2007 1597 2007 1565 1233 1561 1233 1597"/></Shape>
	    <String CONTENT="dium uiuendi ex ſententia Dei tum demum in"
                    HPOS="1233.0"
                    VPOS="1561.0"
                    WIDTH="774.0"
                    HEIGHT="59.0"
                    WC="0.996072632925851"></String>
          </TextLine>
          <TextLine ID="line_43"
                    TAGREFS="LT8"
                    BASELINE="1233 1639 2005 1643" 
                    HPOS="1232.0"
                    VPOS="1606.0"
                    WIDTH="773.0"
                    HEIGHT="58.0">
            <Shape><Polygon POINTS="1233 1639 1232 1657 2002 1664 2005 1643 2004 1609 1233 1606 1233 1639"/></Shape>
	    <String CONTENT="nobis exiſtit, cum plene comperta &amp; explora¬"
                    HPOS="1232.0"
                    VPOS="1606.0"
                    WIDTH="773.0"
                    HEIGHT="58.0"></String>
          </TextLine>
          <TextLine ID="line_44"
                    TAGREFS="LT8"
                    BASELINE="1230 1689 2004 1689" 
                    HPOS="1230.0"
                    VPOS="1648.0"
                    WIDTH="774.0"
                    HEIGHT="66.0">
            <Shape><Polygon POINTS="1230 1689 1230 1714 2004 1714 2004 1689 2004 1655 1230 1648 1230 1689"/></Shape>
	    <String CONTENT="ta habemus ea, quæ uult Deus, quæ nobis"
                    HPOS="1230.0"
                    VPOS="1648.0"
                    WIDTH="774.0"
                    HEIGHT="66.0"></String>
          </TextLine>
          <TextLine ID="line_45"
                    TAGREFS="LT8"
                    BASELINE="1235 1731 2000 1737" 
                    HPOS="1233.0"
                    VPOS="1691.0"
                    WIDTH="767.0"
                    HEIGHT="67.0">
            <Shape><Polygon POINTS="1492 1691 1490 1691 1488 1691 1235 1696 1235 1731 1233 1747 1996 1758 2000 1737 1998 1703 1754 1703 1750 1701 1738 1692 1736 1692 1734 1692 1733 1692 1540 1699 1506 1699 1504 1699 1494 1691 1492 1691"/></Shape>
	    <String CONTENT="præcipit, inde́ ſolide agnoſcimus eadẽ ſola,"
                    HPOS="1233.0"
                    VPOS="1691.0"
                    WIDTH="767.0"
                    HEIGHT="67.0"></String>
          </TextLine>
          <TextLine ID="line_46"
                    TAGREFS="LT8"
                    BASELINE="1235 1781 2005 1777" 
                    HPOS="1233.0"
                    VPOS="1740.0"
                    WIDTH="772.0"
                    HEIGHT="60.0">
            <Shape><Polygon POINTS="1235 1781 1235 1797 2002 1800 2005 1777 2002 1745 1233 1740 1235 1781"/></Shape>
	    <String CONTENT="bona, grata &amp; perfecta eſſe. Ea enim quiſ in"
                    HPOS="1233.0"
                    VPOS="1740.0"
                    WIDTH="772.0"
                    HEIGHT="60.0"></String>
          </TextLine>
          <TextLine ID="line_47"
                    TAGREFS="LT8"
                    BASELINE="1233 1825 2005 1821" 
                    HPOS="1232.0"
                    VPOS="1786.0"
                    WIDTH="773.0"
                    HEIGHT="62.0">
            <Shape><Polygon POINTS="1233 1825 1233 1848 2004 1837 2005 1821 2002 1790 1232 1786 1233 1825"/></Shape>
	    <String CONTENT="uita ſectatur, quæ perſuaſus eſt ſibi eſſe opti¬"
                    HPOS="1232.0"
                    VPOS="1786.0"
                    WIDTH="773.0"
                    HEIGHT="62.0"
                    WC="0.9607649606962999"></String>
          </TextLine>
          <TextLine ID="line_48"
                    TAGREFS="LT8"
                    BASELINE="1232 1867 2007 1873" 
                    HPOS="1230.0"
                    VPOS="1836.0"
                    WIDTH="777.0"
                    HEIGHT="51.0">
            <Shape><Polygon POINTS="1232 1867 1230 1882 2004 1887 2007 1873 2007 1836 1232 1836 1232 1867"/></Shape>
	    <String CONTENT="ma. Hæc autem certa cognitio uolũtatis Dei"
                    HPOS="1230.0"
                    VPOS="1836.0"
                    WIDTH="777.0"
                    HEIGHT="51.0"
                    WC="0.9965281957803771"></String>
          </TextLine>
          <TextLine ID="line_49"
                    TAGREFS="LT8"
                    BASELINE="1233 1912 2007 1919" 
                    HPOS="1232.0"
                    VPOS="1878.0"
                    WIDTH="775.0"
                    HEIGHT="55.0">
            <Shape><Polygon POINTS="1233 1912 1232 1926 2004 1933 2007 1919 2005 1878 1233 1878 1233 1912"/></Shape>
	    <String CONTENT="&amp; uerorum bonorum, non niſi renouatorũ"
                    HPOS="1232.0"
                    VPOS="1878.0"
                    WIDTH="775.0"
                    HEIGHT="55.0"
                    WC="0.9896686229950342"></String>
          </TextLine>
          <TextLine ID="line_50"
                    TAGREFS="LT8"
                    BASELINE="1233 1959 2007 1965" 
                    HPOS="1232.0"
                    VPOS="1922.0"
                    WIDTH="775.0"
                    HEIGHT="64.0">
            <Shape><Polygon POINTS="1233 1959 1232 1979 2004 1986 2007 1965 2004 1922 1233 1922 1233 1959"/></Shape>
	    <String CONTENT="eſt. Animalis nam homo quæ ſpiritus Dei"
                    HPOS="1232.0"
                    VPOS="1922.0"
                    WIDTH="775.0"
                    HEIGHT="64.0"
                    WC="0.9945017531514168"></String>
          </TextLine>
          <TextLine ID="line_51"
                    TAGREFS="LT8"
                    BASELINE="1235 2004 2007 2007" 
                    HPOS="1233"
                    VPOS="1967"
                    WIDTH="774"
                    HEIGHT="60">
            <Shape><Polygon POINTS="1233 2027 2005 2023 2007 2007 2005 1975 1235 1967 1235 2004"/></Shape>
	    <String CONTENT="ſunt percipere non poteſt. Renouatio igitur"
                    HPOS="1233"
                    VPOS="1967"
                    WIDTH="774"
                    HEIGHT="60"
                    WC="0.9990145799725555"></String>
          </TextLine>
          <TextLine ID="eSc_line_2f403797"
                    TAGREFS="LT8"
                    BASELINE="1234 2053 2004 2055" 
                    HPOS="1230"
                    VPOS="2008"
                    WIDTH="773"
                    HEIGHT="69">
            <Shape><Polygon POINTS="1230 2066 1997 2077 2003 2053 2000 2016 1232 2008 1232 2051"/></Shape>
	    <String CONTENT="mentis noſtræ, at adeo tota noſtri ad ima¬"
                    HPOS="1230"
                    VPOS="2008"
                    WIDTH="773"
                    HEIGHT="69"></String>
          </TextLine>
          <TextLine ID="line_52"
                    TAGREFS="LT8"
                    BASELINE="1234 2096 2005 2099" 
                    HPOS="1230"
                    VPOS="2053"
                    WIDTH="773"
                    HEIGHT="67">
            <Shape><Polygon POINTS="1604 2053 1578 2053 1551 2053 1524 2053 1498 2053 1471 2053 1445 2053 1418 2053 1392 2053 1365 2053 1338 2053 1312 2053 1285 2053 1259 2053 1232 2053 1232 2093 1230 2120 2000 2120 2003 2098 2000 2058 1615 2053 1604 2053"/></Shape>
	    <String CONTENT="ginem Dei transformatio neceſſario nobi¬"
                    HPOS="1230"
                    VPOS="2053"
                    WIDTH="773"
                    HEIGHT="67"
                    WC="0.9877785801887512"></String>
          </TextLine>
          <TextLine ID="line_53"
                    TAGREFS="LT8"
                    BASELINE="1233 2142 2007 2147" 
                    HPOS="1232.0"
                    VPOS="2108.0"
                    WIDTH="775.0"
                    HEIGHT="53.0">
            <Shape><Polygon POINTS="1233 2142 1232 2161 2005 2161 2007 2147 2005 2113 1233 2108 1233 2142"/></Shape>
	    <String CONTENT="expetenda, &amp; omni ſtudio exquirẽda eſt. Iam"
                    HPOS="1232.0"
                    VPOS="2108.0"
                    WIDTH="775.0"
                    HEIGHT="53.0"
                    WC="0.9952075440775264"></String>
          </TextLine>
          <TextLine ID="line_54"
                    TAGREFS="LT8"
                    BASELINE="1233 2186 2005 2193" 
                    HPOS="1232.0"
                    VPOS="2150.0"
                    WIDTH="773.0"
                    HEIGHT="66.0">
            <Shape><Polygon POINTS="1233 2186 1232 2200 1279 2211 1281 2211 1513 2207 1618 2205 1639 2209 1665 2214 1667 2214 1715 2211 1770 2207 2002 2216 2005 2193 2004 2154 1233 2150 1233 2186"/></Shape>
	    <String CONTENT="una hac ratione huius cõpotes euadere licet,"
                    HPOS="1232.0"
                    VPOS="2150.0"
                    WIDTH="773.0"
                    HEIGHT="66.0"></String>
          </TextLine>
          <TextLine ID="line_55"
                    TAGREFS="LT8"
                    BASELINE="1233 2232 2009 2239" 
                    HPOS="1232.0"
                    VPOS="2189.0"
                    WIDTH="777.0"
                    HEIGHT="73.0">
            <Shape><Polygon POINTS="1233 2232 1232 2255 2005 2262 2009 2239 2009 2204 1285 2200 1233 2189 1233 2232"/></Shape>
	    <String CONTENT="ſi abnegemus nos metipſos, &amp; addicamus"
                    HPOS="1232.0"
                    VPOS="2189.0"
                    WIDTH="777.0"
                    HEIGHT="73.0"
                    WC="0.9811047629306191"></String>
          </TextLine>
          <TextLine ID="line_56"
                    TAGREFS="LT8"
                    BASELINE="1233 2278 2012 2285" 
                    HPOS="1232.0"
                    VPOS="2239.0"
                    WIDTH="780.0"
                    HEIGHT="67.0">
            <Shape><Polygon POINTS="1233 2278 1232 2292 2009 2306 2012 2285 2012 2251 1749 2241 1747 2241 1655 2248 1639 2248 1637 2248 1630 2241 1630 2239 1628 2239 1626 2239 1625 2239 1233 2242 1233 2278"/></Shape>
	    <String CONTENT="totos Deo, qui ſolus ſuo ſpiritu uetuſtatẽ in"
                    HPOS="1232.0"
                    VPOS="2239.0"
                    WIDTH="780.0"
                    HEIGHT="67.0"></String>
          </TextLine>
          <TextLine ID="line_57"
                    TAGREFS="LT8"
                    BASELINE="1233 2324 2012 2327" 
                    HPOS="1232.0"
                    VPOS="2294.0"
                    WIDTH="780.0"
                    HEIGHT="51.0">
            <Shape><Polygon POINTS="1853 2294 1835 2294 1818 2294 1800 2294 1782 2294 1765 2294 1747 2294 1729 2294 1711 2294 1694 2294 1676 2294 1658 2294 1641 2294 1623 2294 1605 2294 1587 2294 1570 2294 1552 2294 1534 2294 1517 2294 1499 2294 1481 2294 1464 2294 1446 2294 1428 2294 1410 2294 1393 2294 1375 2294 1357 2294 1340 2294 1322 2294 1304 2294 1287 2294 1269 2294 1251 2294 1233 2294 1233 2324 1232 2340 2009 2345 2012 2327 2011 2296 1855 2294 1853 2294"/></Shape>
	    <String CONTENT="nobis omnẽ, &amp; cum hoc ſæeculo conformita¬"
                    HPOS="1232.0"
                    VPOS="2294.0"
                    WIDTH="780.0"
                    HEIGHT="51.0"></String>
          </TextLine>
          <TextLine ID="line_58"
                    TAGREFS="LT8"
                    BASELINE="1233 2370 2009 2379" 
                    HPOS="1232.0"
                    VPOS="2336.0"
                    WIDTH="777.0"
                    HEIGHT="62.0">
            <Shape><Polygon POINTS="1233 2370 1232 2386 2005 2398 2009 2379 2007 2345 1233 2336 1233 2370"/></Shape>
	    <String CONTENT="tem tollit, noua́ mente, ac inde noua uita,"
                    HPOS="1232.0"
                    VPOS="2336.0"
                    WIDTH="777.0"
                    HEIGHT="62.0"></String>
          </TextLine>
          <TextLine ID="line_59"
                    TAGREFS="LT8"
                    BASELINE="1233 2414 2016 2423" 
                    HPOS="1232.0"
                    VPOS="2380.0"
                    WIDTH="784.0"
                    HEIGHT="59.0">
            <Shape><Polygon POINTS="1233 2414 1232 2433 2012 2439 2016 2423 2016 2389 1233 2380 1233 2414"/></Shape>
	    <String CONTENT="quæ ſit ad ipſius imaginem cõparata, donat."
                    HPOS="1232.0"
                    VPOS="2380.0"
                    WIDTH="784.0"
                    HEIGHT="59.0"></String>
          </TextLine>
          <TextLine ID="line_60"
                    TAGREFS="LT8"
                    BASELINE="1235 2460 2016 2467" 
                    HPOS="1233.0"
                    VPOS="2423.0"
                    WIDTH="783.0"
                    HEIGHT="65.0">
            <Shape><Polygon POINTS="1235 2460 1233 2481 2012 2488 2016 2467 2014 2435 1952 2425 1950 2425 1858 2432 1835 2433 1832 2432 1821 2423 1819 2423 1818 2423 1816 2423 1814 2423 1812 2423 1802 2432 1800 2432 1788 2432 1717 2423 1715 2423 1687 2430 1674 2432 1662 2428 1642 2423 1641 2423 1235 2423 1235 2460"/></Shape>
	    <String CONTENT="Ergo ut ſiſtamus nos, &amp; cõſecremus Deo in"
                    HPOS="1233.0"
                    VPOS="2423.0"
                    WIDTH="783.0"
                    HEIGHT="65.0"></String>
          </TextLine>
          <TextLine ID="line_61"
                    TAGREFS="LT8"
                    BASELINE="1235 2504 2014 2517" 
                    HPOS="1233.0"
                    VPOS="2465.0"
                    WIDTH="781.0"
                    HEIGHT="75.0">
            <Shape><Polygon POINTS="1235 2504 1233 2522 1249 2531 1251 2531 1253 2531 1340 2524 1341 2524 1343 2524 1379 2533 1380 2533 1382 2533 1446 2525 1455 2525 1456 2525 1469 2534 1471 2534 1472 2534 1474 2534 1538 2529 1554 2527 1559 2529 1579 2536 1580 2536 2011 2540 2014 2517 2012 2485 1904 2485 1899 2481 1871 2472 1869 2472 1867 2472 1821 2481 1818 2481 1814 2481 1788 2471 1786 2471 1784 2471 1600 2478 1572 2478 1566 2478 1536 2467 1534 2467 1533 2467 1531 2467 1495 2476 1494 2476 1490 2476 1458 2465 1456 2465 1455 2465 1453 2465 1435 2474 1421 2465 1419 2465 1418 2465 1416 2465 1414 2465 1395 2474 1393 2474 1387 2474 1334 2465 1333 2465 1235 2471 1235 2504"/></Shape>
	    <String CONTENT="hoſtiam, ſtudendum toto pectore. Quæ erat"
                    HPOS="1233.0"
                    VPOS="2465.0"
                    WIDTH="781.0"
                    HEIGHT="75.0"></String>
          </TextLine>
          <TextLine ID="line_62"
                    TAGREFS="LT8"
                    BASELINE="1230 2554 1448 2554" 
                    HPOS="1230.0"
                    VPOS="2518.0"
                    WIDTH="218.0"
                    HEIGHT="61.0">
            <Shape><Polygon POINTS="1230 2554 1230 2571 1235 2577 1235 2579 1237 2579 1239 2579 1240 2579 1448 2568 1448 2554 1446 2518 1230 2518 1230 2554"/></Shape>
	    <String CONTENT="propoſitio."
                    HPOS="1230.0"
                    VPOS="2518.0"
                    WIDTH="218.0"
                    HEIGHT="61.0"
                    WC="0.9686096581545743"></String>
          </TextLine>
        </TextBlock>
        <TextBlock HPOS="1386"
                   VPOS="2569"
                   WIDTH="463"
                   HEIGHT="49"
                   ID="block_0"
                   TAGREFS="BT978">
          <Shape><Polygon POINTS="1849 2569 1849 2618 1386 2618 1386 2569"/></Shape>
          <TextLine ID="line_113"
                    TAGREFS="LT8"
                    BASELINE="1384 2598 1846 2602" 
                    HPOS="1382.0"
                    VPOS="2561.0"
                    WIDTH="464.0"
                    HEIGHT="58.0">
            <Shape><Polygon POINTS="1384 2598 1382 2612 1842 2619 1846 2602 1844 2561 1384 2561 1384 2598"/></Shape>
	    <String CONTENT="INTERPRETATIO."
                    HPOS="1382.0"
                    VPOS="2561.0"
                    WIDTH="464.0"
                    HEIGHT="58.0"
                    WC="0.9999270439147949"></String>
          </TextLine>
        </TextBlock>
        <TextBlock HPOS="1233"
                   VPOS="2618"
                   WIDTH="791"
                   HEIGHT="281"
                   ID="block_3"
                   TAGREFS="BT979">
          <Shape><Polygon POINTS="2024 2618 2024 2899 1233 2899 1233 2618"/></Shape>
          <TextLine ID="line_114"
                    TAGREFS="LT8"
                    BASELINE="1267 2642 2021 2655" 
                    HPOS="1265.0"
                    VPOS="2596.0"
                    WIDTH="756.0"
                    HEIGHT="78.0">
            <Shape><Polygon POINTS="1658 2602 1657 2602 1655 2602 1610 2609 1600 2610 1591 2609 1564 2602 1563 2602 1561 2602 1425 2607 1396 2607 1389 2607 1345 2596 1343 2596 1267 2603 1267 2642 1265 2655 2018 2674 2021 2655 2019 2616 1786 2603 1784 2603 1687 2610 1674 2610 1672 2610 1660 2602 1658 2602"/></Shape>
	    <String CONTENT="Adhortor ergo uos fratres. ] Demittit au"
                    HPOS="1265.0"
                    VPOS="2596.0"
                    WIDTH="756.0"
                    HEIGHT="78.0"></String>
          </TextLine>
          <TextLine ID="line_115"
                    TAGREFS="LT8"
                    BASELINE="1225 2690 2023 2697" 
                    HPOS="1223.0"
                    VPOS="2655.0"
                    WIDTH="800.0"
                    HEIGHT="63.0">
            <Shape><Polygon POINTS="1225 2690 1223 2704 2019 2718 2023 2697 2023 2662 1225 2655 1225 2690"/></Shape>
	    <String CONTENT="thoritatem, &amp; ſingularem exprimit affectum"
                    HPOS="1223.0"
                    VPOS="2655.0"
                    WIDTH="800.0"
                    HEIGHT="63.0"
                    WC="0.9943642559505644"></String>
          </TextLine>
          <TextLine ID="line_116"
                    TAGREFS="LT8"
                    BASELINE="1228 2732 2023 2745" 
                    HPOS="1226.0"
                    VPOS="2692.0"
                    WIDTH="797.0"
                    HEIGHT="71.0">
            <Shape><Polygon POINTS="1228 2732 1226 2747 1341 2759 1343 2759 1345 2759 1372 2752 1464 2761 1465 2763 2021 2763 2023 2745 2021 2711 1228 2692 1228 2732"/></Shape>
	    <String CONTENT="charitatis, utens uerbo adhortandi, &amp; appel¬"
                    HPOS="1226.0"
                    VPOS="2692.0"
                    WIDTH="797.0"
                    HEIGHT="71.0"></String>
          </TextLine>
          <TextLine ID="line_117"
                    TAGREFS="LT8"
                    BASELINE="1226 2778 2023 2793" 
                    HPOS="1225.0"
                    VPOS="2736.0"
                    WIDTH="798.0"
                    HEIGHT="74.0">
            <Shape><Polygon POINTS="1226 2778 1225 2791 2019 2810 2023 2793 2021 2755 1426 2750 1387 2740 1386 2740 1384 2740 1382 2740 1325 2747 1226 2736 1226 2778"/></Shape>
	    <String CONTENT="latione fratrũ, ut ſcilicet amplius cõmoueat."
                    HPOS="1225.0"
                    VPOS="2736.0"
                    WIDTH="798.0"
                    HEIGHT="74.0"></String>
          </TextLine>
          <TextLine ID="line_118"
                    TAGREFS="LT8"
                    BASELINE="1223 2826 2021 2837" 
                    HPOS="1221.0"
                    VPOS="2789.0"
                    WIDTH="800.0"
                    HEIGHT="67.0">
            <Shape><Polygon POINTS="1223 2826 1221 2844 2018 2856 2021 2837 2021 2801 1223 2789 1223 2826"/></Shape>
	    <String CONTENT="Excitare em̃ uoluntatẽ &amp; ſtudiũ inſtituerat,"
                    HPOS="1221.0"
                    VPOS="2789.0"
                    WIDTH="800.0"
                    HEIGHT="67.0"></String>
          </TextLine>
          <TextLine ID="line_119"
                    TAGREFS="LT8"
                    BASELINE="1212 2874 2027 2881" 
                    HPOS="1210.0"
                    VPOS="2839.0"
                    WIDTH="817.0"
                    HEIGHT="76.0">
            <Shape><Polygon POINTS="1212 2874 1210 2893 1262 2909 1264 2909 1265 2911 1334 2911 1334 2909 1336 2909 1384 2895 1387 2895 1398 2895 1619 2913 1621 2915 1711 2915 1711 2913 1713 2913 1756 2899 1867 2911 1869 2911 1871 2911 1873 2911 1890 2900 2025 2900 2027 2881 2027 2846 1212 2839 1212 2874"/></Shape>
	    <String CONTENT="ad quam rem momentum habebat uidere il¬"
                    HPOS="1210.0"
                    VPOS="2839.0"
                    WIDTH="817.0"
                    HEIGHT="76.0"></String>
          </TextLine>
        </TextBlock>
        <TextBlock HPOS="1893"
                   VPOS="2898"
                   WIDTH="134"
                   HEIGHT="53"
                   ID="block_11"
                   TAGREFS="BT17">
          <Shape><Polygon POINTS="2027 2898 2027 2951 1893 2951 1893 2898"/></Shape>
          <TextLine ID="line_120"
                    TAGREFS="LT8"
                    BASELINE="1885 2929 2030 2929" 
                    HPOS="1885.0"
                    VPOS="2888.0"
                    WIDTH="145.0"
                    HEIGHT="83.0">
            <Shape><Polygon POINTS="1885 2929 1885 2961 2028 2971 2030 2929 2030 2895 1885 2888 1885 2929"/></Shape>
	    <String CONTENT="los, ſe"
                    HPOS="1885.0"
                    VPOS="2888.0"
                    WIDTH="145.0"
                    HEIGHT="83.0"
                    WC="0.9988283855574471"></String>
          </TextLine>
        </TextBlock>
      </PrintSpace>
    </Page>
  </Layout>
</alto>
