<?xml version="1.0" encoding="UTF-8"?>
<alto xmlns:xsi="http://www.w3.org/2001/XMLSchema-instance"
      xmlns="http://www.loc.gov/standards/alto/ns-v4#"
      xsi:schemaLocation="http://www.loc.gov/standards/alto/ns-v4# http://www.loc.gov/standards/alto/v4/alto-4-2.xsd">
  <Description>
    <MeasurementUnit>pixel</MeasurementUnit>
    <sourceImageInformation>
      <fileName>bsb10313792_00472.jpg</fileName>
    </sourceImageInformation>
  </Description>
  <Tags>
    <OtherTag ID="BT7" LABEL="CustomZone" DESCRIPTION="block type CustomZone"/><OtherTag ID="BT8" LABEL="DamageZone" DESCRIPTION="block type DamageZone"/><OtherTag ID="BT9" LABEL="DigitizationArtefactZone" DESCRIPTION="block type DigitizationArtefactZone"/><OtherTag ID="BT10" LABEL="DropCapitalZone" DESCRIPTION="block type DropCapitalZone"/><OtherTag ID="BT11" LABEL="GraphicZone" DESCRIPTION="block type GraphicZone"/><OtherTag ID="BT12" LABEL="MainZone" DESCRIPTION="block type MainZone"/><OtherTag ID="BT13" LABEL="MarginTextZone" DESCRIPTION="block type MarginTextZone"/><OtherTag ID="BT14" LABEL="MusicZone" DESCRIPTION="block type MusicZone"/><OtherTag ID="BT15" LABEL="NumberingZone" DESCRIPTION="block type NumberingZone"/><OtherTag ID="BT17" LABEL="QuireMarksZone" DESCRIPTION="block type QuireMarksZone"/><OtherTag ID="BT18" LABEL="RunningTitleZone" DESCRIPTION="block type RunningTitleZone"/><OtherTag ID="BT19" LABEL="SealZone" DESCRIPTION="block type SealZone"/><OtherTag ID="BT20" LABEL="StampZone" DESCRIPTION="block type StampZone"/><OtherTag ID="BT21" LABEL="TableZone" DESCRIPTION="block type TableZone"/><OtherTag ID="BT22" LABEL="TitlePageZone" DESCRIPTION="block type TitlePageZone"/><OtherTag ID="BT847" LABEL="text" DESCRIPTION="block type text"/><OtherTag ID="BT978" LABEL="MainZone-Head" DESCRIPTION="block type MainZone-Head"/><OtherTag ID="BT979" LABEL="MainZone-P" DESCRIPTION="block type MainZone-P"/><OtherTag ID="BT980" LABEL="MainZone-Entry-Continued" DESCRIPTION="block type MainZone-Entry-Continued"/><OtherTag ID="BT981" LABEL="MainZone-P-Continued" DESCRIPTION="block type MainZone-P-Continued"/><OtherTag ID="BT982" LABEL="MainZone-Entry" DESCRIPTION="block type MainZone-Entry"/><OtherTag ID="BT983" LABEL="MarginTextZone-Notes" DESCRIPTION="block type MarginTextZone-Notes"/><OtherTag ID="BT984" LABEL="MainZone-Sp" DESCRIPTION="block type MainZone-Sp"/>
    <OtherTag ID="LT7" LABEL="CustomLine" DESCRIPTION="line type CustomLine"/><OtherTag ID="LT8" LABEL="DefaultLine" DESCRIPTION="line type DefaultLine"/><OtherTag ID="LT9" LABEL="DropCapitalLine" DESCRIPTION="line type DropCapitalLine"/><OtherTag ID="LT10" LABEL="HeadingLine" DESCRIPTION="line type HeadingLine"/><OtherTag ID="LT11" LABEL="InterlinearLine" DESCRIPTION="line type InterlinearLine"/><OtherTag ID="LT12" LABEL="MusicLine" DESCRIPTION="line type MusicLine"/><OtherTag ID="LT431" LABEL="default" DESCRIPTION="line type default"/>
  </Tags>
  <Layout>
    <Page WIDTH="2108"
          HEIGHT="3205"
          PHYSICAL_IMG_NR="6"
          ID="eSc_dummypage_">
      <PrintSpace HPOS="0"
                  VPOS="0"
                  WIDTH="2108"
                  HEIGHT="3205">
        <TextBlock HPOS="406"
                   VPOS="112"
                   WIDTH="139"
                   HEIGHT="56"
                   ID="block_10"
                   TAGREFS="BT15">
          <Shape><Polygon POINTS="538 115 545 168 406 168 406 112"/></Shape>
          <TextLine ID="line_1"
                    TAGREFS="LT8"
                    BASELINE="411 147 523 142" 
                    HPOS="408.0"
                    VPOS="96.0"
                    WIDTH="115.0"
                    HEIGHT="76.0">
            <Shape><Polygon POINTS="411 147 411 160 443 172 445 172 447 172 523 153 523 142 518 96 408 99 411 147"/></Shape>
	    <String CONTENT="460"
                    HPOS="408.0"
                    VPOS="96.0"
                    WIDTH="115.0"
                    HEIGHT="76.0"
                    WC="0.999979297320048"></String>
          </TextLine>
        </TextBlock>
        <TextBlock HPOS="390"
                   VPOS="160"
                   WIDTH="814"
                   HEIGHT="976"
                   ID="block_9"
                   TAGREFS="BT981">
          <Shape><Polygon POINTS="1204 163 1198 1136 390 1136 390 160"/></Shape>
          <TextLine ID="line_51"
                    TAGREFS="LT8"
                    BASELINE="408 213 1192 208" 
                    HPOS="403"
                    VPOS="144"
                    WIDTH="788"
                    HEIGHT="88">
            <Shape><Polygon POINTS="406 210 406 229 1186 232 1191 205 1188 157 1164 144 1162 144 1159 144 1156 144 777 160 537 146 534 146 403 162 406 210"/></Shape>
	    <String CONTENT="hæc ipſa noſtrorum corporum conſecratio,"
                    HPOS="403"
                    VPOS="144"
                    WIDTH="788"
                    HEIGHT="88"></String>
          </TextLine>
          <TextLine ID="line_31"
                    TAGREFS="LT8"
                    BASELINE="409 259 1192 251" 
                    HPOS="406"
                    VPOS="213"
                    WIDTH="785"
                    HEIGHT="72">
            <Shape><Polygon POINTS="408 256 408 285 1188 269 1191 248 1180 213 406 216 408 256"/></Shape>
	    <String CONTENT="ad quam hic nos Apoſtolus hortat̃, dici cul¬"
                    HPOS="406"
                    VPOS="213"
                    WIDTH="785"
                    HEIGHT="72"></String>
          </TextLine>
          <TextLine ID="line_32"
                    TAGREFS="LT8"
                    BASELINE="408 306 1186 295" 
                    HPOS="406.0"
                    VPOS="265.0"
                    WIDTH="780.0"
                    HEIGHT="59.0">
            <Shape><Polygon POINTS="1172 283 1154 283 1136 283 1119 283 1101 283 1083 283 1065 283 1047 283 1029 283 1012 283 994 283 976 283 958 283 940 283 923 283 905 283 887 283 869 283 851 283 833 283 816 283 798 283 780 283 762 283 744 283 727 283 709 283 698 268 668 265 666 265 664 265 662 265 646 275 630 267 629 267 627 267 422 268 420 268 418 268 406 275 408 306 408 324 1184 316 1186 295 1183 283 1172 283"/></Shape>
	    <String CONTENT="tus rationalis, ab obiecto uidelicet cultus hu¬"
                    HPOS="406.0"
                    VPOS="265.0"
                    WIDTH="780.0"
                    HEIGHT="59.0"
                    WC="0.9963999885193845"></String>
          </TextLine>
          <TextLine ID="line_33"
                    TAGREFS="LT8"
                    BASELINE="409 348 1192 343" 
                    HPOS="408.0"
                    VPOS="306.0"
                    WIDTH="784.0"
                    HEIGHT="59.0">
            <Shape><Polygon POINTS="817 308 800 308 782 308 764 308 746 308 728 308 723 306 700 306 698 306 696 306 664 315 529 308 527 308 408 316 409 348 409 365 1192 359 1192 343 1188 313 821 308 817 308"/></Shape>
	    <String CONTENT="ius noſtri, quo non ut olim irrationales pecu"
                    HPOS="408.0"
                    VPOS="306.0"
                    WIDTH="784.0"
                    HEIGHT="59.0"
                    WC="0.9940180937449138"></String>
          </TextLine>
          <TextLine ID="line_34"
                    TAGREFS="LT8"
                    BASELINE="409 397 1186 388" 
                    HPOS="408.0"
                    VPOS="352.0"
                    WIDTH="778.0"
                    HEIGHT="62.0">
            <Shape><Polygon POINTS="409 397 409 414 1184 411 1186 388 1181 352 408 363 409 397"/></Shape>
	    <String CONTENT="des, ſed nos ipſos, qui rationales ſumus, &amp;"
                    HPOS="408.0"
                    VPOS="352.0"
                    WIDTH="778.0"
                    HEIGHT="62.0"
                    WC="0.990198573400808"></String>
          </TextLine>
          <TextLine ID="line_35"
                    TAGREFS="LT8"
                    BASELINE="409 441 1190 434" 
                    HPOS="408.0"
                    VPOS="397.0"
                    WIDTH="782.0"
                    HEIGHT="60.0">
            <Shape><Polygon POINTS="409 441 409 457 1188 450 1190 434 1184 397 595 409 570 409 450 402 449 402 408 411 409 441"/></Shape>
	    <String CONTENT="maxime mentem, &amp; ipſam rationem noſtrã"
                    HPOS="408.0"
                    VPOS="397.0"
                    WIDTH="782.0"
                    HEIGHT="60.0"
                    WC="0.9972002185308017"></String>
          </TextLine>
          <TextLine ID="line_36"
                    TAGREFS="LT8"
                    BASELINE="409 487 1192 482" 
                    HPOS="408.0"
                    VPOS="441.0"
                    WIDTH="784.0"
                    HEIGHT="64.0">
            <Shape><Polygon POINTS="409 487 409 505 1190 498 1192 482 1186 441 408 445 409 487"/></Shape>
	    <String CONTENT="Deo offerimus. In expoſitione adieci &amp; alterã"
                    HPOS="408.0"
                    VPOS="441.0"
                    WIDTH="784.0"
                    HEIGHT="64.0"
                    WC="0.995040326014809"></String>
          </TextLine>
          <TextLine ID="line_37"
                    TAGREFS="LT8"
                    BASELINE="408 532 1192 527" 
                    HPOS="406.0"
                    VPOS="494.0"
                    WIDTH="786.0"
                    HEIGHT="56.0">
            <Shape><Polygon POINTS="408 532 408 550 1190 544 1192 527 1186 494 406 498 408 532"/></Shape>
	    <String CONTENT="rationem huius appellationis, ab eo ꝙ nos"
                    HPOS="406.0"
                    VPOS="494.0"
                    WIDTH="786.0"
                    HEIGHT="56.0"
                    WC="0.9753376768856514"></String>
          </TextLine>
          <TextLine ID="line_38"
                    TAGREFS="LT8"
                    BASELINE="409 578 1190 571" 
                    HPOS="408"
                    VPOS="534"
                    WIDTH="782"
                    HEIGHT="62">
            <Shape><Polygon POINTS="409 596 1188 587 1190 571 1186 543 992 534 990 534 988 534 958 543 614 537 612 537 408 548 409 578"/></Shape>
	    <String CONTENT="maiore ̃ ueteres cognitione cum uoluntatis"
                    HPOS="408"
                    VPOS="534"
                    WIDTH="782"
                    HEIGHT="62"></String>
          </TextLine>
          <TextLine ID="line_39"
                    TAGREFS="LT8"
                    BASELINE="409 623 1192 617" 
                    HPOS="408.0"
                    VPOS="584.0"
                    WIDTH="784.0"
                    HEIGHT="57.0">
            <Shape><Polygon POINTS="409 623 409 641 1190 639 1192 617 1188 587 408 584 409 623"/></Shape>
	    <String CONTENT="diuinæ, tum noſtrȩ ſalutis, ac ideo ratione cer"
                    HPOS="408.0"
                    VPOS="584.0"
                    WIDTH="784.0"
                    HEIGHT="57.0"
                    WC="0.9904227231939634"></String>
          </TextLine>
          <TextLine ID="line_40"
                    TAGREFS="LT8"
                    BASELINE="409 669 1197 664" 
                    HPOS="408.0"
                    VPOS="633.0"
                    WIDTH="789.0"
                    HEIGHT="52.0">
            <Shape><Polygon POINTS="409 669 409 683 1195 685 1197 664 1193 633 408 633 409 669"/></Shape>
	    <String CONTENT="tiore Deo hunc noſtrum cultum præſtamus."
                    HPOS="408.0"
                    VPOS="633.0"
                    WIDTH="789.0"
                    HEIGHT="52.0"></String>
          </TextLine>
          <TextLine ID="line_41"
                    TAGREFS="LT8"
                    BASELINE="409 715 1192 710" 
                    HPOS="408.0"
                    VPOS="669.0"
                    WIDTH="784.0"
                    HEIGHT="64.0">
            <Shape><Polygon POINTS="409 715 409 733 1190 726 1192 710 1188 676 946 669 944 669 826 680 825 680 757 671 755 671 753 671 751 671 739 680 668 673 666 673 532 681 502 673 500 673 498 673 497 673 459 681 418 673 416 673 415 673 413 673 413 674 411 674 408 678 409 715"/></Shape>
	    <String CONTENT="Etenim quod &amp; in ueterum ſacrificijs præci¬"
                    HPOS="408.0"
                    VPOS="669.0"
                    WIDTH="784.0"
                    HEIGHT="64.0"
                    WC="0.9984258427176365"></String>
          </TextLine>
          <TextLine ID="line_42"
                    TAGREFS="LT8"
                    BASELINE="409 762 1192 754" 
                    HPOS="408.0"
                    VPOS="715.0"
                    WIDTH="784.0"
                    HEIGHT="64.0">
            <Shape><Polygon POINTS="409 762 409 776 1174 779 1176 779 1177 779 1179 779 1192 769 1192 754 1186 715 408 726 409 762"/></Shape>
	    <String CONTENT="puum erat, ipſorum ſcilicet hominum ad uo¬"
                    HPOS="408.0"
                    VPOS="715.0"
                    WIDTH="784.0"
                    HEIGHT="64.0"
                    WC="0.9883646510896229"></String>
          </TextLine>
          <TextLine ID="line_43"
                    TAGREFS="LT8"
                    BASELINE="408 804 1190 799" 
                    HPOS="406.0"
                    VPOS="769.0"
                    WIDTH="784.0"
                    HEIGHT="53.0">
            <Shape><Polygon POINTS="408 804 408 822 1188 820 1190 799 1186 769 406 769 408 804"/></Shape>
	    <String CONTENT="luntatem Dei conſecratio, imo primã eorum"
                    HPOS="406.0"
                    VPOS="769.0"
                    WIDTH="784.0"
                    HEIGHT="53.0"
                    WC="0.9983961638950166"></String>
          </TextLine>
          <TextLine ID="line_44"
                    TAGREFS="LT8"
                    BASELINE="409 852 1188 849" 
                    HPOS="408.0"
                    VPOS="808.0"
                    WIDTH="780.0"
                    HEIGHT="60.0">
            <Shape><Polygon POINTS="409 852 409 867 1184 868 1188 849 1183 808 408 815 409 852"/></Shape>
	    <String CONTENT="à Deo ad innouationem ſalutis aſſumptio,"
                    HPOS="408.0"
                    VPOS="808.0"
                    WIDTH="780.0"
                    HEIGHT="60.0"
                    WC="0.9941309443334254"></String>
          </TextLine>
          <TextLine ID="line_45"
                    TAGREFS="LT8"
                    BASELINE="406 897 1190 890" 
                    HPOS="404.0"
                    VPOS="858.0"
                    WIDTH="786.0"
                    HEIGHT="57.0">
            <Shape><Polygon POINTS="406 897 406 915 1188 909 1190 890 1184 858 404 860 406 897"/></Shape>
	    <String CONTENT="iſtuc nunc ſine uelamine pecudum &amp; aliarum"
                    HPOS="404.0"
                    VPOS="858.0"
                    WIDTH="786.0"
                    HEIGHT="57.0"></String>
          </TextLine>
          <TextLine ID="line_46"
                    TAGREFS="LT8"
                    BASELINE="406 941 1190 938" 
                    HPOS="404.0"
                    VPOS="902.0"
                    WIDTH="786.0"
                    HEIGHT="61.0">
            <Shape><Polygon POINTS="406 941 406 963 1190 959 1190 938 1186 902 520 902 518 902 404 911 406 941"/></Shape>
	    <String CONTENT="externarũ ceremoniarũ obſeruarione, reuela¬"
                    HPOS="404.0"
                    VPOS="902.0"
                    WIDTH="786.0"
                    HEIGHT="61.0"
                    WC="0.9871266682942709"></String>
          </TextLine>
          <TextLine ID="line_47"
                    TAGREFS="LT8"
                    BASELINE="406 988 1188 982" 
                    HPOS="404.0"
                    VPOS="945.0"
                    WIDTH="784.0"
                    HEIGHT="59.0">
            <Shape><Polygon POINTS="406 988 406 1004 1186 998 1188 982 1184 952 689 945 687 945 404 956 406 988"/></Shape>
	    <String CONTENT="te &amp; maiore ſpiritu geritur. Hinc poſſit cultus"
                    HPOS="404.0"
                    VPOS="945.0"
                    WIDTH="784.0"
                    HEIGHT="59.0"></String>
          </TextLine>
          <TextLine ID="line_48"
                    TAGREFS="LT8"
                    BASELINE="404 1030 1186 1027" 
                    HPOS="402.0"
                    VPOS="988.0"
                    WIDTH="784.0"
                    HEIGHT="60.0">
            <Shape><Polygon POINTS="404 1030 404 1048 1184 1045 1186 1027 1181 988 1133 997 906 991 807 989 805 989 803 989 801 989 796 993 785 1000 402 1000 404 1030"/></Shape>
	    <String CONTENT="noſter &amp; à nobis eum præſtantibus, rationa¬"
                    HPOS="402.0"
                    VPOS="988.0"
                    WIDTH="784.0"
                    HEIGHT="60.0"></String>
          </TextLine>
          <TextLine ID="line_49"
                    TAGREFS="LT8"
                    BASELINE="406 1077 1188 1073" 
                    HPOS="404.0"
                    VPOS="1036.0"
                    WIDTH="784.0"
                    HEIGHT="59.0">
            <Shape><Polygon POINTS="406 1077 406 1095 1186 1091 1188 1073 1183 1036 404 1045 406 1077"/></Shape>
	    <String CONTENT="lis dici. Sed prior ratio appellationis huius"
                    HPOS="404.0"
                    VPOS="1036.0"
                    WIDTH="784.0"
                    HEIGHT="59.0"
                    WC="0.9966494573487176"></String>
          </TextLine>
          <TextLine ID="line_50"
                    TAGREFS="LT8"
                    BASELINE="404 1125 812 1119" 
                    HPOS="402.0"
                    VPOS="1082.0"
                    WIDTH="410.0"
                    HEIGHT="61.0">
            <Shape><Polygon POINTS="404 1125 404 1143 812 1135 812 1119 808 1091 691 1082 689 1082 536 1093 429 1086 427 1086 425 1086 402 1093 404 1125"/></Shape>
	    <String CONTENT="ab obiecto planior eſt."
                    HPOS="402.0"
                    VPOS="1082.0"
                    WIDTH="410.0"
                    HEIGHT="61.0"
                    WC="0.9992252277291339"></String>
          </TextLine>
        </TextBlock>
        <TextBlock HPOS="714"
                   VPOS="93"
                   WIDTH="1000"
                   HEIGHT="71"
                   ID="block_12"
                   TAGREFS="BT18">
          <Shape><Polygon POINTS="1714 93 1714 164 714 164 714 93"/></Shape>
          <TextLine ID="line_2"
                    TAGREFS="LT8"
                    BASELINE="721 144 1712 131" 
                    HPOS="719.0"
                    VPOS="65.0"
                    WIDTH="993.0"
                    HEIGHT="97.0">
            <Shape><Polygon POINTS="721 144 721 160 1421 162 1423 162 1425 162 1427 162 1441 151 1557 160 1559 160 1680 158 1682 158 1712 146 1712 131 1707 65 1648 74 1543 69 1541 69 1539 69 1537 69 1516 85 1430 71 1429 71 1427 71 1425 71 1309 87 1259 74 1254 73 1252 73 1250 73 1249 73 1247 73 1247 74 1222 90 1140 90 1097 76 1090 74 1088 74 1086 74 1067 78 988 92 946 80 933 76 931 76 887 76 885 76 883 76 869 81 835 94 789 83 766 78 764 78 719 83 721 144"/></Shape>
	    <String CONTENT="ENARRATIONES EPISTOLAE"
                    HPOS="719.0"
                    VPOS="65.0"
                    WIDTH="993.0"
                    HEIGHT="97.0"
                    WC="0.9991467811844565"></String>
          </TextLine>
        </TextBlock>
        <TextBlock HPOS="397"
                   VPOS="1140"
                   WIDTH="787"
                   HEIGHT="1042"
                   ID="block_4"
                   TAGREFS="BT979">
          <Shape><Polygon POINTS="1184 1140 1184 2182 397 2182 397 1140"/></Shape>
          <TextLine ID="line_52"
                    TAGREFS="LT8"
                    BASELINE="445 1168 1188 1164" 
                    HPOS="443.0"
                    VPOS="1132.0"
                    WIDTH="745.0"
                    HEIGHT="60.0">
            <Shape><Polygon POINTS="445 1168 445 1184 748 1192 750 1192 1186 1180 1188 1164 1184 1132 443 1132 445 1168"/></Shape>
	    <String CONTENT="Et ne conformemini. ] Quia eſt συσχημα¬"
                    HPOS="443.0"
                    VPOS="1132.0"
                    WIDTH="745.0"
                    HEIGHT="60.0"></String>
          </TextLine>
          <TextLine ID="line_53"
                    TAGREFS="LT8"
                    BASELINE="404 1208 1188 1212" 
                    HPOS="402.0"
                    VPOS="1175.0"
                    WIDTH="786.0"
                    HEIGHT="62.0">
            <Shape><Polygon POINTS="404 1208 402 1225 427 1235 429 1235 1184 1237 1188 1212 1184 1175 404 1178 404 1208"/></Shape>
	    <String CONTENT="τίζεσθαι, quod ad uerbum configuramini dici"
                    HPOS="402.0"
                    VPOS="1175.0"
                    WIDTH="786.0"
                    HEIGHT="62.0"></String>
          </TextLine>
          <TextLine ID="line_54"
                    TAGREFS="LT8"
                    BASELINE="404 1260 1184 1255" 
                    HPOS="402.0"
                    VPOS="1223.0"
                    WIDTH="782.0"
                    HEIGHT="60.0">
            <Shape><Polygon POINTS="404 1260 404 1283 1183 1274 1184 1255 1179 1223 402 1225 404 1260"/></Shape>
	    <String CONTENT="poſſit, D. Chryſoſtomus in hac uoce inanita¬"
                    HPOS="402.0"
                    VPOS="1223.0"
                    WIDTH="782.0"
                    HEIGHT="60.0"></String>
          </TextLine>
          <TextLine ID="line_55"
                    TAGREFS="LT8"
                    BASELINE="404 1305 1184 1299" 
                    HPOS="402.0"
                    VPOS="1264.0"
                    WIDTH="782.0"
                    HEIGHT="60.0">
            <Shape><Polygon POINTS="404 1305 404 1324 1183 1321 1184 1299 1181 1271 678 1264 677 1264 675 1264 673 1264 657 1273 449 1265 447 1265 402 1274 404 1305"/></Shape>
	    <String CONTENT="tem uitæ huius ſæculi intelligit notatam, ad¬"
                    HPOS="402.0"
                    VPOS="1264.0"
                    WIDTH="782.0"
                    HEIGHT="60.0"></String>
          </TextLine>
          <TextLine ID="line_56"
                    TAGREFS="LT8"
                    BASELINE="404 1351 1184 1346" 
                    HPOS="402.0"
                    VPOS="1310.0"
                    WIDTH="782.0"
                    HEIGHT="57.0">
            <Shape><Polygon POINTS="404 1351 404 1367 1183 1362 1184 1346 1179 1310 402 1317 404 1351"/></Shape>
	    <String CONTENT="ducit́ illud.1.Corint.7. Tranſit enim figura"
                    HPOS="402.0"
                    VPOS="1310.0"
                    WIDTH="782.0"
                    HEIGHT="57.0"></String>
          </TextLine>
          <TextLine ID="line_57"
                    TAGREFS="LT8"
                    BASELINE="402 1395 1186 1390" 
                    HPOS="400.0"
                    VPOS="1356.0"
                    WIDTH="786.0"
                    HEIGHT="59.0">
            <Shape><Polygon POINTS="402 1395 402 1415 1186 1410 1186 1390 1181 1356 400 1363 402 1395"/></Shape>
	    <String CONTENT="mundi huius. Nam immutari ad uitam Dei"
                    HPOS="400.0"
                    VPOS="1356.0"
                    WIDTH="786.0"
                    HEIGHT="59.0"
                    WC="0.998441943996831"></String>
          </TextLine>
          <TextLine ID="line_58"
                    TAGREFS="LT8"
                    BASELINE="404 1440 1184 1436" 
                    HPOS="402.0"
                    VPOS="1397.0"
                    WIDTH="782.0"
                    HEIGHT="61.0">
            <Shape><Polygon POINTS="404 1440 404 1456 1181 1458 1184 1436 1179 1397 402 1406 404 1440"/></Shape>
	    <String CONTENT="Apoſtolo non συσχηματίζεσθαι, ſed μεταμoρ"
                    HPOS="402.0"
                    VPOS="1397.0"
                    WIDTH="782.0"
                    HEIGHT="61.0"></String>
          </TextLine>
          <TextLine ID="line_59"
                    TAGREFS="LT8"
                    BASELINE="404 1488 1183 1483" 
                    HPOS="402.0"
                    VPOS="1442.0"
                    WIDTH="781.0"
                    HEIGHT="64.0">
            <Shape><Polygon POINTS="404 1488 404 1506 1181 1502 1183 1483 1179 1452 1074 1442 1072 1442 1070 1442 1069 1442 1056 1452 983 1452 964 1442 962 1442 960 1442 958 1442 917 1452 894 1444 892 1444 890 1444 889 1444 869 1454 718 1454 673 1444 671 1444 669 1444 668 1444 653 1454 447 1445 445 1445 443 1445 402 1456 404 1488"/></Shape>
	    <String CONTENT="φοῦσθαι dici, ut uideatur Apoſtolus uitæ huius"
                    HPOS="402.0"
                    VPOS="1442.0"
                    WIDTH="781.0"
                    HEIGHT="64.0"></String>
          </TextLine>
          <TextLine ID="line_60"
                    TAGREFS="LT8"
                    BASELINE="402 1533 1181 1527" 
                    HPOS="400.0"
                    VPOS="1493.0"
                    WIDTH="781.0"
                    HEIGHT="64.0">
            <Shape><Polygon POINTS="402 1533 402 1557 1179 1552 1181 1527 1176 1493 400 1497 402 1533"/></Shape>
	    <String CONTENT="ſæculi figuram, uitæ filiorum Dei formã tri¬"
                    HPOS="400.0"
                    VPOS="1493.0"
                    WIDTH="781.0"
                    HEIGHT="64.0"
                    WC="0.9949950986438327"></String>
          </TextLine>
          <TextLine ID="line_61"
                    TAGREFS="LT8"
                    BASELINE="400 1579 1183 1572" 
                    HPOS="399.0"
                    VPOS="1540.0"
                    WIDTH="784.0"
                    HEIGHT="58.0">
            <Shape><Polygon POINTS="400 1579 400 1598 1181 1598 1183 1572 1177 1540 399 1545 400 1579"/></Shape>
	    <String CONTENT="buere, quo ſcilicet nomine maior ſoliditas ſi¬"
                    HPOS="399.0"
                    VPOS="1540.0"
                    WIDTH="784.0"
                    HEIGHT="58.0"
                    WC="0.9975424110889435"></String>
          </TextLine>
          <TextLine ID="line_62"
                    TAGREFS="LT8"
                    BASELINE="402 1623 1184 1620" 
                    HPOS="400.0"
                    VPOS="1581.0"
                    WIDTH="784.0"
                    HEIGHT="67.0">
            <Shape><Polygon POINTS="402 1623 402 1648 1183 1638 1184 1620 1181 1590 832 1581 830 1581 787 1590 459 1582 457 1582 400 1591 402 1623"/></Shape>
	    <String CONTENT="gnificetur. De eo quicquid ſit, Apoſtolus hic"
                    HPOS="400.0"
                    VPOS="1581.0"
                    WIDTH="784.0"
                    HEIGHT="67.0"
                    WC="0.9847543862130906"></String>
          </TextLine>
          <TextLine ID="line_63"
                    TAGREFS="LT8"
                    BASELINE="400 1666 1183 1666" 
                    HPOS="400.0"
                    VPOS="1629.0"
                    WIDTH="783.0"
                    HEIGHT="57.0">
            <Shape><Polygon POINTS="400 1666 400 1686 1183 1686 1183 1666 1181 1629 400 1636 400 1666"/></Shape>
	    <String CONTENT="à ratione uiuendi dehortatur, quæ eſt ſæculi"
                    HPOS="400.0"
                    VPOS="1629.0"
                    WIDTH="783.0"
                    HEIGHT="57.0"></String>
          </TextLine>
          <TextLine ID="line_64"
                    TAGREFS="LT8"
                    BASELINE="399 1714 1183 1711" 
                    HPOS="397.0"
                    VPOS="1679.0"
                    WIDTH="786.0"
                    HEIGHT="53.0">
            <Shape><Polygon POINTS="399 1714 399 1732 1183 1727 1183 1711 1179 1679 397 1679 399 1714"/></Shape>
	    <String CONTENT="huius, id eſt, hominum nondum donatorum"
                    HPOS="397.0"
                    VPOS="1679.0"
                    WIDTH="786.0"
                    HEIGHT="53.0"
                    WC="0.9844039273567688"></String>
          </TextLine>
          <TextLine ID="line_65"
                    TAGREFS="LT8"
                    BASELINE="399 1757 1179 1753" 
                    HPOS="397.0"
                    VPOS="1716.0"
                    WIDTH="782.0"
                    HEIGHT="68.0">
            <Shape><Polygon POINTS="399 1757 399 1784 1177 1773 1179 1753 1176 1725 787 1716 785 1716 784 1716 782 1716 766 1725 488 1718 486 1718 397 1727 399 1757"/></Shape>
	    <String CONTENT="uita ſæculi futuri, uita Dei, &amp; hortatur ad ine¬"
                    HPOS="397.0"
                    VPOS="1716.0"
                    WIDTH="782.0"
                    HEIGHT="68.0"
                    WC="0.9831991804142793"></String>
          </TextLine>
          <TextLine ID="line_66"
                    TAGREFS="LT8"
                    BASELINE="400 1803 1181 1803" 
                    HPOS="400.0"
                    VPOS="1766.0"
                    WIDTH="781.0"
                    HEIGHT="60.0">
            <Shape><Polygon POINTS="400 1803 400 1819 1179 1826 1181 1803 1179 1766 400 1773 400 1803"/></Shape>
	    <String CONTENT="undam meditandam́ uitam Dei, uitam ſæ¬"
                    HPOS="400.0"
                    VPOS="1766.0"
                    WIDTH="781.0"
                    HEIGHT="60.0"></String>
          </TextLine>
          <TextLine ID="line_67"
                    TAGREFS="LT8"
                    BASELINE="397 1851 1177 1846" 
                    HPOS="395.0"
                    VPOS="1810.0"
                    WIDTH="782.0"
                    HEIGHT="59.0">
            <Shape><Polygon POINTS="397 1851 397 1869 1176 1869 1177 1846 1172 1810 395 1817 397 1851"/></Shape>
	    <String CONTENT="culi, quod expectamus. Ad Philip.2. uidetur"
                    HPOS="395.0"
                    VPOS="1810.0"
                    WIDTH="782.0"
                    HEIGHT="59.0"
                    WC="0.9865010145098664"></String>
          </TextLine>
          <TextLine ID="line_68"
                    TAGREFS="LT8"
                    BASELINE="400 1892 1176 1896" 
                    HPOS="399.0"
                    VPOS="1853.0"
                    WIDTH="777.0"
                    HEIGHT="57.0">
            <Shape><Polygon POINTS="400 1892 399 1906 1172 1910 1176 1896 1176 1866 1097 1855 1095 1855 789 1862 751 1853 750 1853 748 1853 400 1860 400 1892"/></Shape>
	    <String CONTENT="Apoſtolus cum ſcribit, Dominum noſtrum"
                    HPOS="399.0"
                    VPOS="1853.0"
                    WIDTH="777.0"
                    HEIGHT="57.0"
                    WC="0.9989598095417023"></String>
          </TextLine>
          <TextLine ID="line_69"
                    TAGREFS="LT8"
                    BASELINE="399 1942 1176 1939" 
                    HPOS="397.0"
                    VPOS="1899.0"
                    WIDTH="779.0"
                    HEIGHT="64.0">
            <Shape><Polygon POINTS="399 1942 399 1960 1172 1963 1176 1939 1172 1899 785 1899 784 1899 782 1899 780 1899 771 1905 764 1908 673 1906 431 1901 429 1901 427 1901 397 1910 399 1942"/></Shape>
	    <String CONTENT="aſſumpſiſſe formam ſerui, &amp; figura repertũ"
                    HPOS="397.0"
                    VPOS="1899.0"
                    WIDTH="779.0"
                    HEIGHT="64.0"></String>
          </TextLine>
          <TextLine ID="line_70"
                    TAGREFS="LT8"
                    BASELINE="397 1988 1172 1985" 
                    HPOS="395.0"
                    VPOS="1946.0"
                    WIDTH="777.0"
                    HEIGHT="60.0">
            <Shape><Polygon POINTS="397 1988 397 2003 1168 2006 1172 1985 1168 1955 816 1946 814 1946 812 1946 778 1955 450 1947 449 1947 395 1956 397 1988"/></Shape>
	    <String CONTENT="ut hominẽ, pro eodem accepiſſe μoρφμν ιὺι"
                    HPOS="395.0"
                    VPOS="1946.0"
                    WIDTH="777.0"
                    HEIGHT="60.0"></String>
          </TextLine>
          <TextLine ID="line_71"
                    TAGREFS="LT8"
                    BASELINE="400 2033 1168 2033" 
                    HPOS="400.0"
                    VPOS="1997.0"
                    WIDTH="768.0"
                    HEIGHT="59.0">
            <Shape><Polygon POINTS="1167 2029 1149 2029 1131 2029 1113 2029 1095 2029 1078 2029 1060 2029 1042 2029 1024 2029 1006 2029 988 2029 971 2029 953 2029 935 2029 917 2029 899 2029 882 2029 864 2029 846 2029 828 2029 810 2029 792 2029 775 2029 757 2029 739 2029 721 2029 719 2006 707 1997 705 1997 703 1997 479 1997 477 1997 475 1997 473 1997 473 1999 465 2006 418 1999 416 1999 415 1999 413 1999 400 2006 400 2033 400 2047 768 2056 769 2056 771 2056 780 2052 791 2047 833 2052 858 2056 860 2056 898 2054 988 2047 1033 2056 1040 2056 1042 2056 1049 2056 1092 2047 1167 2056 1168 2033 1168 2029 1167 2029"/></Shape>
	    <String CONTENT="σχῆμα. In eadẽ Epiſtola .3. scribit de domino,"
                    HPOS="400.0"
                    VPOS="1997.0"
                    WIDTH="768.0"
                    HEIGHT="59.0"></String>
          </TextLine>
          <TextLine ID="line_72"
                    TAGREFS="LT8"
                    BASELINE="400 2077 1170 2077" 
                    HPOS="400.0"
                    VPOS="2036.0"
                    WIDTH="770.0"
                    HEIGHT="66.0">
            <Shape><Polygon POINTS="400 2077 400 2092 420 2102 422 2102 424 2102 571 2093 573 2093 584 2102 586 2102 588 2102 589 2102 657 2093 659 2093 668 2101 668 2102 669 2102 671 2102 673 2102 1170 2095 1170 2077 1170 2045 1140 2036 1138 2036 1136 2036 1070 2045 1069 2045 1012 2036 1010 2036 942 2045 939 2045 924 2036 923 2036 921 2036 919 2036 878 2045 873 2045 866 2045 794 2036 792 2036 757 2045 750 2045 400 2044 400 2077"/></Shape>
	    <String CONTENT="Qui μετασχηματίσει corpꝰ humile noſtrũ,"
                    HPOS="400.0"
                    VPOS="2036.0"
                    WIDTH="770.0"
                    HEIGHT="66.0"></String>
          </TextLine>
          <TextLine ID="line_73"
                    TAGREFS="LT8"
                    BASELINE="399 2127 744 2120 1177 2124" 
                    HPOS="397.0"
                    VPOS="2081.0"
                    WIDTH="780.0"
                    HEIGHT="61.0">
            <Shape><Polygon POINTS="399 2127 399 2142 1176 2140 1177 2124 1174 2081 1021 2090 999 2083 992 2081 990 2081 988 2081 987 2081 985 2081 981 2083 971 2092 962 2085 960 2083 958 2083 956 2083 955 2083 940 2085 892 2092 869 2086 857 2083 855 2083 853 2083 773 2088 702 2092 687 2090 655 2083 653 2083 602 2090 593 2092 588 2092 563 2083 561 2083 559 2083 488 2092 468 2083 466 2083 465 2083 397 2093 399 2127"/></Shape>
	    <String CONTENT="ut ſit conforme corpori glorioſo ſuo, ubi in"
                    HPOS="397.0"
                    VPOS="2081.0"
                    WIDTH="780.0"
                    HEIGHT="61.0"
                    WC="0.982119925997474"></String>
          </TextLine>
          <TextLine ID="line_74"
                    TAGREFS="LT8"
                    BASELINE="395 2172 1012 2166" 
                    HPOS="393.0"
                    VPOS="2125.0"
                    WIDTH="619.0"
                    HEIGHT="68.0">
            <Shape><Polygon POINTS="475 2127 473 2127 472 2127 393 2134 395 2172 395 2193 1010 2182 1012 2166 1006 2134 808 2134 807 2134 798 2125 796 2125 794 2125 792 2125 791 2125 757 2134 750 2136 746 2134 737 2125 735 2125 734 2125 652 2125 650 2125 609 2134 600 2138 488 2138 484 2134 477 2129 477 2127 475 2127"/></Shape>
	    <String CONTENT="uerbo σχηματίζεσθαι nihil inane eſt."
                    HPOS="393.0"
                    VPOS="2125.0"
                    WIDTH="619.0"
                    HEIGHT="68.0"></String>
          </TextLine>
        </TextBlock>
        <TextBlock HPOS="396"
                   VPOS="2185"
                   WIDTH="777"
                   HEIGHT="364"
                   ID="block_5"
                   TAGREFS="BT979">
          <Shape><Polygon POINTS="1173 2185 1173 2549 396 2549 396 2185"/></Shape>
          <TextLine ID="line_75"
                    TAGREFS="LT8"
                    BASELINE="440 2215 1177 2215" 
                    HPOS="440.0"
                    VPOS="2172.0"
                    WIDTH="737.0"
                    HEIGHT="66.0">
            <Shape><Polygon POINTS="440 2215 440 2238 1177 2232 1177 2215 1176 2172 1094 2181 1062 2172 1058 2172 1056 2172 1054 2172 1028 2174 921 2181 846 2175 785 2172 784 2172 687 2177 639 2181 636 2179 621 2172 620 2172 618 2172 616 2172 614 2172 614 2174 607 2179 605 2182 440 2182 440 2215"/></Shape>
	    <String CONTENT="Sed transformamini. ] Hanc noſtri tranſ¬"
                    HPOS="440.0"
                    VPOS="2172.0"
                    WIDTH="737.0"
                    HEIGHT="66.0"
                    WC="0.9801351830363274"></String>
          </TextLine>
          <TextLine ID="line_76"
                    TAGREFS="LT8"
                    BASELINE="393 2263 1172 2257" 
                    HPOS="392.0"
                    VPOS="2222.0"
                    WIDTH="780.0"
                    HEIGHT="62.0">
            <Shape><Polygon POINTS="393 2263 393 2284 1170 2279 1172 2257 1168 2222 392 2222 393 2263"/></Shape>
	    <String CONTENT="formationem à renouatione mentis incipien¬"
                    HPOS="392.0"
                    VPOS="2222.0"
                    WIDTH="780.0"
                    HEIGHT="62.0"
                    WC="0.9979151750719825"></String>
          </TextLine>
          <TextLine ID="line_77"
                    TAGREFS="LT8"
                    BASELINE="395 2307 1172 2304" 
                    HPOS="393.0"
                    VPOS="2264.0"
                    WIDTH="779.0"
                    HEIGHT="61.0">
            <Shape><Polygon POINTS="395 2307 395 2325 1170 2321 1172 2304 1168 2270 440 2264 438 2264 393 2273 395 2307"/></Shape>
	    <String CONTENT="tem deſcribit Apoſtolus explicatiſſime Ephe."
                    HPOS="393.0"
                    VPOS="2264.0"
                    WIDTH="779.0"
                    HEIGHT="61.0"
                    WC="0.9945492012934252"></String>
          </TextLine>
          <TextLine ID="line_78"
                    TAGREFS="LT8"
                    BASELINE="399 2353 1174 2350" 
                    HPOS="397.0"
                    VPOS="2312.0"
                    WIDTH="777.0"
                    HEIGHT="59.0">
            <Shape><Polygon POINTS="399 2353 399 2371 1172 2368 1174 2350 1170 2318 411 2312 409 2312 408 2312 406 2312 397 2318 399 2353"/></Shape>
	    <String CONTENT="4. Quemadmodum inquit, eſt ueritas in Ie¬"
                    HPOS="397.0"
                    VPOS="2312.0"
                    WIDTH="777.0"
                    HEIGHT="59.0"
                    WC="0.9988202060141215"></String>
          </TextLine>
          <TextLine ID="line_79"
                    TAGREFS="LT8"
                    BASELINE="395 2398 1174 2398" 
                    HPOS="395.0"
                    VPOS="2368.0"
                    WIDTH="779.0"
                    HEIGHT="53.0">
            <Shape><Polygon POINTS="395 2398 395 2414 1172 2421 1174 2398 1174 2368 395 2368 395 2398"/></Shape>
	    <String CONTENT="ſu, deponere uos ſecundum priorem conuer¬"
                    HPOS="395.0"
                    VPOS="2368.0"
                    WIDTH="779.0"
                    HEIGHT="53.0"
                    WC="0.9899032421228362"></String>
          </TextLine>
          <TextLine ID="line_80"
                    TAGREFS="LT8"
                    BASELINE="393 2444 1172 2444" 
                    HPOS="393.0"
                    VPOS="2409.0"
                    WIDTH="779.0"
                    HEIGHT="58.0">
            <Shape><Polygon POINTS="393 2444 393 2460 1170 2467 1172 2444 1170 2409 393 2410 393 2444"/></Shape>
	    <String CONTENT="ſationem, ueterem hominem qui corrumpi¬"
                    HPOS="393.0"
                    VPOS="2409.0"
                    WIDTH="779.0"
                    HEIGHT="58.0"
                    WC="0.9997465182573367"></String>
          </TextLine>
          <TextLine ID="line_81"
                    TAGREFS="LT8"
                    BASELINE="393 2489 1172 2492" 
                    HPOS="392.0"
                    VPOS="2455.0"
                    WIDTH="780.0"
                    HEIGHT="52.0">
            <Shape><Polygon POINTS="393 2489 392 2507 1170 2507 1172 2492 1170 2457 393 2455 393 2489"/></Shape>
	    <String CONTENT="tur concupiſcentijs erraticis, renouari uero"
                    HPOS="392.0"
                    VPOS="2455.0"
                    WIDTH="780.0"
                    HEIGHT="52.0"
                    WC="0.9991559386253357"></String>
          </TextLine>
          <TextLine ID="line_82"
                    TAGREFS="LT8"
                    BASELINE="392 2535 842 2533" 
                    HPOS="390.0"
                    VPOS="2498.0"
                    WIDTH="452.0"
                    HEIGHT="64.0">
            <Shape><Polygon POINTS="392 2535 392 2562 443 2553 841 2553 842 2533 839 2501 390 2498 392 2535"/></Shape>
	    <String CONTENT="ſpiritu mentis ueſtræ &amp;c̃."
                    HPOS="390.0"
                    VPOS="2498.0"
                    WIDTH="452.0"
                    HEIGHT="64.0"
                    WC="0.9624914366465348"></String>
          </TextLine>
        </TextBlock>
        <TextBlock HPOS="393"
                   VPOS="2549"
                   WIDTH="775"
                   HEIGHT="380"
                   ID="block_3"
                   TAGREFS="BT979">
          <Shape><Polygon POINTS="1168 2549 1168 2929 393 2929 393 2549"/></Shape>
          <TextLine ID="line_83"
                    TAGREFS="LT8"
                    BASELINE="434 2580 1174 2583" 
                    HPOS="433.0"
                    VPOS="2537.0"
                    WIDTH="741.0"
                    HEIGHT="62.0">
            <Shape><Polygon POINTS="434 2580 433 2599 1172 2597 1174 2583 1174 2547 1151 2537 1149 2537 1147 2537 1070 2546 1062 2539 1062 2537 1060 2537 1058 2537 1056 2537 434 2542 434 2580"/></Shape>
	    <String CONTENT="Quo ualeatis certo iudicare. ] Ab hoc em̃"
                    HPOS="433.0"
                    VPOS="2537.0"
                    WIDTH="741.0"
                    HEIGHT="62.0"></String>
          </TextLine>
          <TextLine ID="line_84"
                    TAGREFS="LT8"
                    BASELINE="392 2624 1170 2629" 
                    HPOS="390.0"
                    VPOS="2583.0"
                    WIDTH="780.0"
                    HEIGHT="64.0">
            <Shape><Polygon POINTS="392 2624 390 2637 1167 2647 1170 2629 1168 2596 812 2596 807 2594 778 2585 776 2585 775 2585 773 2585 771 2585 771 2587 764 2592 762 2596 664 2596 650 2592 588 2583 586 2583 392 2590 392 2624"/></Shape>
	    <String CONTENT="certo iudicio uerorum bonorum, hoc eſt, eoꝵ"
                    HPOS="390.0"
                    VPOS="2583.0"
                    WIDTH="780.0"
                    HEIGHT="64.0"></String>
          </TextLine>
          <TextLine ID="line_85"
                    TAGREFS="LT8"
                    BASELINE="393 2669 1167 2674" 
                    HPOS="392.0"
                    VPOS="2629.0"
                    WIDTH="775.0"
                    HEIGHT="68.0">
            <Shape><Polygon POINTS="393 2669 392 2688 901 2688 908 2688 965 2697 967 2697 1165 2688 1167 2674 1165 2642 899 2631 898 2631 857 2640 851 2640 848 2640 821 2631 819 2631 817 2631 816 2631 814 2631 814 2633 807 2640 805 2642 678 2642 673 2638 652 2629 650 2629 648 2629 646 2629 627 2638 620 2631 620 2629 618 2629 616 2629 614 2629 393 2637 393 2669"/></Shape>
	    <String CONTENT="quæ præcipit Deus, pendet om̃is recta actio."
                    HPOS="392.0"
                    VPOS="2629.0"
                    WIDTH="775.0"
                    HEIGHT="68.0"
                    WC="0.9944856044921008"></String>
          </TextLine>
          <TextLine ID="line_86"
                    TAGREFS="LT8"
                    BASELINE="392 2718 1168 2718" 
                    HPOS="392.0"
                    VPOS="2679.0"
                    WIDTH="776.0"
                    HEIGHT="63.0">
            <Shape><Polygon POINTS="392 2718 392 2740 1167 2742 1168 2718 1168 2688 392 2679 392 2718"/></Shape>
	    <String CONTENT="De explorata uero &amp; inexplorata cognitiõe"
                    HPOS="392.0"
                    VPOS="2679.0"
                    WIDTH="776.0"
                    HEIGHT="63.0"
                    WC="0.9934463231336503"></String>
          </TextLine>
          <TextLine ID="line_87"
                    TAGREFS="LT8"
                    BASELINE="390 2761 1168 2765" 
                    HPOS="388.0"
                    VPOS="2727.0"
                    WIDTH="780.0"
                    HEIGHT="54.0">
            <Shape><Polygon POINTS="390 2761 388 2779 1165 2781 1168 2765 1165 2727 390 2727 390 2761"/></Shape>
	    <String CONTENT="ueri boni, dixim9 ſupra primo in Cõciliatiõe"
                    HPOS="388.0"
                    VPOS="2727.0"
                    WIDTH="780.0"
                    HEIGHT="54.0"></String>
          </TextLine>
          <TextLine ID="line_88"
                    TAGREFS="LT8"
                    BASELINE="390 2807 1167 2811" 
                    HPOS="388.0"
                    VPOS="2772.0"
                    WIDTH="779.0"
                    HEIGHT="59.0">
            <Shape><Polygon POINTS="390 2807 388 2831 1165 2831 1167 2811 1163 2772 390 2772 390 2807"/></Shape>
	    <String CONTENT="adiecta Enarrat. Sect.6.cap.1. Et in quęſtione"
                    HPOS="388.0"
                    VPOS="2772.0"
                    WIDTH="779.0"
                    HEIGHT="59.0"
                    WC="0.9652328224892311"></String>
          </TextLine>
          <TextLine ID="line_89"
                    TAGREFS="LT8"
                    BASELINE="390 2854 1165 2857" 
                    HPOS="388.0"
                    VPOS="2815.0"
                    WIDTH="777.0"
                    HEIGHT="62.0">
            <Shape><Polygon POINTS="390 2854 388 2866 1161 2877 1165 2857 1161 2815 390 2816 390 2854"/></Shape>
	    <String CONTENT="adiecta Enarrat. Secti.3.cap.7. Ad Philippen."
                    HPOS="388.0"
                    VPOS="2815.0"
                    WIDTH="777.0"
                    HEIGHT="62.0"></String>
          </TextLine>
          <TextLine ID="eSc_line_8202f809"
                    TAGREFS="LT8"
                    BASELINE="387 2900 422 2904 1168 2905" 
                    HPOS="382"
                    VPOS="2857"
                    WIDTH="785"
                    HEIGHT="115">
            <Shape><Polygon POINTS="382 2972 472 2972 472 2969 475 2969 480 2967 545 2940 590 2959 593 2959 595 2959 598 2959 691 2927 764 2937 766 2937 769 2937 812 2924 841 2945 844 2945 846 2945 849 2945 852 2945 908 2929 993 2951 1033 2959 1036 2959 1039 2959 1066 2948 1098 2935 1162 2943 1167 2903 1162 2857 384 2857 384 2897"/></Shape>
	    <String CONTENT="ponitur idem uerbi δοκιμάζειν, &amp; adijcitur."
                    HPOS="382"
                    VPOS="2857"
                    WIDTH="785"
                    HEIGHT="115"></String>
          </TextLine>
        </TextBlock>
        <TextBlock HPOS="1211"
                   VPOS="169"
                   WIDTH="797"
                   HEIGHT="1341"
                   ID="block_8"
                   TAGREFS="BT981">
          <Shape><Polygon POINTS="2008 169 2008 1508 1211 1510 1217 169"/></Shape>
          <TextLine ID="eSc_line_3d583d75"
                    TAGREFS="LT8"
                    BASELINE="1225 207 1999 202" 
                    HPOS="1220"
                    VPOS="130"
                    WIDTH="778"
                    HEIGHT="97">
            <Shape><Polygon POINTS="1359 136 1357 136 1354 136 1220 154 1223 205 1223 227 1995 221 1998 200 1993 133 1733 130 1731 130 1728 130 1725 130 1725 133 1717 141 1707 149 1629 144 1565 138 1562 138 1560 138 1557 138 1549 146 1536 152 1490 146 1397 138 1394 138 1391 138 1373 149 1362 138 1362 136 1359 136"/></Shape>
	    <String CONTENT="τὰ διαφέροντα, id eſt, quæ præſtant, quæ"
                    HPOS="1220"
                    VPOS="130"
                    WIDTH="778"
                    HEIGHT="97"></String>
          </TextLine>
          <TextLine ID="line_3"
                    TAGREFS="LT8"
                    BASELINE="1225 252 1999 247" 
                    HPOS="1220"
                    VPOS="202"
                    WIDTH="778"
                    HEIGHT="73">
            <Shape><Polygon POINTS="1223 251 1223 275 1995 272 1998 245 1990 202 1220 210 1223 251"/></Shape>
	    <String CONTENT="eximia ſunt. Id D. Chryſoſtomus etiã hic ad¬"
                    HPOS="1220"
                    VPOS="202"
                    WIDTH="778"
                    HEIGHT="73"></String>
          </TextLine>
          <TextLine ID="line_4"
                    TAGREFS="LT8"
                    BASELINE="1228 299 2001 295" 
                    HPOS="1226"
                    VPOS="251"
                    WIDTH="772"
                    HEIGHT="74">
            <Shape><Polygon POINTS="1226 296 1226 325 1995 315 1998 293 1990 251 1245 256 1226 296"/></Shape>
	    <String CONTENT="iectum legit &amp; interpretatur. Sed ut non eſt"
                    HPOS="1226"
                    VPOS="251"
                    WIDTH="772"
                    HEIGHT="74"
                    WC="0.9927348643541336"></String>
          </TextLine>
          <TextLine ID="line_5"
                    TAGREFS="LT8"
                    BASELINE="1228 345 2002 340" 
                    HPOS="1226"
                    VPOS="304"
                    WIDTH="775"
                    HEIGHT="64">
            <Shape><Polygon POINTS="1226 344 1226 368 1998 360 2001 339 1993 304 1242 307 1226 344"/></Shape>
	    <String CONTENT="cauſſa cur ab Apoſtolo adijceret̃, ita puto ali¬"
                    HPOS="1226"
                    VPOS="304"
                    WIDTH="775"
                    HEIGHT="64"></String>
          </TextLine>
          <TextLine ID="line_6"
                    TAGREFS="LT8"
                    BASELINE="1228 391 2002 384" 
                    HPOS="1226"
                    VPOS="341"
                    WIDTH="775"
                    HEIGHT="72">
            <Shape><Polygon POINTS="1226 389 1226 413 1998 408 2001 381 1993 341 1242 352 1226 389"/></Shape>
	    <String CONTENT="quem ex Epiſtola ad Philippen. huic loco in¬"
                    HPOS="1226"
                    VPOS="341"
                    WIDTH="775"
                    HEIGHT="72"
                    WC="0.9875290312550284"></String>
          </TextLine>
          <TextLine ID="line_7"
                    TAGREFS="LT8"
                    BASELINE="1220 436 2004 432" 
                    HPOS="1218.0"
                    VPOS="398.0"
                    WIDTH="786.0"
                    HEIGHT="63.0">
            <Shape><Polygon POINTS="1220 436 1220 461 2002 450 2004 432 2001 402 1218 398 1220 436"/></Shape>
	    <String CONTENT="ſeruiſſe. Ne enim quic̃ bonum eſſe nobis"
                    HPOS="1218.0"
                    VPOS="398.0"
                    WIDTH="786.0"
                    HEIGHT="63.0"></String>
          </TextLine>
          <TextLine ID="line_8"
                    TAGREFS="LT8"
                    BASELINE="1222 482 2004 478" 
                    HPOS="1220.0"
                    VPOS="439.0"
                    WIDTH="784.0"
                    HEIGHT="70.0">
            <Shape><Polygon POINTS="1222 482 1224 509 1252 500 1480 505 1609 507 1610 507 1641 502 1664 498 1735 500 1883 505 1885 505 2002 494 2004 478 2001 448 1625 439 1623 439 1621 439 1619 439 1605 448 1245 441 1243 441 1241 441 1220 450 1222 482"/></Shape>
	    <String CONTENT="poteſt, ̃ quod uult, probar, &amp; præcipit De¬"
                    HPOS="1220.0"
                    VPOS="439.0"
                    WIDTH="784.0"
                    HEIGHT="70.0"></String>
          </TextLine>
          <TextLine ID="line_9"
                    TAGREFS="LT8"
                    BASELINE="1222 530 2004 523" 
                    HPOS="1220.0"
                    VPOS="487.0"
                    WIDTH="784.0"
                    HEIGHT="66.0">
            <Shape><Polygon POINTS="1222 530 1222 544 1386 553 1388 553 1667 541 1694 541 1705 541 1805 550 1806 550 2002 537 2004 523 2001 493 1427 487 1425 487 1423 487 1421 487 1409 496 1249 489 1247 489 1245 489 1220 498 1222 530"/></Shape>
	    <String CONTENT="us. Vnde ſubijcit &amp; ἐυάρεςον, id eſt, pergra¬"
                    HPOS="1220.0"
                    VPOS="487.0"
                    WIDTH="784.0"
                    HEIGHT="66.0"></String>
          </TextLine>
          <TextLine ID="line_10"
                    TAGREFS="LT8"
                    BASELINE="1224 575 2006 569" 
                    HPOS="1222.0"
                    VPOS="534.0"
                    WIDTH="784.0"
                    HEIGHT="58.0">
            <Shape><Polygon POINTS="1224 575 1224 592 2004 589 2006 569 2002 537 1240 534 1238 534 1236 534 1234 534 1222 541 1224 575"/></Shape>
	    <String CONTENT="tum, ſubaudi Deo: quod &amp; ſolum perfectũ"
                    HPOS="1222.0"
                    VPOS="534.0"
                    WIDTH="784.0"
                    HEIGHT="58.0"
                    WC="0.9938033476471901"></String>
          </TextLine>
          <TextLine ID="line_11"
                    TAGREFS="LT8"
                    BASELINE="1224 621 2002 614" 
                    HPOS="1222.0"
                    VPOS="575.0"
                    WIDTH="780.0"
                    HEIGHT="64.0">
            <Shape><Polygon POINTS="1224 621 1224 639 2001 632 2002 614 1999 585 1929 575 1928 575 1801 585 1623 576 1621 576 1619 576 1593 587 1475 578 1473 578 1471 578 1470 578 1459 589 1354 589 1338 580 1336 580 1334 580 1332 580 1288 589 1245 580 1243 580 1241 580 1222 589 1224 621"/></Shape>
	    <String CONTENT="eſt, adeo ut nulla uota hominum quic̃ ad¬"
                    HPOS="1222.0"
                    VPOS="575.0"
                    WIDTH="780.0"
                    HEIGHT="64.0"></String>
          </TextLine>
          <TextLine ID="line_12"
                    TAGREFS="LT8"
                    BASELINE="1220 667 2004 664" 
                    HPOS="1218.0"
                    VPOS="623.0"
                    WIDTH="786.0"
                    HEIGHT="67.0">
            <Shape><Polygon POINTS="1220 667 1220 690 2002 680 2004 664 2001 632 1610 623 1609 623 1607 623 1605 623 1593 632 1234 624 1233 624 1231 624 1229 624 1218 630 1220 667"/></Shape>
	    <String CONTENT="iecerint. Poſcit à nobis Deus, ut mentem oẽm"
                    HPOS="1218.0"
                    VPOS="623.0"
                    WIDTH="786.0"
                    HEIGHT="67.0"></String>
          </TextLine>
          <TextLine ID="line_13"
                    TAGREFS="LT8"
                    BASELINE="1222 714 2004 706" 
                    HPOS="1220.0"
                    VPOS="669.0"
                    WIDTH="784.0"
                    HEIGHT="62.0">
            <Shape><Polygon POINTS="1222 714 1222 731 2002 730 2004 706 1999 669 1220 680 1222 714"/></Shape>
	    <String CONTENT="noſtram, cunctas́ cupiditates ipſi regendas"
                    HPOS="1220.0"
                    VPOS="669.0"
                    WIDTH="784.0"
                    HEIGHT="62.0"></String>
          </TextLine>
          <TextLine ID="line_14"
                    TAGREFS="LT8"
                    BASELINE="1222 758 2004 751" 
                    HPOS="1220.0"
                    VPOS="714.0"
                    WIDTH="784.0"
                    HEIGHT="64.0">
            <Shape><Polygon POINTS="1222 758 1222 778 2004 767 2004 751 2001 722 1830 714 1828 714 1826 714 1803 722 1667 715 1666 715 1220 728 1222 758"/></Shape>
	    <String CONTENT="permittamus, hac ratione cohibendi animi er"
                    HPOS="1220.0"
                    VPOS="714.0"
                    WIDTH="784.0"
                    HEIGHT="64.0"
                    WC="0.9943977483483248"></String>
          </TextLine>
          <TextLine ID="line_15"
                    TAGREFS="LT8"
                    BASELINE="1225 804 2002 797" 
                    HPOS="1224.0"
                    VPOS="758.0"
                    WIDTH="778.0"
                    HEIGHT="64.0">
            <Shape><Polygon POINTS="1225 804 1225 822 2001 813 2002 797 1999 767 1813 758 1812 758 1769 767 1450 762 1448 762 1446 762 1414 770 1256 763 1254 763 1252 763 1224 772 1225 804"/></Shape>
	    <String CONTENT="rores &amp; prauas cupiditates ꝗd ulli un̃ Phi¬"
                    HPOS="1224.0"
                    VPOS="758.0"
                    WIDTH="778.0"
                    HEIGHT="64.0"></String>
          </TextLine>
          <TextLine ID="line_16"
                    TAGREFS="LT8"
                    BASELINE="1225 849 2004 843" 
                    HPOS="1224.0"
                    VPOS="806.0"
                    WIDTH="780.0"
                    HEIGHT="64.0">
            <Shape><Polygon POINTS="1225 849 1225 870 2002 861 2004 843 1999 806 1224 808 1225 849"/></Shape>
	    <String CONTENT="loſophi præceperunt ſanctius &amp; abſolutius?"
                    HPOS="1224.0"
                    VPOS="806.0"
                    WIDTH="780.0"
                    HEIGHT="64.0"
                    WC="0.9851579297156561"></String>
          </TextLine>
          <TextLine ID="line_17"
                    TAGREFS="LT8"
                    BASELINE="1224 895 2001 892" 
                    HPOS="1222.0"
                    VPOS="860.0"
                    WIDTH="779.0"
                    HEIGHT="53.0">
            <Shape><Polygon POINTS="1224 895 1224 913 1999 913 2001 892 1995 860 1222 861 1224 895"/></Shape>
	    <String CONTENT="Iubet ut rebus ad uſum corporis conditis uta"
                    HPOS="1222.0"
                    VPOS="860.0"
                    WIDTH="779.0"
                    HEIGHT="53.0"></String>
          </TextLine>
          <TextLine ID="line_18"
                    TAGREFS="LT8"
                    BASELINE="1224 941 2004 936" 
                    HPOS="1222.0"
                    VPOS="895.0"
                    WIDTH="782.0"
                    HEIGHT="62.0">
            <Shape><Polygon POINTS="1224 941 1224 956 2002 957 2004 936 2001 902 1810 895 1808 895 1609 906 1596 906 1575 897 1573 897 1571 897 1569 897 1548 906 1516 897 1514 897 1512 897 1347 908 1270 899 1268 899 1266 899 1222 909 1224 941"/></Shape>
	    <String CONTENT="mur eo modo, quo corpus cõmodiſſime alat̃"
                    HPOS="1222.0"
                    VPOS="895.0"
                    WIDTH="782.0"
                    HEIGHT="62.0"></String>
          </TextLine>
          <TextLine ID="line_19"
                    TAGREFS="LT8"
                    BASELINE="1222 986 2002 986" 
                    HPOS="1222.0"
                    VPOS="947.0"
                    WIDTH="780.0"
                    HEIGHT="55.0">
            <Shape><Polygon POINTS="1222 986 1222 1002 2002 1002 2002 986 2001 947 1222 950 1222 986"/></Shape>
	    <String CONTENT="&amp; foueat̃, ad ſeruiendũ ꝓximis, ea opera &amp;"
                    HPOS="1222.0"
                    VPOS="947.0"
                    WIDTH="780.0"
                    HEIGHT="55.0"></String>
          </TextLine>
          <TextLine ID="line_20"
                    TAGREFS="LT8"
                    BASELINE="1220 1030 2002 1030" 
                    HPOS="1220.0"
                    VPOS="998.0"
                    WIDTH="782.0"
                    HEIGHT="54.0">
            <Shape><Polygon POINTS="1220 1030 1220 1052 2002 1048 2002 1030 2002 998 1220 998 1220 1030"/></Shape>
	    <String CONTENT="ratione, qua quiſ poſſit ſalutem proximoꝵ"
                    HPOS="1220.0"
                    VPOS="998.0"
                    WIDTH="782.0"
                    HEIGHT="54.0"></String>
          </TextLine>
          <TextLine ID="line_21"
                    TAGREFS="LT8"
                    BASELINE="1220 1079 2001 1073" 
                    HPOS="1218.0"
                    VPOS="1043.0"
                    WIDTH="783.0"
                    HEIGHT="52.0">
            <Shape><Polygon POINTS="1220 1079 1220 1095 1999 1089 2001 1073 1997 1043 1218 1043 1220 1079"/></Shape>
	    <String CONTENT="tam priuatim ꝗ̃ publice promouere maxime."
                    HPOS="1218.0"
                    VPOS="1043.0"
                    WIDTH="783.0"
                    HEIGHT="52.0"></String>
          </TextLine>
          <TextLine ID="line_22"
                    TAGREFS="LT8"
                    BASELINE="1227 1123 2002 1119" 
                    HPOS="1225.0"
                    VPOS="1080.0"
                    WIDTH="777.0"
                    HEIGHT="63.0">
            <Shape><Polygon POINTS="1227 1123 1227 1143 2001 1143 2002 1119 1995 1080 1956 1089 1846 1080 1837 1080 1835 1080 1833 1080 1831 1080 1808 1089 1781 1080 1780 1080 1778 1080 1776 1080 1774 1080 1773 1080 1755 1089 1740 1080 1739 1080 1737 1080 1735 1080 1568 1082 1566 1082 1564 1082 1552 1091 1225 1084 1227 1123"/></Shape>
	    <String CONTENT="Tali uſu rerum quæ corpori factæ ſunt, quid"
                    HPOS="1225.0"
                    VPOS="1080.0"
                    WIDTH="777.0"
                    HEIGHT="63.0"
                    WC="0.9841032166813695"></String>
          </TextLine>
          <TextLine ID="line_23"
                    TAGREFS="LT8"
                    BASELINE="1220 1164 2001 1168" 
                    HPOS="1218.0"
                    VPOS="1127.0"
                    WIDTH="783.0"
                    HEIGHT="64.0">
            <Shape><Polygon POINTS="1220 1164 1218 1180 1268 1191 1270 1191 1999 1187 2001 1168 1997 1127 1220 1128 1220 1164"/></Shape>
	    <String CONTENT="fingas decentius? Quæ poſſit præcipi mode¬"
                    HPOS="1218.0"
                    VPOS="1127.0"
                    WIDTH="783.0"
                    HEIGHT="64.0"
                    WC="0.9707744306042081"></String>
          </TextLine>
          <TextLine ID="line_24"
                    TAGREFS="LT8"
                    BASELINE="1220 1210 2001 1216" 
                    HPOS="1218.0"
                    VPOS="1171.0"
                    WIDTH="783.0"
                    HEIGHT="61.0">
            <Shape><Polygon POINTS="1220 1210 1218 1226 1997 1232 2001 1216 1999 1182 1220 1171 1220 1210"/></Shape>
	    <String CONTENT="ſtia ac temperantia plenior? Deni præcipit"
                    HPOS="1218.0"
                    VPOS="1171.0"
                    WIDTH="783.0"
                    HEIGHT="61.0"></String>
          </TextLine>
          <TextLine ID="line_25"
                    TAGREFS="LT8"
                    BASELINE="1218 1257 2001 1260" 
                    HPOS="1217.0"
                    VPOS="1225.0"
                    WIDTH="784.0"
                    HEIGHT="58.0">
            <Shape><Polygon POINTS="1218 1257 1217 1274 1225 1282 1227 1282 1229 1282 1231 1282 1601 1274 1607 1282 1609 1282 1609 1283 1610 1283 1612 1283 1614 1283 1999 1274 2001 1260 1999 1228 1218 1225 1218 1257"/></Shape>
	    <String CONTENT="ut quiſ proximis ſuis priuatim &amp; publice ꝓ"
                    HPOS="1217.0"
                    VPOS="1225.0"
                    WIDTH="784.0"
                    HEIGHT="58.0"
                    WC="0.9842081846192826"></String>
          </TextLine>
          <TextLine ID="line_26"
                    TAGREFS="LT8"
                    BASELINE="1218 1303 1999 1308" 
                    HPOS="1217.0"
                    VPOS="1264.0"
                    WIDTH="782.0"
                    HEIGHT="62.0">
            <Shape><Polygon POINTS="1218 1303 1217 1315 1995 1326 1999 1308 1997 1274 1739 1264 1737 1264 1218 1267 1218 1303"/></Shape>
	    <String CONTENT="uirili ſua præſtare Deum quendam, hoc eſt,"
                    HPOS="1217.0"
                    VPOS="1264.0"
                    WIDTH="782.0"
                    HEIGHT="62.0"
                    WC="0.9977680913039616"></String>
          </TextLine>
          <TextLine ID="line_27"
                    TAGREFS="LT8"
                    BASELINE="1217 1347 1999 1353" 
                    HPOS="1215.0"
                    VPOS="1315.0"
                    WIDTH="784.0"
                    HEIGHT="52.0">
            <Shape><Polygon POINTS="1217 1347 1215 1365 1995 1367 1999 1353 1997 1321 1217 1315 1217 1347"/></Shape>
	    <String CONTENT="ſeruatorem in omnibus laboret. Huic iuſtitiæ"
                    HPOS="1215.0"
                    VPOS="1315.0"
                    WIDTH="784.0"
                    HEIGHT="52.0"
                    WC="0.9875498441132632"></String>
          </TextLine>
          <TextLine ID="line_28"
                    TAGREFS="LT8"
                    BASELINE="1220 1394 1999 1399" 
                    HPOS="1218.0"
                    VPOS="1358.0"
                    WIDTH="781.0"
                    HEIGHT="59.0">
            <Shape><Polygon POINTS="1220 1394 1218 1415 1995 1417 1999 1399 1997 1363 1220 1358 1220 1394"/></Shape>
	    <String CONTENT="ꝗd ulla adijciar ſapientia humana? Vere ita"
                    HPOS="1218.0"
                    VPOS="1358.0"
                    WIDTH="781.0"
                    HEIGHT="59.0"></String>
          </TextLine>
          <TextLine ID="line_29"
                    TAGREFS="LT8"
                    BASELINE="1217 1440 1997 1444" 
                    HPOS="1215.0"
                    VPOS="1408.0"
                    WIDTH="782.0"
                    HEIGHT="52.0">
            <Shape><Polygon POINTS="1217 1440 1215 1460 1995 1458 1997 1444 1995 1411 1217 1408 1217 1440"/></Shape>
	    <String CONTENT="bonum &amp; perfectũ eſt, id quod uult, quod́"
                    HPOS="1215.0"
                    VPOS="1408.0"
                    WIDTH="782.0"
                    HEIGHT="52.0"></String>
          </TextLine>
          <TextLine ID="line_30"
                    TAGREFS="LT8"
                    BASELINE="1222 1490 1997 1486" 
                    HPOS="1220.0"
                    VPOS="1444.0"
                    WIDTH="777.0"
                    HEIGHT="73.0">
            <Shape><Polygon POINTS="1619 1444 1537 1454 1519 1445 1518 1445 1516 1445 1284 1454 1254 1445 1252 1445 1250 1445 1249 1445 1220 1456 1222 1490 1222 1517 1316 1506 1345 1515 1347 1515 1348 1515 1350 1515 1384 1506 1436 1515 1446 1515 1448 1515 1478 1513 1605 1504 1612 1511 1614 1511 1614 1513 1616 1513 1617 1513 1619 1513 1621 1513 1630 1511 1653 1504 1749 1509 1835 1513 1837 1513 1995 1504 1997 1486 1993 1454 1621 1444 1619 1444"/></Shape>
	    <String CONTENT="ꝓbat Deus, qͦd́ ei eſt libitũ &amp; beneplacitũ."
                    HPOS="1220.0"
                    VPOS="1444.0"
                    WIDTH="777.0"
                    HEIGHT="73.0"></String>
          </TextLine>
        </TextBlock>
        <TextBlock HPOS="1367"
                   VPOS="1510"
                   WIDTH="496"
                   HEIGHT="44"
                   ID="block_0"
                   TAGREFS="BT978">
          <Shape><Polygon POINTS="1862 1510 1863 1554 1369 1554 1367 1510"/></Shape>
          <TextLine ID="line_91"
                    TAGREFS="LT8"
                    BASELINE="1380 1534 1851 1534" 
                    HPOS="1380.0"
                    VPOS="1495.0"
                    WIDTH="471.0"
                    HEIGHT="54.0">
            <Shape><Polygon POINTS="1380 1534 1380 1549 1851 1549 1851 1534 1851 1502 1380 1495 1380 1534"/></Shape>
	    <String CONTENT="OBSERVATIONES."
                    HPOS="1380.0"
                    VPOS="1495.0"
                    WIDTH="471.0"
                    HEIGHT="54.0"
                    WC="0.9989630835396903"></String>
          </TextLine>
        </TextBlock>
        <TextBlock HPOS="1216"
                   VPOS="1552"
                   WIDTH="782"
                   HEIGHT="1096"
                   ID="block_2"
                   TAGREFS="BT979">
          <Shape><Polygon POINTS="1998 1552 1998 2648 1216 2648 1216 1552"/></Shape>
          <TextLine ID="line_92"
                    TAGREFS="LT8"
                    BASELINE="1258 1575 1997 1579" 
                    HPOS="1256.0"
                    VPOS="1534.0"
                    WIDTH="741.0"
                    HEIGHT="61.0">
            <Shape><Polygon POINTS="1256 1591 1993 1595 1997 1579 1993 1543 1297 1543 1259 1534 1258 1575 1256 1591"/></Shape>
	    <String CONTENT="In hac ſectione oſeruemus inter cætera. Pri¬"
                    HPOS="1256.0"
                    VPOS="1534.0"
                    WIDTH="741.0"
                    HEIGHT="61.0"
                    WC="0.9760542241009799"></String>
          </TextLine>
          <TextLine ID="line_93"
                    TAGREFS="LT8"
                    BASELINE="1215 1623 1992 1627" 
                    HPOS="1213.0"
                    VPOS="1590.0"
                    WIDTH="779.0"
                    HEIGHT="51.0">
            <Shape><Polygon POINTS="1215 1623 1213 1638 1988 1641 1992 1627 1990 1593 1215 1590 1215 1623"/></Shape>
	    <String CONTENT="mum, rationem exhortãdi ad officia pietatis"
                    HPOS="1213.0"
                    VPOS="1590.0"
                    WIDTH="779.0"
                    HEIGHT="51.0"></String>
          </TextLine>
          <TextLine ID="line_94"
                    TAGREFS="LT8"
                    BASELINE="1217 1668 1995 1671" 
                    HPOS="1215.0"
                    VPOS="1629.0"
                    WIDTH="780.0"
                    HEIGHT="57.0">
            <Shape><Polygon POINTS="1215 1684 1992 1686 1995 1671 1992 1636 1238 1638 1218 1629 1217 1668 1215 1684"/></Shape>
	    <String CONTENT="cum fructu, in qua præcipua ſunt amica mo¬"
                    HPOS="1215.0"
                    VPOS="1629.0"
                    WIDTH="780.0"
                    HEIGHT="57.0"
                    WC="0.9987182489463261"></String>
          </TextLine>
          <TextLine ID="line_95"
                    TAGREFS="LT8"
                    BASELINE="1215 1714 1993 1718" 
                    HPOS="1213.0"
                    VPOS="1677.0"
                    WIDTH="780.0"
                    HEIGHT="55.0">
            <Shape><Polygon POINTS="1215 1714 1213 1728 1990 1732 1993 1718 1990 1677 1215 1679 1215 1714"/></Shape>
	    <String CONTENT="nentis ſubmiſſio, &amp; ſancta blandicia, tum di¬"
                    HPOS="1213.0"
                    VPOS="1677.0"
                    WIDTH="780.0"
                    HEIGHT="55.0"
                    WC="0.9945371376143561"></String>
          </TextLine>
          <TextLine ID="line_96"
                    TAGREFS="LT8"
                    BASELINE="1215 1759 1995 1764" 
                    HPOS="1213.0"
                    VPOS="1725.0"
                    WIDTH="782.0"
                    HEIGHT="55.0">
            <Shape><Polygon POINTS="1215 1759 1213 1775 1992 1780 1995 1764 1992 1725 1215 1725 1215 1759"/></Shape>
	    <String CONTENT="uinæ erga nos miſericordiæ grauis admoni¬"
                    HPOS="1213.0"
                    VPOS="1725.0"
                    WIDTH="782.0"
                    HEIGHT="55.0"
                    WC="0.9914130772032389"></String>
          </TextLine>
          <TextLine ID="line_97"
                    TAGREFS="LT8"
                    BASELINE="1211 1805 1993 1810" 
                    HPOS="1209.0"
                    VPOS="1766.0"
                    WIDTH="784.0"
                    HEIGHT="59.0">
            <Shape><Polygon POINTS="1211 1805 1209 1819 1990 1825 1993 1810 1992 1776 1539 1776 1532 1775 1466 1766 1464 1766 1211 1773 1211 1805"/></Shape>
	    <String CONTENT="tio. Illud conciliat animos monenti, hoc pon¬"
                    HPOS="1209.0"
                    VPOS="1766.0"
                    WIDTH="784.0"
                    HEIGHT="59.0"
                    WC="0.981310945087009"></String>
          </TextLine>
          <TextLine ID="line_98"
                    TAGREFS="LT8"
                    BASELINE="1215 1851 1995 1855" 
                    HPOS="1213.0"
                    VPOS="1810.0"
                    WIDTH="782.0"
                    HEIGHT="64.0">
            <Shape><Polygon POINTS="1215 1851 1213 1867 1992 1874 1995 1855 1992 1819 1259 1819 1215 1810 1215 1851"/></Shape>
	    <String CONTENT="dus adfert monitioni. Tum, initium omnis"
                    HPOS="1213.0"
                    VPOS="1810.0"
                    WIDTH="782.0"
                    HEIGHT="64.0"
                    WC="0.9887483581900597"></String>
          </TextLine>
          <TextLine ID="line_99"
                    TAGREFS="LT8"
                    BASELINE="1213 1899 1995 1899" 
                    HPOS="1213.0"
                    VPOS="1866.0"
                    WIDTH="782.0"
                    HEIGHT="51.0">
            <Shape><Polygon POINTS="1213 1899 1213 1917 1995 1917 1995 1899 1993 1866 1213 1867 1213 1899"/></Shape>
	    <String CONTENT="rectæ uitæ eſſe, nos totos in hoc Deo addice¬"
                    HPOS="1213.0"
                    VPOS="1866.0"
                    WIDTH="782.0"
                    HEIGHT="51.0"
                    WC="0.9897052062882318"></String>
          </TextLine>
          <TextLine ID="line_100"
                    TAGREFS="LT8"
                    BASELINE="1213 1942 1992 1949" 
                    HPOS="1211.0"
                    VPOS="1908.0"
                    WIDTH="781.0"
                    HEIGHT="55.0">
            <Shape><Polygon POINTS="1213 1942 1211 1956 1988 1963 1992 1949 1988 1908 1213 1908 1213 1942"/></Shape>
	    <String CONTENT="re, ut uetus in nobis homo intereat. Deinde,"
                    HPOS="1211.0"
                    VPOS="1908.0"
                    WIDTH="781.0"
                    HEIGHT="55.0"
                    WC="0.9882587343454361"></String>
          </TextLine>
          <TextLine ID="line_101"
                    TAGREFS="LT8"
                    BASELINE="1215 1987 1993 1994" 
                    HPOS="1213.0"
                    VPOS="1955.0"
                    WIDTH="780.0"
                    HEIGHT="55.0">
            <Shape><Polygon POINTS="1215 1987 1213 2003 1990 2010 1993 1994 1992 1956 1215 1955 1215 1987"/></Shape>
	    <String CONTENT="uiuere conformiter huic ſæculo rem eſſe per"
                    HPOS="1213.0"
                    VPOS="1955.0"
                    WIDTH="780.0"
                    HEIGHT="55.0"
                    WC="0.995478096396424"></String>
          </TextLine>
          <TextLine ID="line_102"
                    TAGREFS="LT8"
                    BASELINE="1211 2035 1993 2040" 
                    HPOS="1209.0"
                    VPOS="2029.0"
                    WIDTH="784.0"
                    HEIGHT="25.0">
            <Shape><Polygon POINTS="1977 2029 1960 2029 1942 2029 1924 2029 1906 2029 1888 2029 1871 2029 1853 2029 1835 2029 1817 2029 1799 2029 1781 2029 1764 2029 1746 2029 1728 2029 1710 2029 1692 2029 1674 2029 1657 2029 1639 2029 1621 2029 1603 2029 1585 2029 1568 2029 1550 2029 1532 2029 1514 2029 1496 2029 1478 2029 1461 2029 1443 2029 1425 2029 1407 2029 1389 2029 1372 2029 1354 2029 1336 2029 1318 2029 1300 2029 1282 2029 1265 2029 1247 2029 1229 2029 1211 2029 1211 2035 1209 2049 1990 2054 1993 2040 1992 2029 1977 2029"/></Shape>
	    <String CONTENT="se fugiendã Christianis. Ad haec, Deum no¬"
                    HPOS="1209.0"
                    VPOS="2029.0"
                    WIDTH="784.0"
                    HEIGHT="25.0"></String>
          </TextLine>
          <TextLine ID="line_103"
                    TAGREFS="LT8"
                    BASELINE="1213 2079 1993 2083" 
                    HPOS="1211.0"
                    VPOS="2047.0"
                    WIDTH="782.0"
                    HEIGHT="54.0">
            <Shape><Polygon POINTS="1213 2079 1211 2097 1990 2101 1993 2083 1992 2051 1213 2047 1213 2079"/></Shape>
	    <String CONTENT="ſtro quo ſtudio uti ad noſtri trãsformatio¬"
                    HPOS="1211.0"
                    VPOS="2047.0"
                    WIDTH="782.0"
                    HEIGHT="54.0"
                    WC="0.9843882587220933"></String>
          </TextLine>
          <TextLine ID="line_104"
                    TAGREFS="LT8"
                    BASELINE="1208 2125 1995 2131" 
                    HPOS="1206.0"
                    VPOS="2086.0"
                    WIDTH="789.0"
                    HEIGHT="63.0">
            <Shape><Polygon POINTS="1208 2125 1206 2142 1992 2149 1995 2131 1990 2090 1960 2099 1947 2090 1945 2090 1944 2090 1942 2090 1931 2090 1781 2099 1764 2090 1762 2090 1760 2090 1758 2090 1756 2090 1755 2090 1755 2092 1740 2099 1691 2092 1666 2088 1664 2088 1589 2092 1495 2097 1473 2093 1443 2086 1441 2086 1409 2093 1397 2095 1379 2093 1327 2086 1325 2086 1323 2086 1309 2093 1306 2095 1208 2095 1208 2125"/></Shape>
	    <String CONTENT="nem. Quo enim nos uetuſtatem ingenij noſtri"
                    HPOS="1206.0"
                    VPOS="2086.0"
                    WIDTH="789.0"
                    HEIGHT="63.0"
                    WC="0.9933792421984118"></String>
          </TextLine>
          <TextLine ID="line_105"
                    TAGREFS="LT8"
                    BASELINE="1211 2170 1993 2177" 
                    HPOS="1209.0"
                    VPOS="2138.0"
                    WIDTH="784.0"
                    HEIGHT="62.0">
            <Shape><Polygon POINTS="1211 2170 1209 2186 1990 2200 1993 2177 1992 2138 1211 2138 1211 2170"/></Shape>
	    <String CONTENT="obſeruauerimus diligentius, orauerimus́"
                    HPOS="1209.0"
                    VPOS="2138.0"
                    WIDTH="784.0"
                    HEIGHT="62.0"></String>
          </TextLine>
          <TextLine ID="line_106"
                    TAGREFS="LT8"
                    BASELINE="1206 2216 1997 2222" 
                    HPOS="1204.0"
                    VPOS="2184.0"
                    WIDTH="793.0"
                    HEIGHT="54.0">
            <Shape><Polygon POINTS="1206 2216 1204 2238 1995 2238 1997 2222 1997 2190 1206 2184 1206 2216"/></Shape>
	    <String CONTENT="ſpiritum Chriſti ardentius, hoc certe perfi¬"
                    HPOS="1204.0"
                    VPOS="2184.0"
                    WIDTH="793.0"
                    HEIGHT="54.0"
                    WC="0.9853770827705209"></String>
          </TextLine>
          <TextLine ID="line_107"
                    TAGREFS="LT8"
                    BASELINE="1209 2263 1995 2270" 
                    HPOS="1208.0"
                    VPOS="2231.0"
                    WIDTH="787.0"
                    HEIGHT="55.0">
            <Shape><Polygon POINTS="1209 2263 1208 2282 1992 2286 1995 2270 1993 2234 1209 2231 1209 2263"/></Shape>
	    <String CONTENT="citur noſtri transformatio &amp; citius &amp; con¬"
                    HPOS="1208.0"
                    VPOS="2231.0"
                    WIDTH="787.0"
                    HEIGHT="55.0"
                    WC="0.9959050076348441"></String>
          </TextLine>
          <TextLine ID="line_108"
                    TAGREFS="LT8"
                    BASELINE="1208 2311 1995 2318" 
                    HPOS="1206.0"
                    VPOS="2273.0"
                    WIDTH="789.0"
                    HEIGHT="66.0">
            <Shape><Polygon POINTS="1208 2311 1206 2323 1265 2334 1266 2334 1377 2327 1404 2327 1992 2339 1995 2318 1993 2275 1208 2273 1208 2311"/></Shape>
	    <String CONTENT="ſummatius. Præterea, uera bona à nemine, ꝗ"
                    HPOS="1206.0"
                    VPOS="2273.0"
                    WIDTH="789.0"
                    HEIGHT="66.0"></String>
          </TextLine>
          <TextLine ID="line_109"
                    TAGREFS="LT8"
                    BASELINE="1208 2353 2001 2362" 
                    HPOS="1206.0"
                    VPOS="2321.0"
                    WIDTH="795.0"
                    HEIGHT="57.0">
            <Shape><Polygon POINTS="1208 2353 1206 2369 1997 2378 2001 2362 2001 2330 1208 2321 1208 2353"/></Shape>
	    <String CONTENT="non ſit per Chriſtum regenitus, cognoſci rite"
                    HPOS="1206.0"
                    VPOS="2321.0"
                    WIDTH="795.0"
                    HEIGHT="57.0"
                    WC="0.9938384691874186"></String>
          </TextLine>
          <TextLine ID="line_110"
                    TAGREFS="LT8"
                    BASELINE="1206 2403 2002 2407" 
                    HPOS="1204.0"
                    VPOS="2368.0"
                    WIDTH="798.0"
                    HEIGHT="60.0">
            <Shape><Polygon POINTS="1206 2403 1204 2425 1206 2426 1208 2426 1208 2428 1209 2428 1211 2428 1213 2428 2001 2425 2002 2407 2002 2373 1206 2368 1206 2403"/></Shape>
	    <String CONTENT="probari́ poſſe. Et hoc quem in ſcientia ſalu"
                    HPOS="1204.0"
                    VPOS="2368.0"
                    WIDTH="798.0"
                    HEIGHT="60.0"></String>
          </TextLine>
          <TextLine ID="line_111"
                    TAGREFS="LT8"
                    BASELINE="1206 2448 2002 2455" 
                    HPOS="1204.0"
                    VPOS="2414.0"
                    WIDTH="798.0"
                    HEIGHT="60.0">
            <Shape><Polygon POINTS="1206 2448 1204 2462 1404 2474 1405 2474 2001 2471 2002 2455 2001 2414 1206 2414 1206 2448"/></Shape>
	    <String CONTENT="tis amplius profecturũ, quo maiores fecerit"
                    HPOS="1204.0"
                    VPOS="2414.0"
                    WIDTH="798.0"
                    HEIGHT="60.0"
                    WC="0.9848675172437321"></String>
          </TextLine>
          <TextLine ID="line_112"
                    TAGREFS="LT8"
                    BASELINE="1204 2494 1997 2503" 
                    HPOS="1202.0"
                    VPOS="2460.0"
                    WIDTH="795.0"
                    HEIGHT="59.0">
            <Shape><Polygon POINTS="1204 2494 1202 2515 1993 2519 1997 2503 1995 2469 1204 2460 1204 2494"/></Shape>
	    <String CONTENT="renouatione mentis progreſſus. Poſtremo,"
                    HPOS="1202.0"
                    VPOS="2460.0"
                    WIDTH="795.0"
                    HEIGHT="59.0"
                    WC="0.995345601439476"></String>
          </TextLine>
          <TextLine ID="line_113"
                    TAGREFS="LT8"
                    BASELINE="1208 2540 1997 2547" 
                    HPOS="1206.0"
                    VPOS="2507.0"
                    WIDTH="791.0"
                    HEIGHT="60.0">
            <Shape><Polygon POINTS="1208 2540 1206 2555 1247 2565 1249 2567 1995 2567 1997 2547 1995 2507 1208 2507 1208 2540"/></Shape>
	    <String CONTENT="cum nihil bonum ſit, ̃ quod uult Deus, ̃"
                    HPOS="1206.0"
                    VPOS="2507.0"
                    WIDTH="791.0"
                    HEIGHT="60.0"></String>
          </TextLine>
          <TextLine ID="line_114"
                    TAGREFS="LT8"
                    BASELINE="1204 2585 1999 2596" 
                    HPOS="1202.0"
                    VPOS="2544.0"
                    WIDTH="797.0"
                    HEIGHT="76.0">
            <Shape><Polygon POINTS="1204 2585 1202 2606 1318 2612 1320 2612 1322 2612 1323 2612 1329 2608 1334 2603 1339 2608 1347 2613 1348 2613 1350 2613 1352 2615 1404 2615 1404 2613 1405 2613 1425 2608 1439 2604 1454 2608 1478 2615 1480 2615 1482 2615 1557 2608 1591 2606 1598 2608 1617 2617 1619 2617 1621 2617 1705 2610 1726 2608 1737 2610 1783 2619 1785 2619 1853 2610 1858 2610 1865 2619 1867 2619 1867 2620 1869 2620 1871 2620 1872 2620 1997 2610 1999 2596 1999 2558 1204 2544 1204 2585"/></Shape>
	    <String CONTENT="intentos eſſe oporteat uerbo domini, quo"
                    HPOS="1202.0"
                    VPOS="2544.0"
                    WIDTH="797.0"
                    HEIGHT="76.0"
                    WC="0.9879414930939674"></String>
          </TextLine>
          <TextLine ID="line_115"
                    TAGREFS="LT8"
                    BASELINE="1204 2635 1746 2635" 
                    HPOS="1204.0"
                    VPOS="2596.0"
                    WIDTH="542.0"
                    HEIGHT="60.0">
            <Shape><Polygon POINTS="1204 2635 1204 2653 1744 2656 1746 2635 1746 2604 1204 2596 1204 2635"/></Shape>
	    <String CONTENT="Dei uoluntas nobis exponitur."
                    HPOS="1204.0"
                    VPOS="2596.0"
                    WIDTH="542.0"
                    HEIGHT="60.0"
                    WC="0.9994035219324047"></String>
          </TextLine>
        </TextBlock>
        <TextBlock HPOS="200"
                   VPOS="2838"
                   WIDTH="173"
                   HEIGHT="110"
                   ID="block_1"
                   TAGREFS="BT983">
          <Shape><Polygon POINTS="373 2838 373 2948 200 2948 200 2838"/></Shape>
          <TextLine ID="line_90"
                    TAGREFS="LT8"
                    BASELINE="204 2877 361 2896" 
                    HPOS="197"
                    VPOS="2796"
                    WIDTH="169"
                    HEIGHT="125">
            <Shape><Polygon POINTS="203 2876 197 2900 352 2921 360 2895 366 2833 349 2820 347 2820 344 2820 341 2820 307 2820 261 2823 211 2796 203 2876"/></Shape>
	    <String CONTENT="δοκιμὰ¬"
                    HPOS="197"
                    VPOS="2796"
                    WIDTH="169"
                    HEIGHT="125"></String>
          </TextLine>
          <TextLine ID="line_0"
                    TAGREFS="LT8"
                    BASELINE="197 2932 288 2929" 
                    HPOS="194.0"
                    VPOS="2879.0"
                    WIDTH="96.0"
                    HEIGHT="114.0">
            <Shape><Polygon POINTS="247 2884 229 2880 212 2879 194 2880 197 2932 199 2993 290 2989 288 2929 283 2891 263 2891 256 2888 251 2884 247 2884"/></Shape>
	    <String CONTENT="ζειν."
                    HPOS="194.0"
                    VPOS="2879.0"
                    WIDTH="96.0"
                    HEIGHT="114.0"></String>
          </TextLine>
        </TextBlock>
        <TextBlock HPOS="1203"
                   VPOS="2668"
                   WIDTH="770"
                   HEIGHT="114"
                   ID="block_7"
                   TAGREFS="BT978">
          <Shape><Polygon POINTS="1973 2668 1973 2782 1203 2782 1203 2668"/></Shape>
          <TextLine ID="line_116"
                    TAGREFS="LT8"
                    BASELINE="1288 2697 1888 2701" 
                    HPOS="1286.0"
                    VPOS="2644.0"
                    WIDTH="602.0"
                    HEIGHT="69.0">
            <Shape><Polygon POINTS="1288 2697 1286 2710 1885 2713 1888 2701 1883 2653 1860 2658 1846 2653 1831 2645 1830 2645 1828 2645 1826 2645 1801 2653 1781 2658 1765 2653 1749 2647 1748 2647 1746 2647 1744 2647 1732 2653 1721 2658 1687 2653 1635 2645 1634 2645 1632 2645 1605 2654 1589 2658 1569 2654 1530 2645 1400 2644 1398 2644 1397 2644 1395 2644 1382 2654 1380 2656 1379 2654 1364 2645 1363 2645 1361 2645 1359 2645 1288 2654 1288 2697"/></Shape>
	    <String CONTENT="ENARRATIO SECTI: II."
                    HPOS="1286.0"
                    VPOS="2644.0"
                    WIDTH="602.0"
                    HEIGHT="69.0"></String>
          </TextLine>
          <TextLine ID="line_117"
                    TAGREFS="LT8"
                    BASELINE="1206 2756 1972 2761" 
                    HPOS="1204.0"
                    VPOS="2701.0"
                    WIDTH="768.0"
                    HEIGHT="85.0">
            <Shape><Polygon POINTS="1206 2756 1204 2779 1969 2786 1972 2761 1972 2727 1735 2726 1708 2717 1678 2710 1676 2710 1674 2710 1673 2710 1650 2715 1625 2722 1614 2713 1603 2706 1601 2706 1600 2706 1598 2706 1596 2706 1584 2713 1566 2722 1416 2718 1393 2706 1391 2706 1389 2706 1388 2706 1384 2706 1325 2717 1297 2702 1295 2702 1293 2702 1206 2701 1206 2756"/></Shape>
	    <String CONTENT="Moneo nam ex munere meo."
                    HPOS="1204.0"
                    VPOS="2701.0"
                    WIDTH="768.0"
                    HEIGHT="85.0"
                    WC="0.9938450050354004"></String>
          </TextLine>
        </TextBlock>
        <TextBlock HPOS="1404"
                   VPOS="2777"
                   WIDTH="386"
                   HEIGHT="56"
                   ID="eSc_textblock_a632a6b4"
                   TAGREFS="BT978">
          <Shape><Polygon POINTS="1404 2777 1404 2829 1789 2833 1790 2780"/></Shape>
          <TextLine ID="line_118"
                    TAGREFS="LT8"
                    BASELINE="1413 2809 1774 2813" 
                    HPOS="1411"
                    VPOS="2766"
                    WIDTH="363"
                    HEIGHT="66">
            <Shape><Polygon POINTS="1413 2809 1411 2822 1771 2832 1774 2813 1773 2779 1650 2768 1648 2768 1646 2768 1630 2777 1628 2777 1625 2777 1576 2766 1575 2766 1573 2766 1544 2775 1543 2775 1541 2775 1486 2766 1484 2766 1413 2774 1413 2809"/></Shape>
	    <String CONTENT="EXPOSITIO."
                    HPOS="1411"
                    VPOS="2766"
                    WIDTH="363"
                    HEIGHT="66"
                    WC="0.9999951720237732"></String>
          </TextLine>
        </TextBlock>
        <TextBlock HPOS="1200"
                   VPOS="2829"
                   WIDTH="809"
                   HEIGHT="98"
                   ID="block_6"
                   TAGREFS="BT979">
          <Shape><Polygon POINTS="2009 2833 2006 2927 1203 2927 1200 2829"/></Shape>
          <TextLine ID="line_119"
                    TAGREFS="LT8"
                    BASELINE="1238 2854 2009 2861" 
                    HPOS="1236.0"
                    VPOS="2811.0"
                    WIDTH="773.0"
                    HEIGHT="71.0">
            <Shape><Polygon POINTS="1238 2854 1236 2870 2006 2882 2009 2861 2008 2823 1862 2813 1860 2813 1858 2813 1840 2820 1838 2822 1837 2820 1822 2811 1821 2811 1819 2811 1817 2811 1815 2811 1790 2820 1787 2820 1238 2813 1238 2854"/></Shape>
	    <String CONTENT="Priori ſectione exuit nos nobis, quia in no¬"
                    HPOS="1236.0"
                    VPOS="2811.0"
                    WIDTH="773.0"
                    HEIGHT="71.0"
                    WC="0.9850218743085861"></String>
          </TextLine>
          <TextLine ID="line_120"
                    TAGREFS="LT8"
                    BASELINE="1190 2902 2009 2907" 
                    HPOS="1188.0"
                    VPOS="2857.0"
                    WIDTH="821.0"
                    HEIGHT="88.0">
            <Shape><Polygon POINTS="1190 2902 1188 2932 1213 2941 1215 2941 1217 2943 1368 2943 1368 2941 1370 2941 1393 2934 1405 2929 1411 2934 1418 2939 1418 2941 1420 2941 1421 2941 1502 2943 1503 2943 1505 2943 1507 2943 1507 2941 1514 2936 1519 2929 1593 2929 1609 2936 1623 2943 1625 2943 1626 2943 1664 2937 1714 2929 1760 2937 1792 2945 1794 2945 1796 2945 1812 2939 1837 2930 1979 2930 2004 2941 2009 2907 2008 2872 1603 2859 1601 2859 1600 2859 1585 2863 1568 2868 1523 2863 1496 2859 1495 2859 1457 2861 1380 2866 1373 2859 1372 2859 1372 2857 1370 2857 1368 2857 1366 2857 1343 2859 1277 2866 1190 2857 1190 2902"/></Shape>
	    <String CONTENT="bis nihil boni, adduxit̃ &amp; iunxit Deo, fonti"
                    HPOS="1188.0"
                    VPOS="2857.0"
                    WIDTH="821.0"
                    HEIGHT="88.0"></String>
          </TextLine>
        </TextBlock>
        <TextBlock HPOS="1841"
                   VPOS="2924"
                   WIDTH="160"
                   HEIGHT="47"
                   ID="block_13"
                   TAGREFS="BT17">
          <Shape><Polygon POINTS="2001 2924 2001 2971 1841 2971 1841 2924"/></Shape>
          <TextLine ID="line_121"
                    TAGREFS="LT8"
                    BASELINE="1831 2953 2008 2953" 
                    HPOS="1831.0"
                    VPOS="2920.0"
                    WIDTH="177.0"
                    HEIGHT="82.0">
            <Shape><Polygon POINTS="1831 2953 1831 3002 1874 2993 1922 2996 1981 3002 1983 3002 1985 3002 2008 2991 2008 2953 2008 2923 1831 2920 1831 2953"/></Shape>
	    <String CONTENT="omnis"
                    HPOS="1831.0"
                    VPOS="2920.0"
                    WIDTH="177.0"
                    HEIGHT="82.0"
                    WC="0.9997954726219177"></String>
          </TextLine>
        </TextBlock>
      </PrintSpace>
    </Page>
  </Layout>
</alto>
