<?xml version="1.0" encoding="UTF-8"?>
<alto xmlns:xsi="http://www.w3.org/2001/XMLSchema-instance"
      xmlns="http://www.loc.gov/standards/alto/ns-v4#"
      xsi:schemaLocation="http://www.loc.gov/standards/alto/ns-v4# http://www.loc.gov/standards/alto/v4/alto-4-2.xsd">
  <Description>
    <MeasurementUnit>pixel</MeasurementUnit>
    <sourceImageInformation>
      <fileName>bsb10313792_00481.jpg</fileName>
    </sourceImageInformation>
  </Description>
  <Tags>
    <OtherTag ID="BT7" LABEL="CustomZone" DESCRIPTION="block type CustomZone"/><OtherTag ID="BT8" LABEL="DamageZone" DESCRIPTION="block type DamageZone"/><OtherTag ID="BT9" LABEL="DigitizationArtefactZone" DESCRIPTION="block type DigitizationArtefactZone"/><OtherTag ID="BT10" LABEL="DropCapitalZone" DESCRIPTION="block type DropCapitalZone"/><OtherTag ID="BT11" LABEL="GraphicZone" DESCRIPTION="block type GraphicZone"/><OtherTag ID="BT12" LABEL="MainZone" DESCRIPTION="block type MainZone"/><OtherTag ID="BT13" LABEL="MarginTextZone" DESCRIPTION="block type MarginTextZone"/><OtherTag ID="BT14" LABEL="MusicZone" DESCRIPTION="block type MusicZone"/><OtherTag ID="BT15" LABEL="NumberingZone" DESCRIPTION="block type NumberingZone"/><OtherTag ID="BT17" LABEL="QuireMarksZone" DESCRIPTION="block type QuireMarksZone"/><OtherTag ID="BT18" LABEL="RunningTitleZone" DESCRIPTION="block type RunningTitleZone"/><OtherTag ID="BT19" LABEL="SealZone" DESCRIPTION="block type SealZone"/><OtherTag ID="BT20" LABEL="StampZone" DESCRIPTION="block type StampZone"/><OtherTag ID="BT21" LABEL="TableZone" DESCRIPTION="block type TableZone"/><OtherTag ID="BT22" LABEL="TitlePageZone" DESCRIPTION="block type TitlePageZone"/><OtherTag ID="BT847" LABEL="text" DESCRIPTION="block type text"/><OtherTag ID="BT978" LABEL="MainZone-Head" DESCRIPTION="block type MainZone-Head"/><OtherTag ID="BT979" LABEL="MainZone-P" DESCRIPTION="block type MainZone-P"/><OtherTag ID="BT980" LABEL="MainZone-Entry-Continued" DESCRIPTION="block type MainZone-Entry-Continued"/><OtherTag ID="BT981" LABEL="MainZone-P-Continued" DESCRIPTION="block type MainZone-P-Continued"/><OtherTag ID="BT982" LABEL="MainZone-Entry" DESCRIPTION="block type MainZone-Entry"/><OtherTag ID="BT983" LABEL="MarginTextZone-Notes" DESCRIPTION="block type MarginTextZone-Notes"/><OtherTag ID="BT984" LABEL="MainZone-Sp" DESCRIPTION="block type MainZone-Sp"/>
    <OtherTag ID="LT7" LABEL="CustomLine" DESCRIPTION="line type CustomLine"/><OtherTag ID="LT8" LABEL="DefaultLine" DESCRIPTION="line type DefaultLine"/><OtherTag ID="LT9" LABEL="DropCapitalLine" DESCRIPTION="line type DropCapitalLine"/><OtherTag ID="LT10" LABEL="HeadingLine" DESCRIPTION="line type HeadingLine"/><OtherTag ID="LT11" LABEL="InterlinearLine" DESCRIPTION="line type InterlinearLine"/><OtherTag ID="LT12" LABEL="MusicLine" DESCRIPTION="line type MusicLine"/><OtherTag ID="LT431" LABEL="default" DESCRIPTION="line type default"/>
  </Tags>
  <Layout>
    <Page WIDTH="2148"
          HEIGHT="3219"
          PHYSICAL_IMG_NR="15"
          ID="eSc_dummypage_">
      <PrintSpace HPOS="0"
                  VPOS="0"
                  WIDTH="2148"
                  HEIGHT="3219">
        <TextBlock HPOS="464.0"
                   VPOS="111.0"
                   WIDTH="986.0"
                   HEIGHT="68.0"
                   ID="block_9"
                   TAGREFS="BT18">
          <Shape><Polygon POINTS="1450 111 1450 179 464 179 464 111"/></Shape>
          <TextLine ID="line_0"
                    TAGREFS="LT10"
                    BASELINE="465 150 1452 155" 
                    HPOS="463.0"
                    VPOS="85.0"
                    WIDTH="989.0"
                    HEIGHT="95.0">
            <Shape><Polygon POINTS="463 171 475 178 477 178 479 178 481 178 699 171 801 180 803 180 1450 173 1452 155 1446 89 1416 101 1395 89 1393 89 1391 89 1389 89 1387 89 1386 89 1386 91 1371 101 1357 92 1355 92 1353 92 1352 92 1350 92 1312 105 1269 91 1264 89 1262 89 1260 89 1259 89 1250 91 1207 105 1126 105 1042 103 1026 94 1014 87 1012 87 1010 87 917 94 820 103 803 96 776 85 774 85 718 85 717 85 715 85 713 85 713 87 701 98 701 100 697 98 674 87 672 87 670 87 668 87 629 98 617 87 615 87 613 87 611 87 609 87 583 100 575 101 465 101 465 150"/></Shape>
	    <String CONTENT="D. PAVLI AD ROMANOS CAP. ΧII."
                    HPOS="463.0"
                    VPOS="85.0"
                    WIDTH="989.0"
                    HEIGHT="95.0"></String>
          </TextLine>
        </TextBlock>
        <TextBlock HPOS="1635.0"
                   VPOS="121.0"
                   WIDTH="103.0"
                   HEIGHT="61.0"
                   ID="block_0"
                   TAGREFS="BT15">
          <Shape><Polygon POINTS="1738 121 1738 182 1635 182 1635 121"/></Shape>
          <TextLine ID="line_1"
                    TAGREFS="LT8"
                    BASELINE="1634 159 1729 159" 
                    HPOS="1634.0"
                    VPOS="98.0"
                    WIDTH="95.0"
                    HEIGHT="95.0">
            <Shape><Polygon POINTS="1634 159 1634 180 1727 193 1729 159 1727 98 1634 100 1634 159"/></Shape>
	    <String CONTENT="469"
                    HPOS="1634.0"
                    VPOS="98.0"
                    WIDTH="95.0"
                    HEIGHT="95.0"></String>
          </TextLine>
        </TextBlock>
        <TextBlock HPOS="150.0"
                   VPOS="181.0"
                   WIDTH="778.0"
                   HEIGHT="1052.0"
                   ID="block_4"
                   TAGREFS="BT979">
          <Shape><Polygon POINTS="928 181 928 1233 150 1233 150 181"/></Shape>
          <TextLine ID="line_36"
                    TAGREFS="LT8"
                    BASELINE="184 219 927 221" 
                    HPOS="179.0"
                    VPOS="155.0"
                    WIDTH="747.0"
                    HEIGHT="86.0">
            <Shape><Polygon POINTS="182 217 179 236 920 241 926 219 923 171 636 155 633 155 537 160 440 168 424 158 418 155 416 155 413 155 410 155 408 155 397 158 373 168 308 158 295 155 292 155 289 155 287 155 268 168 182 155 182 217"/></Shape>
	    <String CONTENT="Hæc uero omnia commendat Apoſtolus,"
                    HPOS="179.0"
                    VPOS="155.0"
                    WIDTH="747.0"
                    HEIGHT="86.0"></String>
          </TextLine>
          <TextLine ID="line_37"
                    TAGREFS="LT8"
                    BASELINE="168 266 927 268" 
                    HPOS="166.0"
                    VPOS="225.0"
                    WIDTH="760.0"
                    HEIGHT="67.0">
            <Shape><Polygon POINTS="166 265 166 292 926 292 926 265 926 228 166 225 166 265"/></Shape>
	    <String CONTENT="primum authoritate ſua, quæ Romanis fra¬"
                    HPOS="166.0"
                    VPOS="225.0"
                    WIDTH="760.0"
                    HEIGHT="67.0"></String>
          </TextLine>
          <TextLine ID="line_2"
                    TAGREFS="LT8"
                    BASELINE="157 312 927 309" 
                    HPOS="153.0"
                    VPOS="273.0"
                    WIDTH="773.0"
                    HEIGHT="59.0">
            <Shape><Polygon POINTS="155 311 155 332 923 329 926 308 918 273 153 273 155 311"/></Shape>
	    <String CONTENT="tribus erat, &amp; eſt Chriſtianis omnibꝰ, ob gra¬"
                    HPOS="153.0"
                    VPOS="273.0"
                    WIDTH="773.0"
                    HEIGHT="59.0"
                    WC="0.9787339995736661"></String>
          </TextLine>
          <TextLine ID="line_3"
                    TAGREFS="LT8"
                    BASELINE="153 355 926 354" 
                    HPOS="152.0"
                    VPOS="323.0"
                    WIDTH="774.0"
                    HEIGHT="54.0">
            <Shape><Polygon POINTS="153 355 153 377 924 373 926 354 921 323 152 323 153 355"/></Shape>
	    <String CONTENT="tiam Dei ipſi hoc munere Apoſtolatꝰ ad gen"
                    HPOS="152.0"
                    VPOS="323.0"
                    WIDTH="774.0"
                    HEIGHT="54.0"
                    WC="0.9960979549657731"></String>
          </TextLine>
          <TextLine ID="line_4"
                    TAGREFS="LT8"
                    BASELINE="155 405 928 398" 
                    HPOS="153.0"
                    VPOS="359.0"
                    WIDTH="775.0"
                    HEIGHT="63.0">
            <Shape><Polygon POINTS="155 405 155 422 928 416 928 398 922 364 781 368 769 364 754 359 752 359 751 359 749 359 747 359 747 361 744 364 738 368 727 364 717 361 715 361 713 361 693 364 659 370 588 364 540 361 538 361 536 361 534 361 531 364 524 371 447 371 438 364 436 363 434 363 432 363 346 363 345 363 343 363 334 364 302 373 282 364 280 364 279 364 277 364 153 364 155 405"/></Shape>
	    <String CONTENT="tes adeo potentis, tam præclare factam, iure"
                    HPOS="153.0"
                    VPOS="359.0"
                    WIDTH="775.0"
                    HEIGHT="63.0"></String>
          </TextLine>
          <TextLine ID="line_5"
                    TAGREFS="LT8"
                    BASELINE="153 450 926 447" 
                    HPOS="152.0"
                    VPOS="409.0"
                    WIDTH="774.0"
                    HEIGHT="63.0">
            <Shape><Polygon POINTS="153 450 153 464 922 472 926 447 921 409 152 413 153 450"/></Shape>
	    <String CONTENT="multo maxima. Deinde inſunt in ipſis quo"
                    HPOS="152.0"
                    VPOS="409.0"
                    WIDTH="774.0"
                    HEIGHT="63.0"></String>
          </TextLine>
          <TextLine ID="line_6"
                    TAGREFS="LT8"
                    BASELINE="155 493 919 493" 
                    HPOS="155.0"
                    VPOS="463.0"
                    WIDTH="764.0"
                    HEIGHT="50.0">
            <Shape><Polygon POINTS="155 493 155 513 919 513 919 493 919 463 155 463 155 493"/></Shape>
	    <String CONTENT="uerbis, quibus Apoſtolus ad hæc hortatur,"
                    HPOS="155.0"
                    VPOS="463.0"
                    WIDTH="764.0"
                    HEIGHT="50.0"></String>
          </TextLine>
          <TextLine ID="line_7"
                    TAGREFS="LT8"
                    BASELINE="155 541 930 536" 
                    HPOS="153.0"
                    VPOS="498.0"
                    WIDTH="777.0"
                    HEIGHT="59.0">
            <Shape><Polygon POINTS="155 541 155 557 930 552 930 536 924 498 153 509 155 541"/></Shape>
	    <String CONTENT="argumenta, quæ ualent apud credentes Chri"
                    HPOS="153.0"
                    VPOS="498.0"
                    WIDTH="777.0"
                    HEIGHT="59.0"
                    WC="0.9985329392479687"></String>
          </TextLine>
          <TextLine ID="line_8"
                    TAGREFS="LT8"
                    BASELINE="153 586 926 581" 
                    HPOS="152.0"
                    VPOS="543.0"
                    WIDTH="774.0"
                    HEIGHT="61.0">
            <Shape><Polygon POINTS="153 586 153 604 924 602 926 581 922 550 413 543 411 543 409 543 407 543 407 545 405 545 400 552 400 554 152 554 153 586"/></Shape>
	    <String CONTENT="ſto merito ̃ plurimum. Etenim cum profite¬"
                    HPOS="152.0"
                    VPOS="543.0"
                    WIDTH="774.0"
                    HEIGHT="61.0"></String>
          </TextLine>
          <TextLine ID="line_9"
                    TAGREFS="LT8"
                    BASELINE="155 627 928 631" 
                    HPOS="153.0"
                    VPOS="593.0"
                    WIDTH="775.0"
                    HEIGHT="54.0">
            <Shape><Polygon POINTS="155 627 153 643 924 647 928 631 926 593 155 593 155 627"/></Shape>
	    <String CONTENT="mur noſtri abnegationem, &amp; nouimus hoc"
                    HPOS="153.0"
                    VPOS="593.0"
                    WIDTH="775.0"
                    HEIGHT="54.0"
                    WC="0.9856669008731842"></String>
          </TextLine>
          <TextLine ID="line_10"
                    TAGREFS="LT8"
                    BASELINE="157 675 931 675" 
                    HPOS="157.0"
                    VPOS="640.0"
                    WIDTH="774.0"
                    HEIGHT="55.0">
            <Shape><Polygon POINTS="157 675 157 695 931 695 931 675 930 640 157 642 157 675"/></Shape>
	    <String CONTENT="quem maiorem apud dominum eſſe, quò"
                    HPOS="157.0"
                    VPOS="640.0"
                    WIDTH="774.0"
                    HEIGHT="55.0"
                    WC="0.9967169568345353"></String>
          </TextLine>
          <TextLine ID="line_11"
                    TAGREFS="LT8"
                    BASELINE="155 722 926 717" 
                    HPOS="153.0"
                    VPOS="681.0"
                    WIDTH="773.0"
                    HEIGHT="61.0">
            <Shape><Polygon POINTS="155 722 155 740 922 742 926 717 922 688 409 681 407 681 405 681 386 690 164 683 162 683 160 683 159 683 159 684 153 688 155 722"/></Shape>
	    <String CONTENT="ſe magis ipſe deiecerit ad proximorum obſe¬"
                    HPOS="153.0"
                    VPOS="681.0"
                    WIDTH="773.0"
                    HEIGHT="61.0"
                    WC="0.9969910383224487"></String>
          </TextLine>
          <TextLine ID="line_12"
                    TAGREFS="LT8"
                    BASELINE="155 767 926 763" 
                    HPOS="153.0"
                    VPOS="733.0"
                    WIDTH="773.0"
                    HEIGHT="52.0">
            <Shape><Polygon POINTS="155 767 155 785 924 781 926 763 921 733 153 735 155 767"/></Shape>
	    <String CONTENT="quia, deinde ſcimus totam legem Dei imple¬"
                    HPOS="153.0"
                    VPOS="733.0"
                    WIDTH="773.0"
                    HEIGHT="52.0"></String>
          </TextLine>
          <TextLine ID="line_13"
                    TAGREFS="LT8"
                    BASELINE="153 813 930 810" 
                    HPOS="152.0"
                    VPOS="772.0"
                    WIDTH="778.0"
                    HEIGHT="59.0">
            <Shape><Polygon POINTS="153 813 153 831 928 827 930 810 926 777 202 772 200 772 152 781 153 813"/></Shape>
	    <String CONTENT="ri dilectione ſolida proximi, non bene meriti"
                    HPOS="152.0"
                    VPOS="772.0"
                    WIDTH="778.0"
                    HEIGHT="59.0"
                    WC="0.9963794708251953"></String>
          </TextLine>
          <TextLine ID="line_14"
                    TAGREFS="LT8"
                    BASELINE="155 856 931 856" 
                    HPOS="155.0"
                    VPOS="819.0"
                    WIDTH="776.0"
                    HEIGHT="57.0">
            <Shape><Polygon POINTS="155 856 155 876 931 876 931 856 930 819 155 824 155 856"/></Shape>
	    <String CONTENT="tantũ, aut nõ male meriti, ſed proximi, quem"
                    HPOS="155.0"
                    VPOS="819.0"
                    WIDTH="776.0"
                    HEIGHT="57.0"></String>
          </TextLine>
          <TextLine ID="line_15"
                    TAGREFS="LT8"
                    BASELINE="155 903 928 903" 
                    HPOS="155.0"
                    VPOS="865.0"
                    WIDTH="773.0"
                    HEIGHT="59.0">
            <Shape><Polygon POINTS="155 903 155 920 926 924 928 903 926 865 155 870 155 903"/></Shape>
	    <String CONTENT="cun Dominus nobis adiunxerit, qui apud"
                    HPOS="155.0"
                    VPOS="865.0"
                    WIDTH="773.0"
                    HEIGHT="59.0"
                    WC="0.9990383692276783"></String>
          </TextLine>
          <TextLine ID="line_16"
                    TAGREFS="LT8"
                    BASELINE="153 949 928 944" 
                    HPOS="152.0"
                    VPOS="908.0"
                    WIDTH="776.0"
                    HEIGHT="59.0">
            <Shape><Polygon POINTS="153 949 153 967 926 965 928 944 924 915 409 908 407 908 364 917 182 910 180 910 178 910 152 919 153 949"/></Shape>
	    <String CONTENT="nos uiuit, quẽ iuuare licet, hæc certe cum me¬"
                    HPOS="152.0"
                    VPOS="908.0"
                    WIDTH="776.0"
                    HEIGHT="59.0"
                    WC="0.9678028523921967"></String>
          </TextLine>
          <TextLine ID="line_17"
                    TAGREFS="LT8"
                    BASELINE="155 992 930 992" 
                    HPOS="155.0"
                    VPOS="962.0"
                    WIDTH="775.0"
                    HEIGHT="57.0">
            <Shape><Polygon POINTS="155 992 155 1019 930 1012 930 992 930 962 155 962 155 992"/></Shape>
	    <String CONTENT="minimus, &amp; conſyderamus, facile agnoſci¬"
                    HPOS="155.0"
                    VPOS="962.0"
                    WIDTH="775.0"
                    HEIGHT="57.0"
                    WC="0.9988812819123268"></String>
          </TextLine>
          <TextLine ID="line_18"
                    TAGREFS="LT8"
                    BASELINE="155 1040 931 1037" 
                    HPOS="153.0"
                    VPOS="999.0"
                    WIDTH="778.0"
                    HEIGHT="63.0">
            <Shape><Polygon POINTS="155 1040 155 1062 931 1053 931 1037 928 1008 549 999 547 999 545 999 524 1008 255 1001 253 1001 153 1010 155 1040"/></Shape>
	    <String CONTENT="mus, præſertim moniti, &amp; moniti ex certa"
                    HPOS="153.0"
                    VPOS="999.0"
                    WIDTH="778.0"
                    HEIGHT="63.0"
                    WC="0.9878764569759368"></String>
          </TextLine>
          <TextLine ID="line_19"
                    TAGREFS="LT8"
                    BASELINE="157 1087 928 1081" 
                    HPOS="155.0"
                    VPOS="1044.0"
                    WIDTH="773.0"
                    HEIGHT="62.0">
            <Shape><Polygon POINTS="157 1087 157 1105 924 1106 928 1081 924 1053 411 1044 409 1044 407 1044 405 1044 388 1055 191 1046 189 1046 187 1046 155 1056 157 1087"/></Shape>
	    <String CONTENT="adeo at ampliſſima uocatione Dei per gra¬"
                    HPOS="155.0"
                    VPOS="1044.0"
                    WIDTH="773.0"
                    HEIGHT="62.0"
                    WC="0.9861465167431605"></String>
          </TextLine>
          <TextLine ID="line_20"
                    TAGREFS="LT8"
                    BASELINE="159 1132 924 1128" 
                    HPOS="157.0"
                    VPOS="1089.0"
                    WIDTH="767.0"
                    HEIGHT="62.0">
            <Shape><Polygon POINTS="159 1132 159 1149 921 1151 924 1128 921 1098 543 1089 541 1089 454 1098 189 1090 187 1090 186 1090 157 1099 159 1132"/></Shape>
	    <String CONTENT="tiam datã Apoſtolo huic oĩm pręſtãtiſſimo,"
                    HPOS="157.0"
                    VPOS="1089.0"
                    WIDTH="767.0"
                    HEIGHT="62.0"></String>
          </TextLine>
          <TextLine ID="line_21"
                    TAGREFS="LT8"
                    BASELINE="159 1176 928 1176" 
                    HPOS="159.0"
                    VPOS="1139.0"
                    WIDTH="769.0"
                    HEIGHT="60.0">
            <Shape><Polygon POINTS="159 1176 159 1192 926 1199 928 1176 928 1142 159 1139 159 1176"/></Shape>
	    <String CONTENT="officium noſtrum eſſe his ipſis ad quæ Apo¬"
                    HPOS="159.0"
                    VPOS="1139.0"
                    WIDTH="769.0"
                    HEIGHT="60.0"></String>
          </TextLine>
          <TextLine ID="line_22"
                    TAGREFS="LT8"
                    BASELINE="157 1221 856 1221" 
                    HPOS="157.0"
                    VPOS="1189.0"
                    WIDTH="699.0"
                    HEIGHT="52.0">
            <Shape><Polygon POINTS="157 1221 157 1239 854 1241 856 1221 856 1189 157 1189 157 1221"/></Shape>
	    <String CONTENT="ſtolus hic hortatur, ſtudere ſummopere."
                    HPOS="157.0"
                    VPOS="1189.0"
                    WIDTH="699.0"
                    HEIGHT="52.0"
                    WC="0.9903168357335604"></String>
          </TextLine>
        </TextBlock>
        <TextBlock HPOS="157.0"
                   VPOS="1236.0"
                   WIDTH="780.0"
                   HEIGHT="1184.0"
                   ID="block_1"
                   TAGREFS="BT979">
          <Shape><Polygon POINTS="937 1236 937 2420 157 2420 157 1236"/></Shape>
          <TextLine ID="line_38"
                    TAGREFS="LT8"
                    BASELINE="200 1267 933 1267" 
                    HPOS="200.0"
                    VPOS="1233.0"
                    WIDTH="733.0"
                    HEIGHT="58.0">
            <Shape><Polygon POINTS="200 1267 200 1291 933 1285 933 1267 931 1233 200 1233 200 1267"/></Shape>
	    <String CONTENT="Primum uero eſt, ex animo oĩbꝰ etiã ipſis"
                    HPOS="200.0"
                    VPOS="1233.0"
                    WIDTH="733.0"
                    HEIGHT="58.0"></String>
          </TextLine>
          <TextLine ID="line_39"
                    TAGREFS="LT8"
                    BASELINE="159 1314 930 1309" 
                    HPOS="157.0"
                    VPOS="1269.0"
                    WIDTH="773.0"
                    HEIGHT="65.0">
            <Shape><Polygon POINTS="729 1269 718 1269 684 1276 667 1278 157 1273 159 1314 159 1332 926 1334 930 1309 926 1278 747 1278 745 1276 735 1269 729 1269"/></Shape>
	    <String CONTENT="hoſtibus bene precari, nemini male. In his ſo¬"
                    HPOS="157.0"
                    VPOS="1269.0"
                    WIDTH="773.0"
                    HEIGHT="65.0"
                    WC="0.9694625644580178"></String>
          </TextLine>
          <TextLine ID="line_40"
                    TAGREFS="LT8"
                    BASELINE="160 1359 933 1353" 
                    HPOS="159.0"
                    VPOS="1321.0"
                    WIDTH="774.0"
                    HEIGHT="57.0">
            <Shape><Polygon POINTS="160 1359 160 1378 931 1375 933 1353 928 1321 159 1326 160 1359"/></Shape>
	    <String CONTENT="la mentio precationis, tum deuotionis, item"
                    HPOS="159.0"
                    VPOS="1321.0"
                    WIDTH="774.0"
                    HEIGHT="57.0"
                    WC="0.9995723948922268"></String>
          </TextLine>
          <TextLine ID="line_41"
                    TAGREFS="LT8"
                    BASELINE="160 1407 931 1400" 
                    HPOS="159.0"
                    VPOS="1368.0"
                    WIDTH="772.0"
                    HEIGHT="59.0">
            <Shape><Polygon POINTS="160 1407 160 1427 930 1421 931 1400 928 1368 159 1368 160 1407"/></Shape>
	    <String CONTENT="boni &amp; mali, inſigne momentum adfert im¬"
                    HPOS="159.0"
                    VPOS="1368.0"
                    WIDTH="772.0"
                    HEIGHT="59.0"
                    WC="0.9977662593126297"></String>
          </TextLine>
          <TextLine ID="line_42"
                    TAGREFS="LT8"
                    BASELINE="160 1450 933 1444" 
                    HPOS="159.0"
                    VPOS="1405.0"
                    WIDTH="774.0"
                    HEIGHT="68.0">
            <Shape><Polygon POINTS="160 1450 160 1473 933 1471 933 1444 930 1414 681 1405 679 1405 677 1405 676 1405 676 1407 674 1407 668 1414 434 1407 432 1407 352 1416 193 1409 191 1409 189 1409 159 1418 160 1450"/></Shape>
	    <String CONTENT="pellẽ di Chriſtianos ad id, quo Apoſtolus uo¬"
                    HPOS="159.0"
                    VPOS="1405.0"
                    WIDTH="774.0"
                    HEIGHT="68.0"
                    WC="0.9957450524620388"></String>
          </TextLine>
          <TextLine ID="line_43"
                    TAGREFS="LT8"
                    BASELINE="160 1495 930 1491" 
                    HPOS="159.0"
                    VPOS="1462.0"
                    WIDTH="771.0"
                    HEIGHT="54.0">
            <Shape><Polygon POINTS="160 1495 160 1512 926 1516 930 1491 924 1462 159 1464 160 1495"/></Shape>
	    <String CONTENT="cat. A bono enim in om̃es Deo patre noſtro,"
                    HPOS="159.0"
                    VPOS="1462.0"
                    WIDTH="771.0"
                    HEIGHT="54.0"></String>
          </TextLine>
          <TextLine ID="line_44"
                    TAGREFS="LT8"
                    BASELINE="162 1543 931 1539" 
                    HPOS="160.0"
                    VPOS="1500.0"
                    WIDTH="771.0"
                    HEIGHT="68.0">
            <Shape><Polygon POINTS="162 1543 162 1568 930 1557 931 1539 928 1507 230 1500 228 1500 160 1509 162 1543"/></Shape>
	    <String CONTENT="quid boni filij aliud ̃ bona precemur, ijs, ꝓ"
                    HPOS="160.0"
                    VPOS="1500.0"
                    WIDTH="771.0"
                    HEIGHT="68.0"></String>
          </TextLine>
          <TextLine ID="line_45"
                    TAGREFS="LT8"
                    BASELINE="160 1588 935 1582" 
                    HPOS="159.0"
                    VPOS="1552.0"
                    WIDTH="776.0"
                    HEIGHT="53.0">
            <Shape><Polygon POINTS="160 1588 160 1605 933 1600 935 1582 930 1552 159 1555 160 1588"/></Shape>
	    <String CONTENT="quorum bono &amp; ſalute in loco nobis ipſa"
                    HPOS="159.0"
                    VPOS="1552.0"
                    WIDTH="776.0"
                    HEIGHT="53.0"
                    WC="0.9838846310591086"></String>
          </TextLine>
          <TextLine ID="line_46"
                    TAGREFS="LT8"
                    BASELINE="162 1634 933 1627" 
                    HPOS="160.0"
                    VPOS="1591.0"
                    WIDTH="773.0"
                    HEIGHT="63.0">
            <Shape><Polygon POINTS="162 1634 162 1654 931 1654 933 1627 930 1598 547 1591 545 1591 160 1604 162 1634"/></Shape>
	    <String CONTENT="quo mors oppetenda eſt, hoc eſt proximis"
                    HPOS="160.0"
                    VPOS="1591.0"
                    WIDTH="773.0"
                    HEIGHT="63.0"
                    WC="0.9967631552277542"></String>
          </TextLine>
          <TextLine ID="line_47"
                    TAGREFS="LT8"
                    BASELINE="160 1681 935 1675" 
                    HPOS="159.0"
                    VPOS="1634.0"
                    WIDTH="776.0"
                    HEIGHT="72.0">
            <Shape><Polygon POINTS="160 1681 160 1706 933 1691 935 1675 931 1641 781 1634 779 1634 778 1634 749 1643 747 1643 744 1643 717 1634 715 1634 713 1634 622 1645 609 1645 608 1645 597 1636 595 1636 593 1636 454 1636 452 1636 450 1636 448 1636 438 1647 291 1647 277 1638 275 1638 273 1638 271 1638 159 1648 160 1681"/></Shape>
	    <String CONTENT="omnibus, etiam infeſtiſſimis ? Deinde cum"
                    HPOS="159.0"
                    VPOS="1634.0"
                    WIDTH="776.0"
                    HEIGHT="72.0"></String>
          </TextLine>
          <TextLine ID="line_48"
                    TAGREFS="LT8"
                    BASELINE="162 1723 935 1718" 
                    HPOS="160.0"
                    VPOS="1682.0"
                    WIDTH="775.0"
                    HEIGHT="61.0">
            <Shape><Polygon POINTS="162 1723 162 1743 933 1738 935 1718 931 1689 422 1682 420 1682 418 1682 416 1682 400 1691 194 1684 193 1684 191 1684 160 1693 162 1723"/></Shape>
	    <String CONTENT="oporteat nos eſſe tam abſoluta charitate &amp;"
                    HPOS="160.0"
                    VPOS="1682.0"
                    WIDTH="775.0"
                    HEIGHT="61.0"
                    WC="0.9937910565308162"></String>
          </TextLine>
          <TextLine ID="line_49"
                    TAGREFS="LT8"
                    BASELINE="160 1770 935 1761" 
                    HPOS="159.0"
                    VPOS="1729.0"
                    WIDTH="776.0"
                    HEIGHT="68.0">
            <Shape><Polygon POINTS="160 1770 160 1797 933 1781 935 1761 930 1729 159 1732 160 1770"/></Shape>
	    <String CONTENT="bonitate, quæ omnino efficit ut eiſdem rebus"
                    HPOS="159.0"
                    VPOS="1729.0"
                    WIDTH="776.0"
                    HEIGHT="68.0"
                    WC="0.9951022876934572"></String>
          </TextLine>
          <TextLine ID="line_50"
                    TAGREFS="LT8"
                    BASELINE="160 1815 938 1808" 
                    HPOS="159.0"
                    VPOS="1770.0"
                    WIDTH="779.0"
                    HEIGHT="63.0">
            <Shape><Polygon POINTS="160 1815 160 1833 938 1825 938 1808 933 1770 547 1781 484 1779 372 1774 370 1774 368 1774 354 1781 350 1782 329 1782 228 1775 227 1775 159 1784 160 1815"/></Shape>
	    <String CONTENT="eodem modo afficiamur, qui nõ egregie huc"
                    HPOS="159.0"
                    VPOS="1770.0"
                    WIDTH="779.0"
                    HEIGHT="63.0"
                    WC="0.9955668733233497"></String>
          </TextLine>
          <TextLine ID="line_51"
                    TAGREFS="LT8"
                    BASELINE="164 1861 935 1852" 
                    HPOS="162.0"
                    VPOS="1816.0"
                    WIDTH="773.0"
                    HEIGHT="63.0">
            <Shape><Polygon POINTS="164 1861 164 1879 933 1874 935 1852 930 1816 309 1829 298 1829 193 1822 191 1822 189 1822 162 1831 164 1861"/></Shape>
	    <String CONTENT="cõmouerent nos ſolæ hæ uoces, flentes, gau¬"
                    HPOS="162.0"
                    VPOS="1816.0"
                    WIDTH="773.0"
                    HEIGHT="63.0"
                    WC="0.9817804287780415"></String>
          </TextLine>
          <TextLine ID="line_52"
                    TAGREFS="LT8"
                    BASELINE="160 1908 935 1895" 
                    HPOS="159.0"
                    VPOS="1863.0"
                    WIDTH="776.0"
                    HEIGHT="63.0">
            <Shape><Polygon POINTS="160 1908 160 1926 933 1913 935 1895 930 1863 286 1867 284 1867 250 1875 177 1868 175 1868 173 1868 171 1868 159 1874 160 1908"/></Shape>
	    <String CONTENT="dentes? Præterea profeſſi crucem Chriſti, qui"
                    HPOS="159.0"
                    VPOS="1863.0"
                    WIDTH="776.0"
                    HEIGHT="63.0"></String>
          </TextLine>
          <TextLine ID="line_53"
                    TAGREFS="LT8"
                    BASELINE="160 1952 938 1942" 
                    HPOS="159.0"
                    VPOS="1913.0"
                    WIDTH="779.0"
                    HEIGHT="64.0">
            <Shape><Polygon POINTS="160 1952 160 1968 286 1977 287 1977 289 1977 291 1977 291 1976 293 1976 298 1968 414 1976 416 1976 938 1960 938 1942 933 1913 159 1915 160 1952"/></Shape>
	    <String CONTENT="non ipſo etiam nomine auerteremur ab om̃i"
                    HPOS="159.0"
                    VPOS="1913.0"
                    WIDTH="779.0"
                    HEIGHT="64.0"></String>
          </TextLine>
          <TextLine ID="line_54"
                    TAGREFS="LT8"
                    BASELINE="162 1995 937 1988" 
                    HPOS="160.0"
                    VPOS="1952.0"
                    WIDTH="777.0"
                    HEIGHT="65.0">
            <Shape><Polygon POINTS="162 1995 162 2017 935 2006 937 1988 931 1952 160 1965 162 1995"/></Shape>
	    <String CONTENT="inſolentia &amp; complacentia noſtri, tum depel¬"
                    HPOS="160.0"
                    VPOS="1952.0"
                    WIDTH="777.0"
                    HEIGHT="65.0"
                    WC="0.98685292086818"></String>
          </TextLine>
          <TextLine ID="line_55"
                    TAGREFS="LT8"
                    BASELINE="160 2044 940 2035" 
                    HPOS="159.0"
                    VPOS="1995.0"
                    WIDTH="781.0"
                    HEIGHT="74.0">
            <Shape><Polygon POINTS="160 2044 160 2060 284 2069 286 2069 940 2053 940 2035 933 1995 901 2004 856 1997 845 1995 844 1995 831 1997 781 2006 770 1999 770 1997 769 1997 767 1997 765 1997 754 1999 710 2006 658 2001 625 1997 624 1997 622 1997 611 2001 595 2008 549 2002 513 1999 511 1999 509 1999 490 2004 468 2010 461 2004 456 2001 454 2001 452 2001 450 2001 425 2004 400 2010 380 2006 350 2001 348 2001 346 2001 327 2008 311 2011 295 2008 270 2002 268 2002 159 2010 160 2044"/></Shape>
	    <String CONTENT="leremur ad quoſuis quan̃ humiles, &amp; ad"
                    HPOS="159.0"
                    VPOS="1995.0"
                    WIDTH="781.0"
                    HEIGHT="74.0"></String>
          </TextLine>
          <TextLine ID="line_56"
                    TAGREFS="LT8"
                    BASELINE="162 2088 938 2079" 
                    HPOS="160.0"
                    VPOS="2044.0"
                    WIDTH="778.0"
                    HEIGHT="64.0">
            <Shape><Polygon POINTS="162 2088 162 2104 781 2108 783 2108 938 2095 938 2079 935 2044 627 2044 625 2044 624 2044 606 2049 595 2053 572 2051 522 2045 520 2045 482 2053 468 2054 439 2053 338 2047 336 2047 334 2047 309 2056 307 2056 298 2056 187 2049 186 2049 184 2049 160 2058 162 2088"/></Shape>
	    <String CONTENT="quęuis miniſteria quantumlibet abiecta, mo¬"
                    HPOS="160.0"
                    VPOS="2044.0"
                    WIDTH="778.0"
                    HEIGHT="64.0"
                    WC="0.9964086196639321"></String>
          </TextLine>
          <TextLine ID="line_57"
                    TAGREFS="LT8"
                    BASELINE="162 2131 937 2124" 
                    HPOS="160.0"
                    VPOS="2090.0"
                    WIDTH="777.0"
                    HEIGHT="66.0">
            <Shape><Polygon POINTS="162 2131 162 2156 414 2147 425 2153 436 2156 438 2156 439 2156 563 2154 565 2154 566 2154 566 2153 572 2149 574 2147 577 2149 584 2154 586 2154 588 2154 590 2154 591 2154 613 2147 624 2146 643 2147 702 2154 704 2154 751 2146 763 2144 788 2146 917 2153 919 2153 921 2153 922 2153 937 2142 937 2124 931 2090 160 2095 162 2131"/></Shape>
	    <String CONTENT="do liceat iuuare proximos? Adhæc cum uo¬"
                    HPOS="160.0"
                    VPOS="2090.0"
                    WIDTH="777.0"
                    HEIGHT="66.0"></String>
          </TextLine>
          <TextLine ID="line_58"
                    TAGREFS="LT8"
                    BASELINE="160 2181 937 2167" 
                    HPOS="159.0"
                    VPOS="2133.0"
                    WIDTH="778.0"
                    HEIGHT="68.0">
            <Shape><Polygon POINTS="160 2181 160 2201 937 2188 937 2167 931 2133 159 2144 160 2181"/></Shape>
	    <String CONTENT="lumus eſſe boni omnibus, &amp; pacis ſtudioſiſſi¬"
                    HPOS="159.0"
                    VPOS="2133.0"
                    WIDTH="778.0"
                    HEIGHT="68.0"
                    WC="0.9969525946511163"></String>
          </TextLine>
          <TextLine ID="line_59"
                    TAGREFS="LT8"
                    BASELINE="162 2226 938 2215" 
                    HPOS="160.0"
                    VPOS="2203.0"
                    WIDTH="778.0"
                    HEIGHT="43.0">
            <Shape><Polygon POINTS="930 2212 912 2212 894 2212 876 2212 858 2212 840 2212 822 2212 804 2212 786 2212 769 2212 751 2212 733 2212 715 2212 697 2212 679 2212 661 2212 643 2212 625 2212 608 2212 590 2212 572 2212 554 2212 536 2212 518 2212 500 2212 482 2212 465 2212 447 2212 429 2212 411 2212 393 2212 375 2212 357 2212 339 2212 321 2212 304 2212 286 2212 280 2203 160 2203 162 2226 162 2246 938 2240 938 2215 937 2212 930 2212"/></Shape>
	    <String CONTENT="mi, qui non tantum audiſſe de beneficijs cun¬"
                    HPOS="160.0"
                    VPOS="2203.0"
                    WIDTH="778.0"
                    HEIGHT="43.0"></String>
          </TextLine>
          <TextLine ID="line_60"
                    TAGREFS="LT8"
                    BASELINE="164 2272 937 2262" 
                    HPOS="162.0"
                    VPOS="2231.0"
                    WIDTH="775.0"
                    HEIGHT="61.0">
            <Shape><Polygon POINTS="164 2272 164 2292 935 2281 937 2262 931 2231 162 2235 164 2272"/></Shape>
	    <String CONTENT="ctis pręſtandis, &amp; approbandis, de pace cum"
                    HPOS="162.0"
                    VPOS="2231.0"
                    WIDTH="775.0"
                    HEIGHT="61.0"></String>
          </TextLine>
          <TextLine ID="line_61"
                    TAGREFS="LT8"
                    BASELINE="164 2315 940 2305" 
                    HPOS="162.0"
                    VPOS="2269.0"
                    WIDTH="778.0"
                    HEIGHT="75.0">
            <Shape><Polygon POINTS="164 2315 164 2335 273 2344 275 2344 277 2344 296 2335 298 2335 305 2335 366 2342 368 2342 940 2331 940 2305 935 2269 162 2287 164 2315"/></Shape>
	    <String CONTENT="omnibus colenda, de non cedendo malo, ſed"
                    HPOS="162.0"
                    VPOS="2269.0"
                    WIDTH="778.0"
                    HEIGHT="75.0"
                    WC="0.9908246892254527"></String>
          </TextLine>
          <TextLine ID="line_62"
                    TAGREFS="LT8"
                    BASELINE="164 2362 938 2355" 
                    HPOS="162.0"
                    VPOS="2323.0"
                    WIDTH="776.0"
                    HEIGHT="71.0">
            <Shape><Polygon POINTS="164 2362 164 2394 357 2382 935 2382 938 2355 933 2323 162 2324 164 2362"/></Shape>
	    <String CONTENT="uincendo malo per bonum, nos ad hæc ipſa"
                    HPOS="162.0"
                    VPOS="2323.0"
                    WIDTH="776.0"
                    HEIGHT="71.0"></String>
          </TextLine>
          <TextLine ID="line_63"
                    TAGREFS="LT8"
                    BASELINE="164 2408 643 2401" 
                    HPOS="162.0"
                    VPOS="2369.0"
                    WIDTH="481.0"
                    HEIGHT="66.0">
            <Shape><Polygon POINTS="164 2408 164 2435 389 2435 389 2433 391 2433 416 2426 427 2424 447 2426 520 2432 522 2432 565 2423 566 2423 611 2430 613 2430 615 2430 643 2419 643 2401 638 2369 162 2378 164 2408"/></Shape>
	    <String CONTENT="totos incitet, &amp; inflammet?"
                    HPOS="162.0"
                    VPOS="2369.0"
                    WIDTH="481.0"
                    HEIGHT="66.0"></String>
          </TextLine>
        </TextBlock>
        <TextBlock HPOS="167.0"
                   VPOS="2418.0"
                   WIDTH="772.0"
                   HEIGHT="516.0"
                   ID="block_5"
                   TAGREFS="BT979">
          <Shape><Polygon POINTS="939 2418 939 2934 167 2934 167 2418"/></Shape>
          <TextLine ID="line_64"
                    TAGREFS="LT8"
                    BASELINE="207 2453 942 2442" 
                    HPOS="205.0"
                    VPOS="2392.0"
                    WIDTH="737.0"
                    HEIGHT="83.0">
            <Shape><Polygon POINTS="634 2403 629 2403 624 2407 602 2419 583 2408 575 2405 574 2405 572 2405 570 2405 558 2408 518 2421 448 2414 425 2412 423 2412 379 2417 316 2424 305 2421 291 2414 289 2414 287 2414 286 2414 270 2423 264 2424 261 2423 232 2408 223 2408 218 2408 205 2419 207 2453 207 2475 942 2467 942 2442 938 2392 888 2392 887 2392 885 2392 883 2392 881 2394 854 2414 811 2417 758 2417 740 2401 733 2394 731 2394 729 2394 695 2394 693 2394 643 2396 642 2396 640 2396 636 2398 634 2403"/></Shape>
	    <String CONTENT="Poſtremo tamen quia difficillimum eſt il¬"
                    HPOS="205.0"
                    VPOS="2392.0"
                    WIDTH="737.0"
                    HEIGHT="83.0"
                    WC="0.987868441314232"></String>
          </TextLine>
          <TextLine ID="line_65"
                    TAGREFS="LT8"
                    BASELINE="164 2498 938 2491" 
                    HPOS="162.0"
                    VPOS="2458.0"
                    WIDTH="776.0"
                    HEIGHT="63.0">
            <Shape><Polygon POINTS="164 2498 164 2521 937 2516 938 2491 933 2458 162 2458 164 2498"/></Shape>
	    <String CONTENT="latam iniuriam penitus remittere, &amp; condo¬"
                    HPOS="162.0"
                    VPOS="2458.0"
                    WIDTH="776.0"
                    HEIGHT="63.0"
                    WC="0.9935462205182939"></String>
          </TextLine>
          <TextLine ID="line_66"
                    TAGREFS="LT8"
                    BASELINE="166 2546 942 2534" 
                    HPOS="164.0"
                    VPOS="2498.0"
                    WIDTH="778.0"
                    HEIGHT="68.0">
            <Shape><Polygon POINTS="166 2546 166 2566 940 2553 942 2534 938 2505 718 2498 717 2498 164 2516 166 2546"/></Shape>
	    <String CONTENT="nare, omnem́ uindictam noſtri Deo cõmit¬"
                    HPOS="164.0"
                    VPOS="2498.0"
                    WIDTH="778.0"
                    HEIGHT="68.0"></String>
          </TextLine>
          <TextLine ID="line_67"
                    TAGREFS="LT8"
                    BASELINE="166 2591 942 2580" 
                    HPOS="164.0"
                    VPOS="2548.0"
                    WIDTH="778.0"
                    HEIGHT="62.0">
            <Shape><Polygon POINTS="166 2591 166 2610 942 2600 942 2580 938 2548 429 2548 427 2548 425 2548 423 2548 423 2550 414 2557 405 2557 293 2550 291 2550 164 2560 166 2591"/></Shape>
	    <String CONTENT="tere, adducit ad hoc penitius infigendum ani¬"
                    HPOS="164.0"
                    VPOS="2548.0"
                    WIDTH="778.0"
                    HEIGHT="62.0"
                    WC="0.9800674451722039"></String>
          </TextLine>
          <TextLine ID="line_68"
                    TAGREFS="LT8"
                    BASELINE="166 2637 940 2625" 
                    HPOS="164.0"
                    VPOS="2587.0"
                    WIDTH="776.0"
                    HEIGHT="68.0">
            <Shape><Polygon POINTS="166 2637 166 2655 938 2650 940 2625 937 2596 828 2587 826 2587 824 2587 799 2596 606 2591 604 2591 602 2591 600 2591 590 2600 588 2600 524 2593 522 2593 164 2605 166 2637"/></Shape>
	    <String CONTENT="mis noſtris oracula duo. Priore oſtendit nos"
                    HPOS="164.0"
                    VPOS="2587.0"
                    WIDTH="776.0"
                    HEIGHT="68.0"
                    WC="0.9907797344706275"></String>
          </TextLine>
          <TextLine ID="line_69"
                    TAGREFS="LT8"
                    BASELINE="168 2682 942 2673" 
                    HPOS="166.0"
                    VPOS="2634.0"
                    WIDTH="776.0"
                    HEIGHT="73.0">
            <Shape><Polygon POINTS="168 2682 168 2698 295 2707 296 2707 942 2695 942 2673 938 2643 813 2634 811 2634 166 2648 168 2682"/></Shape>
	    <String CONTENT="non ſolum non debere, ſed nec poſſe quidem"
                    HPOS="166.0"
                    VPOS="2634.0"
                    WIDTH="776.0"
                    HEIGHT="73.0"
                    WC="0.9886679550011953"></String>
          </TextLine>
          <TextLine ID="line_70"
                    TAGREFS="LT8"
                    BASELINE="169 2728 937 2718" 
                    HPOS="168.0"
                    VPOS="2678.0"
                    WIDTH="769.0"
                    HEIGHT="77.0">
            <Shape><Polygon POINTS="169 2728 171 2755 203 2746 420 2752 423 2752 425 2752 427 2752 554 2741 799 2746 801 2746 803 2746 804 2746 804 2745 806 2745 811 2737 935 2745 937 2718 933 2689 845 2678 844 2678 842 2678 803 2689 738 2680 736 2680 586 2691 552 2682 550 2682 549 2682 547 2682 545 2682 531 2691 452 2684 450 2684 448 2684 420 2695 182 2687 180 2687 178 2687 177 2687 168 2695 169 2728"/></Shape>
	    <String CONTENT="iniuriã illatam ulciſci. Date inquit locum iræ,"
                    HPOS="168.0"
                    VPOS="2678.0"
                    WIDTH="769.0"
                    HEIGHT="77.0"></String>
          </TextLine>
          <TextLine ID="line_71"
                    TAGREFS="LT8"
                    BASELINE="173 2771 942 2764" 
                    HPOS="171.0"
                    VPOS="2732.0"
                    WIDTH="771.0"
                    HEIGHT="59.0">
            <Shape><Polygon POINTS="173 2771 173 2791 940 2782 942 2764 938 2734 203 2732 202 2732 200 2732 171 2741 173 2771"/></Shape>
	    <String CONTENT="id eſt, ultioni, non addit, Dei, adeo uult agno"
                    HPOS="171.0"
                    VPOS="2732.0"
                    WIDTH="771.0"
                    HEIGHT="59.0"
                    WC="0.9993946197185111"></String>
          </TextLine>
          <TextLine ID="line_72"
                    TAGREFS="LT8"
                    BASELINE="173 2818 944 2811" 
                    HPOS="171.0"
                    VPOS="2771.0"
                    WIDTH="773.0"
                    HEIGHT="67.0">
            <Shape><Polygon POINTS="173 2818 173 2838 942 2830 944 2811 938 2771 171 2786 173 2818"/></Shape>
	    <String CONTENT="ſci, unius Dei eſſe iraſci malis, hoc eſt, repende"
                    HPOS="171.0"
                    VPOS="2771.0"
                    WIDTH="773.0"
                    HEIGHT="67.0"
                    WC="0.9866789221763611"></String>
          </TextLine>
          <TextLine ID="line_73"
                    TAGREFS="LT8"
                    BASELINE="171 2866 942 2855" 
                    HPOS="169.0"
                    VPOS="2825.0"
                    WIDTH="773.0"
                    HEIGHT="59.0">
            <Shape><Polygon POINTS="171 2866 171 2884 940 2882 942 2855 937 2825 169 2834 171 2866"/></Shape>
	    <String CONTENT="re. Cum em̃ nemini uel pilum mouere poſſu¬"
                    HPOS="169.0"
                    VPOS="2825.0"
                    WIDTH="773.0"
                    HEIGHT="59.0"
                    WC="0.9861127790950593"></String>
          </TextLine>
          <TextLine ID="line_74"
                    TAGREFS="LT8"
                    BASELINE="171 2913 951 2904" 
                    HPOS="169.0"
                    VPOS="2872.0"
                    WIDTH="782.0"
                    HEIGHT="118.0">
            <Shape><Polygon POINTS="171 2913 171 2990 352 2988 354 2988 355 2988 366 2981 404 2954 448 2961 450 2961 452 2961 477 2952 525 2972 527 2972 529 2972 531 2972 532 2972 534 2972 583 2947 597 2957 599 2957 600 2957 602 2957 692 2940 736 2961 738 2961 740 2961 742 2961 744 2961 747 2959 803 2938 949 2948 951 2904 946 2872 169 2879 171 2913"/></Shape>
	    <String CONTENT="mus, ſi id non agat perficiat́ Dominus, co¬"
                    HPOS="169.0"
                    VPOS="2872.0"
                    WIDTH="782.0"
                    HEIGHT="118.0"></String>
          </TextLine>
        </TextBlock>
        <TextBlock HPOS="960.0"
                   VPOS="187.0"
                   WIDTH="776.0"
                   HEIGHT="685.0"
                   ID="block_6"
                   TAGREFS="BT981">
          <Shape><Polygon POINTS="1736 187 1736 872 960 872 960 187"/></Shape>
          <TextLine ID="eSc_line_e29e6714"
                    TAGREFS="LT8"
                    BASELINE="964 221 1729 223" 
                    HPOS="961.0"
                    VPOS="158.0"
                    WIDTH="765.0"
                    HEIGHT="88.0">
            <Shape><Polygon POINTS="963 219 961 241 1721 246 1726 222 1723 174 1632 158 1629 158 1535 171 1503 158 1500 158 1498 158 1414 171 1409 171 1401 171 1272 158 1270 158 1267 158 1218 171 1213 171 963 171 963 219"/></Shape>
	    <String CONTENT="natu ultionis ſicut Deum grauiſſime offende¬"
                    HPOS="961.0"
                    VPOS="158.0"
                    WIDTH="765.0"
                    HEIGHT="88.0"
                    WC="0.9824994111602957"></String>
          </TextLine>
          <TextLine ID="eSc_line_2f73852c"
                    TAGREFS="LT8"
                    BASELINE="964 268 1725 270" 
                    HPOS="961.0"
                    VPOS="225.0"
                    WIDTH="762.0"
                    HEIGHT="67.0">
            <Shape><Polygon POINTS="963 265 961 284 1718 292 1723 268 1721 228 963 225 963 265"/></Shape>
	    <String CONTENT="re, ita nos ipſos perdere poſſumꝰ, exequi uin"
                    HPOS="961.0"
                    VPOS="225.0"
                    WIDTH="762.0"
                    HEIGHT="67.0"></String>
          </TextLine>
          <TextLine ID="line_23"
                    TAGREFS="LT8"
                    BASELINE="964 309 1729 312" 
                    HPOS="961.0"
                    VPOS="270.0"
                    WIDTH="765.0"
                    HEIGHT="67.0">
            <Shape><Polygon POINTS="963 308 961 337 1723 337 1726 311 1723 273 963 270 963 308"/></Shape>
	    <String CONTENT="dictam nõ poſſumus. Porrò ratio huius ma¬"
                    HPOS="961.0"
                    VPOS="270.0"
                    WIDTH="765.0"
                    HEIGHT="67.0"></String>
          </TextLine>
          <TextLine ID="line_24"
                    TAGREFS="LT8"
                    BASELINE="958 354 1727 359" 
                    HPOS="956.0"
                    VPOS="321.0"
                    WIDTH="771.0"
                    HEIGHT="63.0">
            <Shape><Polygon POINTS="1656 323 1638 323 1620 323 1602 323 1584 323 1566 323 1548 323 1530 323 1513 323 1495 323 1477 323 1459 323 1441 323 1423 323 1405 323 1387 323 1369 323 1352 323 1334 323 1316 323 1298 323 1280 323 1262 323 1244 323 1226 323 1209 323 1191 323 1173 323 1155 323 1137 323 1119 323 1101 323 1083 323 1065 323 1048 323 1030 323 1012 323 994 323 976 323 958 323 958 354 956 371 1724 384 1727 359 1725 323 1656 321 1656 323"/></Shape>
	    <String CONTENT="nifeſta eſt ex oraculo, quo Deus ipſe ſibi ulti¬"
                    HPOS="956.0"
                    VPOS="321.0"
                    WIDTH="771.0"
                    HEIGHT="63.0"
                    WC="0.991830808420976"></String>
          </TextLine>
          <TextLine ID="line_25"
                    TAGREFS="LT8"
                    BASELINE="960 402 1722 407" 
                    HPOS="958.0"
                    VPOS="368.0"
                    WIDTH="764.0"
                    HEIGHT="59.0">
            <Shape><Polygon POINTS="960 402 958 418 1718 427 1722 407 1720 373 960 368 960 402"/></Shape>
	    <String CONTENT="onem propriam facit. Mihi inquit uindictã,"
                    HPOS="958.0"
                    VPOS="368.0"
                    WIDTH="764.0"
                    HEIGHT="59.0"
                    WC="0.9963918272839036"></String>
          </TextLine>
          <TextLine ID="line_26"
                    TAGREFS="LT8"
                    BASELINE="960 447 1727 450" 
                    HPOS="958.0"
                    VPOS="407.0"
                    WIDTH="769.0"
                    HEIGHT="66.0">
            <Shape><Polygon POINTS="960 447 958 464 976 473 978 473 980 473 1725 466 1727 450 1725 418 960 407 960 447"/></Shape>
	    <String CONTENT="&amp; ego repẽdam. Mihi inquit, &amp; ego, adeo ſi¬"
                    HPOS="958.0"
                    VPOS="407.0"
                    WIDTH="769.0"
                    HEIGHT="66.0"></String>
          </TextLine>
          <TextLine ID="line_27"
                    TAGREFS="LT8"
                    BASELINE="965 493 1729 497" 
                    HPOS="964.0"
                    VPOS="454.0"
                    WIDTH="765.0"
                    HEIGHT="59.0">
            <Shape><Polygon POINTS="964 513 1727 513 1729 497 1725 454 965 454 965 493"/></Shape>
	    <String CONTENT="gnificanter ſuam ſolius eſſe ultionem malorũ"
                    HPOS="964.0"
                    VPOS="454.0"
                    WIDTH="765.0"
                    HEIGHT="59.0"
                    WC="0.9959614687495761"></String>
          </TextLine>
          <TextLine ID="line_28"
                    TAGREFS="LT8"
                    BASELINE="960 538 1729 541" 
                    HPOS="958.0"
                    VPOS="502.0"
                    WIDTH="771.0"
                    HEIGHT="55.0">
            <Shape><Polygon POINTS="960 538 958 554 1725 557 1729 541 1725 502 960 504 960 538"/></Shape>
	    <String CONTENT="teſtatur Deus ipſe. Sic ergo cum Deo propria"
                    HPOS="958.0"
                    VPOS="502.0"
                    WIDTH="771.0"
                    HEIGHT="55.0"
                    WC="0.9875037873333151"></String>
          </TextLine>
          <TextLine ID="line_29"
                    TAGREFS="LT8"
                    BASELINE="962 581 1729 588" 
                    HPOS="960.0"
                    VPOS="549.0"
                    WIDTH="769.0"
                    HEIGHT="62.0">
            <Shape><Polygon POINTS="962 581 960 597 1725 611 1729 588 1727 552 962 549 962 581"/></Shape>
	    <String CONTENT="uindicta ſit, nemo eam hominum facere pote"
                    HPOS="960.0"
                    VPOS="549.0"
                    WIDTH="769.0"
                    HEIGHT="62.0"></String>
          </TextLine>
          <TextLine ID="line_30"
                    TAGREFS="LT8"
                    BASELINE="960 629 1729 633" 
                    HPOS="958.0"
                    VPOS="595.0"
                    WIDTH="771.0"
                    HEIGHT="59.0">
            <Shape><Polygon POINTS="960 629 958 645 1725 654 1729 633 1727 599 960 595 960 629"/></Shape>
	    <String CONTENT="rit. Quum autem ſic poſcit iuſtum iudicium"
                    HPOS="958.0"
                    VPOS="595.0"
                    WIDTH="771.0"
                    HEIGHT="59.0"
                    WC="0.9946414132912954"></String>
          </TextLine>
          <TextLine ID="line_31"
                    TAGREFS="LT8"
                    BASELINE="960 674 1729 677" 
                    HPOS="958.0"
                    VPOS="640.0"
                    WIDTH="771.0"
                    HEIGHT="55.0">
            <Shape><Polygon POINTS="960 674 958 690 1725 695 1729 677 1727 643 960 640 960 674"/></Shape>
	    <String CONTENT="Domini, ut pœnæ de improbis ſumant̃, id́"
                    HPOS="958.0"
                    VPOS="640.0"
                    WIDTH="771.0"
                    HEIGHT="55.0"></String>
          </TextLine>
          <TextLine ID="line_32"
                    TAGREFS="LT8"
                    BASELINE="962 718 1729 722" 
                    HPOS="960.0"
                    VPOS="683.0"
                    WIDTH="769.0"
                    HEIGHT="57.0">
            <Shape><Polygon POINTS="962 718 960 740 1727 740 1729 722 1729 684 962 683 962 718"/></Shape>
	    <String CONTENT="per ipſum dominũ, huic tam ſancto eius ope"
                    HPOS="960.0"
                    VPOS="683.0"
                    WIDTH="769.0"
                    HEIGHT="57.0"
                    WC="0.9877999854642291"></String>
          </TextLine>
          <TextLine ID="line_33"
                    TAGREFS="LT8"
                    BASELINE="962 767 1731 767" 
                    HPOS="962.0"
                    VPOS="731.0"
                    WIDTH="769.0"
                    HEIGHT="59.0">
            <Shape><Polygon POINTS="962 767 962 785 1729 790 1731 767 1729 731 962 735 962 767"/></Shape>
	    <String CONTENT="ri locum demus, nec impedire illud fruſtra &amp;"
                    HPOS="962.0"
                    VPOS="731.0"
                    WIDTH="769.0"
                    HEIGHT="59.0"
                    WC="0.9835927784442902"></String>
          </TextLine>
          <TextLine ID="line_34"
                    TAGREFS="LT8"
                    BASELINE="960 810 1727 810" 
                    HPOS="960.0"
                    VPOS="774.0"
                    WIDTH="767.0"
                    HEIGHT="62.0">
            <Shape><Polygon POINTS="960 810 960 831 1725 836 1727 810 1727 777 960 774 960 810"/></Shape>
	    <String CONTENT="impie conemur, nobis ſumpta poteſtate iudi¬"
                    HPOS="960.0"
                    VPOS="774.0"
                    WIDTH="767.0"
                    HEIGHT="62.0"
                    WC="0.9869605316672214"></String>
          </TextLine>
          <TextLine ID="line_35"
                    TAGREFS="LT8"
                    BASELINE="958 858 1352 854" 
                    HPOS="956.0"
                    VPOS="820.0"
                    WIDTH="396.0"
                    HEIGHT="61.0">
            <Shape><Polygon POINTS="958 858 958 878 1350 881 1352 854 1346 820 956 824 958 858"/></Shape>
	    <String CONTENT="cis, quæ unius Dei eſt."
                    HPOS="956.0"
                    VPOS="820.0"
                    WIDTH="396.0"
                    HEIGHT="61.0"
                    WC="0.9791855267856432"></String>
          </TextLine>
        </TextBlock>
        <TextBlock HPOS="970.0"
                   VPOS="875.0"
                   WIDTH="770.0"
                   HEIGHT="730.0"
                   ID="block_3"
                   TAGREFS="BT979">
          <Shape><Polygon POINTS="1740 875 1740 1605 970 1605 970 875"/></Shape>
          <TextLine ID="line_75"
                    TAGREFS="LT8"
                    BASELINE="1005 901 1731 904" 
                    HPOS="1003.0"
                    VPOS="861.0"
                    WIDTH="728.0"
                    HEIGHT="59.0">
            <Shape><Polygon POINTS="1005 901 1003 920 1729 920 1731 904 1725 863 1704 872 1563 865 1529 863 1527 863 1498 865 1414 872 1387 867 1369 861 1368 861 1366 861 1364 861 1362 861 1355 867 1348 870 1310 867 1257 861 1255 861 1005 869 1005 901"/></Shape>
	    <String CONTENT="Alterum oraculum eſt, quo iubemur pa¬"
                    HPOS="1003.0"
                    VPOS="861.0"
                    WIDTH="728.0"
                    HEIGHT="59.0"
                    WC="0.9824412996704514"></String>
          </TextLine>
          <TextLine ID="line_76"
                    TAGREFS="LT8"
                    BASELINE="965 946 1733 949" 
                    HPOS="964.0"
                    VPOS="908.0"
                    WIDTH="769.0"
                    HEIGHT="59.0">
            <Shape><Polygon POINTS="965 946 964 963 1729 967 1733 949 1729 910 1362 917 965 908 965 946"/></Shape>
	    <String CONTENT="ſcere &amp; potare inimicũ, quibus cum uita præ"
                    HPOS="964.0"
                    VPOS="908.0"
                    WIDTH="769.0"
                    HEIGHT="59.0"
                    WC="0.9954465681856329"></String>
          </TextLine>
          <TextLine ID="line_77"
                    TAGREFS="LT8"
                    BASELINE="964 992 1729 988" 
                    HPOS="962.0"
                    VPOS="956.0"
                    WIDTH="767.0"
                    HEIGHT="56.0">
            <Shape><Polygon POINTS="964 992 964 1012 1727 1010 1729 988 1725 958 962 956 964 992"/></Shape>
	    <String CONTENT="ſens ſuſtentatur, iubemur his inimicis pręſta¬"
                    HPOS="962.0"
                    VPOS="956.0"
                    WIDTH="767.0"
                    HEIGHT="56.0"
                    WC="0.9948787498981395"></String>
          </TextLine>
          <TextLine ID="line_78"
                    TAGREFS="LT8"
                    BASELINE="965 1037 1733 1040" 
                    HPOS="964.0"
                    VPOS="1001.0"
                    WIDTH="769.0"
                    HEIGHT="63.0">
            <Shape><Polygon POINTS="964 1060 1729 1064 1733 1040 1729 1001 965 1003 965 1037"/></Shape>
	    <String CONTENT="re, quæcun ad id aliquid conferunt, ut illi be"
                    HPOS="964.0"
                    VPOS="1001.0"
                    WIDTH="769.0"
                    HEIGHT="63.0"></String>
          </TextLine>
          <TextLine ID="line_79"
                    TAGREFS="LT8"
                    BASELINE="967 1085 1731 1085" 
                    HPOS="967.0"
                    VPOS="1051.0"
                    WIDTH="764.0"
                    HEIGHT="59.0">
            <Shape><Polygon POINTS="967 1085 967 1105 1729 1110 1731 1085 1729 1051 967 1051 967 1085"/></Shape>
	    <String CONTENT="ne &amp; beate uiuant. Hic enim finis eſt uitæ cum"
                    HPOS="967.0"
                    VPOS="1051.0"
                    WIDTH="764.0"
                    HEIGHT="59.0"
                    WC="0.997797966003418"></String>
          </TextLine>
          <TextLine ID="line_80"
                    TAGREFS="LT8"
                    BASELINE="969 1128 1733 1132" 
                    HPOS="967.0"
                    VPOS="1092.0"
                    WIDTH="766.0"
                    HEIGHT="65.0">
            <Shape><Polygon POINTS="969 1128 967 1146 1729 1157 1733 1132 1731 1099 969 1092 969 1128"/></Shape>
	    <String CONTENT="noſtræ, tum omnium per nos ſuſtentandæ fo"
                    HPOS="967.0"
                    VPOS="1092.0"
                    WIDTH="766.0"
                    HEIGHT="65.0"
                    WC="0.9904767434771468"></String>
          </TextLine>
          <TextLine ID="line_81"
                    TAGREFS="LT8"
                    BASELINE="969 1173 1729 1176" 
                    HPOS="967.0"
                    VPOS="1142.0"
                    WIDTH="762.0"
                    HEIGHT="57.0">
            <Shape><Polygon POINTS="969 1173 967 1191 1725 1199 1729 1176 1727 1146 969 1142 969 1173"/></Shape>
	    <String CONTENT="uendȩ́. Et hæc uera quo erit maloꝵ ultio,"
                    HPOS="967.0"
                    VPOS="1142.0"
                    WIDTH="762.0"
                    HEIGHT="57.0"></String>
          </TextLine>
          <TextLine ID="line_82"
                    TAGREFS="LT8"
                    BASELINE="971 1223 1734 1217" 
                    HPOS="969.0"
                    VPOS="1187.0"
                    WIDTH="765.0"
                    HEIGHT="54.0">
            <Shape><Polygon POINTS="971 1223 971 1241 1733 1235 1734 1217 1731 1187 969 1187 971 1223"/></Shape>
	    <String CONTENT="quæ quidẽ per nos adminiſtrari poſſit &amp; de¬"
                    HPOS="969.0"
                    VPOS="1187.0"
                    WIDTH="765.0"
                    HEIGHT="54.0"></String>
          </TextLine>
          <TextLine ID="line_83"
                    TAGREFS="LT8"
                    BASELINE="969 1267 1736 1264" 
                    HPOS="967.0"
                    VPOS="1228.0"
                    WIDTH="769.0"
                    HEIGHT="64.0">
            <Shape><Polygon POINTS="969 1267 969 1292 1734 1284 1736 1264 1733 1232 967 1228 969 1267"/></Shape>
	    <String CONTENT="beat. Ignis ſiquidem quidam hoc pacto in ca¬"
                    HPOS="967.0"
                    VPOS="1228.0"
                    WIDTH="769.0"
                    HEIGHT="64.0"
                    WC="0.9933817373080687"></String>
          </TextLine>
          <TextLine ID="line_84"
                    TAGREFS="LT8"
                    BASELINE="971 1312 1734 1312" 
                    HPOS="971.0"
                    VPOS="1276.0"
                    WIDTH="763.0"
                    HEIGHT="61.0">
            <Shape><Polygon POINTS="971 1312 971 1337 1734 1332 1734 1312 1733 1276 971 1278 971 1312"/></Shape>
	    <String CONTENT="pita inimicoꝵ congeret̃, quo non uretur mo¬"
                    HPOS="971.0"
                    VPOS="1276.0"
                    WIDTH="763.0"
                    HEIGHT="61.0"></String>
          </TextLine>
          <TextLine ID="line_85"
                    TAGREFS="LT8"
                    BASELINE="971 1353 1738 1357" 
                    HPOS="969.0"
                    VPOS="1323.0"
                    WIDTH="769.0"
                    HEIGHT="57.0">
            <Shape><Polygon POINTS="971 1353 969 1375 1734 1380 1738 1357 1734 1323 971 1323 971 1353"/></Shape>
	    <String CONTENT="do, ſed etiam exuretur mens mala, cum ſalute"
                    HPOS="969.0"
                    VPOS="1323.0"
                    WIDTH="769.0"
                    HEIGHT="57.0"
                    WC="0.9936582053249533"></String>
          </TextLine>
          <TextLine ID="line_86"
                    TAGREFS="LT8"
                    BASELINE="971 1400 1734 1405" 
                    HPOS="969.0"
                    VPOS="1368.0"
                    WIDTH="765.0"
                    HEIGHT="60.0">
            <Shape><Polygon POINTS="971 1400 969 1416 1003 1427 1005 1427 1006 1428 1733 1428 1734 1405 1733 1373 971 1368 971 1400"/></Shape>
	    <String CONTENT="illoꝵ qui nos lęſerunt, ſi eius compotes ſunt,"
                    HPOS="969.0"
                    VPOS="1368.0"
                    WIDTH="765.0"
                    HEIGHT="60.0"
                    WC="0.9880376914714245"></String>
          </TextLine>
          <TextLine ID="line_87"
                    TAGREFS="LT8"
                    BASELINE="971 1448 1733 1448" 
                    HPOS="971.0"
                    VPOS="1416.0"
                    WIDTH="762.0"
                    HEIGHT="54.0">
            <Shape><Polygon POINTS="971 1448 971 1466 1731 1470 1733 1448 1733 1418 971 1416 971 1448"/></Shape>
	    <String CONTENT="ſi minus, cum æterna quidem eoꝵ pernicie,"
                    HPOS="971.0"
                    VPOS="1416.0"
                    WIDTH="762.0"
                    HEIGHT="54.0"
                    WC="0.9882284170243798"></String>
          </TextLine>
          <TextLine ID="line_88"
                    TAGREFS="LT8"
                    BASELINE="974 1493 1738 1489" 
                    HPOS="972.0"
                    VPOS="1455.0"
                    WIDTH="766.0"
                    HEIGHT="59.0">
            <Shape><Polygon POINTS="974 1493 974 1514 1736 1511 1738 1489 1733 1455 972 1459 974 1493"/></Shape>
	    <String CONTENT="at in magnificam gloriam Dei &amp; ſalutem ali¬"
                    HPOS="972.0"
                    VPOS="1455.0"
                    WIDTH="766.0"
                    HEIGHT="59.0"
                    WC="0.9850515293520551"></String>
          </TextLine>
          <TextLine ID="line_89"
                    TAGREFS="LT8"
                    BASELINE="976 1539 1740 1539" 
                    HPOS="976.0"
                    VPOS="1500.0"
                    WIDTH="764.0"
                    HEIGHT="63.0">
            <Shape><Polygon POINTS="976 1539 976 1557 1738 1563 1740 1539 1738 1500 976 1503 976 1539"/></Shape>
	    <String CONTENT="orum. Iſtuc iubet Dominus, ergo eſt facto"
                    HPOS="976.0"
                    VPOS="1500.0"
                    WIDTH="764.0"
                    HEIGHT="63.0"
                    WC="0.9992057404867033"></String>
          </TextLine>
          <TextLine ID="line_90"
                    TAGREFS="LT8"
                    BASELINE="974 1586 1641 1582" 
                    HPOS="972.0"
                    VPOS="1552.0"
                    WIDTH="669.0"
                    HEIGHT="55.0">
            <Shape><Polygon POINTS="974 1586 974 1604 1638 1607 1641 1582 1636 1552 972 1554 974 1586"/></Shape>
	    <String CONTENT="optimum, &amp; nobis unice expetendum."
                    HPOS="972.0"
                    VPOS="1552.0"
                    WIDTH="669.0"
                    HEIGHT="55.0"
                    WC="0.9964288508190828"></String>
          </TextLine>
        </TextBlock>
        <TextBlock HPOS="1114.0"
                   VPOS="1603.0"
                   WIDTH="504.0"
                   HEIGHT="50.0"
                   ID="eSc_textblock_c381d5f1"
                   TAGREFS="BT978">
          <Shape><Polygon POINTS="1114 1603 1114 1653 1613 1653 1618 1604"/></Shape>
          <TextLine ID="line_91"
                    TAGREFS="LT8"
                    BASELINE="1128 1629 1582 1625" 
                    HPOS="1126.0"
                    VPOS="1593.0"
                    WIDTH="456.0"
                    HEIGHT="61.0">
            <Shape><Polygon POINTS="1128 1654 1581 1650 1582 1625 1579 1595 1126 1593 1128 1629"/></Shape>
	    <String CONTENT="INTERPRETATIO."
                    HPOS="1126.0"
                    VPOS="1593.0"
                    WIDTH="456.0"
                    HEIGHT="61.0"
                    WC="0.9998311826160976"></String>
          </TextLine>
        </TextBlock>
        <TextBlock HPOS="978.0"
                   VPOS="1647.0"
                   WIDTH="773.0"
                   HEIGHT="1278.0"
                   ID="block_2"
                   TAGREFS="BT979">
          <Shape><Polygon POINTS="1751 1647 1746 2925 978 2925 978 1647"/></Shape>
          <TextLine ID="line_92"
                    TAGREFS="LT8"
                    BASELINE="1014 1672 1734 1679" 
                    HPOS="1012.0"
                    VPOS="1623.0"
                    WIDTH="722.0"
                    HEIGHT="79.0">
            <Shape><Polygon POINTS="1657 1647 1652 1632 1631 1643 1616 1634 1615 1634 1613 1634 1611 1634 1375 1641 1341 1629 1339 1629 1337 1629 1336 1629 1293 1639 1065 1639 1053 1627 1053 1625 1051 1625 1049 1625 1014 1623 1014 1672 1012 1688 1625 1702 1627 1702 1733 1693 1734 1679 1734 1630 1663 1630 1661 1630 1659 1630 1657 1647"/></Shape>
	    <String CONTENT="Bene precamini. ] Bene precari hominibꝰ,"
                    HPOS="1012.0"
                    VPOS="1623.0"
                    WIDTH="722.0"
                    HEIGHT="79.0"></String>
          </TextLine>
          <TextLine ID="line_93"
                    TAGREFS="LT8"
                    BASELINE="976 1718 1740 1722" 
                    HPOS="971.0"
                    VPOS="1673.0"
                    WIDTH="768.0"
                    HEIGHT="67.0">
            <Shape><Polygon POINTS="1726 1676 1699 1676 1672 1676 1645 1676 1619 1676 1592 1676 1565 1676 1538 1676 1511 1676 1484 1676 1457 1676 1431 1676 1404 1676 1377 1676 1374 1673 988 1676 974 1716 971 1740 1737 1738 1739 1719 1734 1673 1726 1673 1726 1676"/></Shape>
	    <String CONTENT="eſt illis à Deo bona, male precari, mala pere¬"
                    HPOS="971.0"
                    VPOS="1673.0"
                    WIDTH="768.0"
                    HEIGHT="67.0"
                    WC="0.9760409200445135"></String>
          </TextLine>
          <TextLine ID="line_94"
                    TAGREFS="LT8"
                    BASELINE="976 1765 1718 1765 1740 1764" 
                    HPOS="974.0"
                    VPOS="1730.0"
                    WIDTH="765.0"
                    HEIGHT="56.0">
            <Shape><Polygon POINTS="974 1762 974 1786 1739 1786 1739 1762 1739 1730 993 1730 974 1762"/></Shape>
	    <String CONTENT="re. Recte uero hoc primum requirit Apoſto¬"
                    HPOS="974.0"
                    VPOS="1730.0"
                    WIDTH="765.0"
                    HEIGHT="56.0"
                    WC="0.9873251020908356"></String>
          </TextLine>
          <TextLine ID="line_95"
                    TAGREFS="LT8"
                    BASELINE="974 1809 1729 1806" 
                    HPOS="972.0"
                    VPOS="1770.0"
                    WIDTH="757.0"
                    HEIGHT="63.0">
            <Shape><Polygon POINTS="974 1809 974 1829 1725 1833 1729 1806 1725 1779 1396 1770 1395 1770 1346 1779 1343 1781 972 1781 974 1809"/></Shape>
	    <String CONTENT="lus, ut inſectantibus nos, bene, non male pre¬"
                    HPOS="972.0"
                    VPOS="1770.0"
                    WIDTH="757.0"
                    HEIGHT="63.0"
                    WC="0.9981155784233756"></String>
          </TextLine>
          <TextLine ID="line_96"
                    TAGREFS="LT8"
                    BASELINE="974 1850 1733 1858" 
                    HPOS="972.0"
                    VPOS="1811.0"
                    WIDTH="761.0"
                    HEIGHT="66.0">
            <Shape><Polygon POINTS="972 1875 1729 1877 1733 1858 1731 1824 989 1822 978 1811 974 1850 972 1875"/></Shape>
	    <String CONTENT="cemur: cum nõ ſolum pijs, ſed impijs quo,"
                    HPOS="972.0"
                    VPOS="1811.0"
                    WIDTH="761.0"
                    HEIGHT="66.0"></String>
          </TextLine>
          <TextLine ID="line_97"
                    TAGREFS="LT8"
                    BASELINE="976 1899 1740 1899" 
                    HPOS="976.0"
                    VPOS="1867.0"
                    WIDTH="764.0"
                    HEIGHT="53.0">
            <Shape><Polygon POINTS="976 1899 976 1915 1738 1920 1740 1899 1738 1867 976 1868 976 1899"/></Shape>
	    <String CONTENT="qui ore factis́ Deum negãt, in omni rerum"
                    HPOS="976.0"
                    VPOS="1867.0"
                    WIDTH="764.0"
                    HEIGHT="53.0"></String>
          </TextLine>
          <TextLine ID="line_98"
                    TAGREFS="LT8"
                    BASELINE="976 1942 1738 1947" 
                    HPOS="974.0"
                    VPOS="1906.0"
                    WIDTH="764.0"
                    HEIGHT="66.0">
            <Shape><Polygon POINTS="976 1942 974 1956 1017 1967 1019 1967 1178 1961 1221 1960 1230 1961 1253 1968 1255 1968 1257 1968 1375 1965 1464 1961 1473 1967 1482 1970 1484 1970 1486 1972 1736 1972 1738 1947 1734 1906 976 1908 976 1942"/></Shape>
	    <String CONTENT="difficultate uota ad Deum primũ ſuccurrãt,"
                    HPOS="974.0"
                    VPOS="1906.0"
                    WIDTH="764.0"
                    HEIGHT="66.0"
                    WC="0.9808160527185961"></String>
          </TextLine>
          <TextLine ID="line_99"
                    TAGREFS="LT8"
                    BASELINE="976 1988 1740 1992" 
                    HPOS="974.0"
                    VPOS="1954.0"
                    WIDTH="766.0"
                    HEIGHT="63.0">
            <Shape><Polygon POINTS="976 1988 974 2008 1343 2008 1344 2008 1369 2017 1371 2017 1373 2017 1738 2008 1740 1992 1738 1960 976 1954 976 1988"/></Shape>
	    <String CONTENT="tam cõtra hoſtes ipſorum, ̃ pro ijs, quibus"
                    HPOS="974.0"
                    VPOS="1954.0"
                    WIDTH="766.0"
                    HEIGHT="63.0"></String>
          </TextLine>
          <TextLine ID="line_100"
                    TAGREFS="LT8"
                    BASELINE="976 2033 1740 2036" 
                    HPOS="974.0"
                    VPOS="1993.0"
                    WIDTH="766.0"
                    HEIGHT="61.0">
            <Shape><Polygon POINTS="974 2049 1736 2054 1740 2036 1736 1997 1008 2002 978 1993 976 2033 974 2049"/></Shape>
	    <String CONTENT="bene uolunt. Deus nam regnũ ſuum in ho¬"
                    HPOS="974.0"
                    VPOS="1993.0"
                    WIDTH="766.0"
                    HEIGHT="61.0"
                    WC="0.9948807882099617"></String>
          </TextLine>
          <TextLine ID="line_101"
                    TAGREFS="LT8"
                    BASELINE="974 2079 1742 2083" 
                    HPOS="972.0"
                    VPOS="2040.0"
                    WIDTH="770.0"
                    HEIGHT="66.0">
            <Shape><Polygon POINTS="974 2079 972 2097 1738 2106 1742 2083 1742 2044 974 2040 974 2079"/></Shape>
	    <String CONTENT="minibus mirifice obtinet, ut illi omnes, etiam"
                    HPOS="972.0"
                    VPOS="2040.0"
                    WIDTH="770.0"
                    HEIGHT="66.0"
                    WC="0.9989680453487064"></String>
          </TextLine>
          <TextLine ID="line_102"
                    TAGREFS="LT8"
                    BASELINE="976 2124 1738 2129" 
                    HPOS="974.0"
                    VPOS="2092.0"
                    WIDTH="764.0"
                    HEIGHT="59.0">
            <Shape><Polygon POINTS="976 2124 974 2140 996 2149 997 2149 999 2151 1736 2151 1738 2129 1736 2097 976 2092 976 2124"/></Shape>
	    <String CONTENT="qui animos ſuos in contrarium obfirmant,"
                    HPOS="974.0"
                    VPOS="2092.0"
                    WIDTH="764.0"
                    HEIGHT="59.0"
                    WC="0.9986142009496689"></String>
          </TextLine>
          <TextLine ID="line_103"
                    TAGREFS="LT8"
                    BASELINE="976 2169 1743 2172" 
                    HPOS="974.0"
                    VPOS="2131.0"
                    WIDTH="769.0"
                    HEIGHT="61.0">
            <Shape><Polygon POINTS="974 2190 1740 2192 1743 2172 1742 2142 1005 2142 978 2131 976 2169 974 2190"/></Shape>
	    <String CONTENT="eum metuant, &amp; inuocent. Quem enim non"
                    HPOS="974.0"
                    VPOS="2131.0"
                    WIDTH="769.0"
                    HEIGHT="61.0"
                    WC="0.9920930940853921"></String>
          </TextLine>
          <TextLine ID="line_104"
                    TAGREFS="LT8"
                    BASELINE="974 2217 1742 2213" 
                    HPOS="972.0"
                    VPOS="2188.0"
                    WIDTH="770.0"
                    HEIGHT="54.0">
            <Shape><Polygon POINTS="1670 2212 1652 2212 1634 2212 1616 2212 1598 2212 1581 2212 1563 2212 1545 2212 1527 2212 1509 2212 1491 2212 1473 2212 1455 2212 1437 2212 1420 2212 1402 2212 1384 2212 1366 2212 1348 2212 1330 2212 1312 2212 1294 2212 1276 2212 1259 2212 1241 2212 1223 2212 1205 2212 1187 2212 1169 2212 1151 2212 1133 2212 1116 2212 1098 2212 1080 2212 1062 2212 1044 2212 1026 2212 1008 2212 990 2212 972 2212 974 2217 974 2235 1738 2242 1742 2213 1736 2188 1679 2188 1670 2212"/></Shape>
	    <String CONTENT="audias quouis in diſcrimine opem implora¬"
                    HPOS="972.0"
                    VPOS="2188.0"
                    WIDTH="770.0"
                    HEIGHT="54.0"></String>
          </TextLine>
          <TextLine ID="line_105"
                    TAGREFS="LT8"
                    BASELINE="976 2264 1742 2258" 
                    HPOS="974.0"
                    VPOS="2222.0"
                    WIDTH="768.0"
                    HEIGHT="61.0">
            <Shape><Polygon POINTS="976 2264 976 2280 1738 2283 1742 2258 1736 2228 1455 2231 1436 2231 1339 2222 1337 2222 1336 2222 1298 2231 1232 2222 1230 2222 1228 2222 1226 2222 1210 2233 1180 2224 1178 2224 1176 2224 1098 2233 1089 2226 1089 2224 1087 2224 1085 2224 1023 2224 1021 2224 1019 2224 974 2235 976 2264"/></Shape>
	    <String CONTENT="re Dei, cum pro ſe eripiendo, tum ad oppri¬"
                    HPOS="974.0"
                    VPOS="2222.0"
                    WIDTH="768.0"
                    HEIGHT="61.0"
                    WC="0.9856179148651832"></String>
          </TextLine>
          <TextLine ID="line_106"
                    TAGREFS="LT8"
                    BASELINE="974 2308 1743 2305" 
                    HPOS="972.0"
                    VPOS="2265.0"
                    WIDTH="771.0"
                    HEIGHT="59.0">
            <Shape><Polygon POINTS="974 2308 974 2324 1742 2321 1743 2305 1738 2271 1589 2274 1584 2272 1577 2265 1575 2265 1573 2265 1572 2265 1527 2272 1513 2274 1500 2272 1461 2265 1459 2265 1457 2265 1425 2274 1418 2274 1411 2274 1362 2265 1361 2265 1359 2265 1357 2265 1357 2267 1355 2267 1350 2274 1348 2276 1330 2274 1251 2267 1250 2267 1198 2276 1196 2276 1194 2276 1160 2267 1158 2267 1157 2267 1096 2276 1049 2267 1048 2267 972 2278 974 2308"/></Shape>
	    <String CONTENT="mendum aduerſarios ſuos. Tum ſi quid ap¬"
                    HPOS="972.0"
                    VPOS="2265.0"
                    WIDTH="771.0"
                    HEIGHT="59.0"
                    WC="0.9947094425559044"></String>
          </TextLine>
          <TextLine ID="line_107"
                    TAGREFS="LT8"
                    BASELINE="980 2355 1745 2349" 
                    HPOS="978.0"
                    VPOS="2312.0"
                    WIDTH="767.0"
                    HEIGHT="64.0">
            <Shape><Polygon POINTS="980 2355 980 2371 1729 2376 1731 2376 1733 2376 1734 2376 1745 2367 1745 2349 1742 2321 1488 2312 1486 2312 978 2324 980 2355"/></Shape>
	    <String CONTENT="pareat inſignioris boni, quis ſit qui nõ optet"
                    HPOS="978.0"
                    VPOS="2312.0"
                    WIDTH="767.0"
                    HEIGHT="64.0"
                    WC="0.9763248651585681"></String>
          </TextLine>
          <TextLine ID="line_108"
                    TAGREFS="LT8"
                    BASELINE="978 2399 1743 2392" 
                    HPOS="976.0"
                    VPOS="2357.0"
                    WIDTH="767.0"
                    HEIGHT="64.0">
            <Shape><Polygon POINTS="978 2399 978 2421 1742 2410 1743 2392 1738 2357 976 2360 978 2399"/></Shape>
	    <String CONTENT="Deum id cõciliare ſibi, auertere ijs, quos ode¬"
                    HPOS="976.0"
                    VPOS="2357.0"
                    WIDTH="767.0"
                    HEIGHT="64.0"
                    WC="0.993481770157814"></String>
          </TextLine>
          <TextLine ID="line_109"
                    TAGREFS="LT8"
                    BASELINE="974 2446 1743 2442" 
                    HPOS="972.0"
                    VPOS="2405.0"
                    WIDTH="771.0"
                    HEIGHT="64.0">
            <Shape><Polygon POINTS="974 2446 974 2469 1742 2464 1743 2442 1740 2405 1008 2405 1006 2405 1005 2405 972 2414 974 2446"/></Shape>
	    <String CONTENT="rit? Sancti uero inuocant Deum hoc crebrius"
                    HPOS="972.0"
                    VPOS="2405.0"
                    WIDTH="771.0"
                    HEIGHT="64.0"></String>
          </TextLine>
          <TextLine ID="line_110"
                    TAGREFS="LT8"
                    BASELINE="976 2491 1743 2485" 
                    HPOS="974.0"
                    VPOS="2451.0"
                    WIDTH="769.0"
                    HEIGHT="65.0">
            <Shape><Polygon POINTS="976 2491 976 2507 1194 2516 1196 2516 1198 2516 1200 2516 1210 2507 1226 2516 1228 2516 1230 2516 1232 2516 1234 2516 1248 2505 1251 2505 1316 2505 1318 2505 1327 2514 1328 2514 1330 2514 1332 2514 1334 2514 1353 2505 1355 2505 1361 2505 1439 2514 1441 2514 1443 2514 1461 2505 1482 2514 1484 2514 1486 2514 1488 2514 1514 2505 1699 2512 1700 2512 1702 2512 1743 2501 1743 2485 1740 2451 1021 2451 1019 2451 974 2460 976 2491"/></Shape>
	    <String CONTENT="ac inſtantius, quo contentius ad Deum men¬"
                    HPOS="974.0"
                    VPOS="2451.0"
                    WIDTH="769.0"
                    HEIGHT="65.0"></String>
          </TextLine>
          <TextLine ID="line_111"
                    TAGREFS="LT8"
                    BASELINE="974 2537 1745 2534" 
                    HPOS="972.0"
                    VPOS="2498.0"
                    WIDTH="773.0"
                    HEIGHT="57.0">
            <Shape><Polygon POINTS="974 2537 974 2550 1743 2555 1745 2534 1742 2500 972 2498 974 2537"/></Shape>
	    <String CONTENT="tem ſuam ſuſtollunt, &amp; magis aſſidue ex ope"
                    HPOS="972.0"
                    VPOS="2498.0"
                    WIDTH="773.0"
                    HEIGHT="57.0"></String>
          </TextLine>
          <TextLine ID="line_112"
                    TAGREFS="LT8"
                    BASELINE="976 2580 1743 2580" 
                    HPOS="976.0"
                    VPOS="2539.0"
                    WIDTH="767.0"
                    HEIGHT="63.0">
            <Shape><Polygon POINTS="976 2580 976 2596 1742 2602 1743 2580 1743 2546 976 2539 976 2580"/></Shape>
	    <String CONTENT="ribus &amp; uerbo Dei bonitatis &amp; ſapientiȩ eius"
                    HPOS="976.0"
                    VPOS="2539.0"
                    WIDTH="767.0"
                    HEIGHT="63.0"></String>
          </TextLine>
          <TextLine ID="line_113"
                    TAGREFS="LT8"
                    BASELINE="978 2628 1742 2623" 
                    HPOS="976.0"
                    VPOS="2582.0"
                    WIDTH="766.0"
                    HEIGHT="64.0">
            <Shape><Polygon POINTS="1484 2582 1482 2582 1480 2582 1480 2584 1470 2593 1461 2593 1321 2584 1319 2584 1318 2584 1316 2584 1316 2585 1307 2593 1194 2585 1192 2585 1191 2585 1189 2585 1189 2587 1182 2594 1162 2585 1160 2585 1158 2585 1053 2594 1024 2585 1023 2585 1021 2585 1019 2585 976 2596 978 2628 978 2646 1740 2643 1742 2623 1738 2591 1486 2582 1484 2582"/></Shape>
	    <String CONTENT="admonent̃. Monet ita in loco Paulus, cum"
                    HPOS="976.0"
                    VPOS="2582.0"
                    WIDTH="766.0"
                    HEIGHT="64.0"
                    WC="0.9846628744427751"></String>
          </TextLine>
          <TextLine ID="line_114"
                    TAGREFS="LT8"
                    BASELINE="978 2675 1742 2668" 
                    HPOS="976.0"
                    VPOS="2630.0"
                    WIDTH="766.0"
                    HEIGHT="65.0">
            <Shape><Polygon POINTS="978 2675 978 2695 1740 2687 1742 2668 1738 2637 1509 2630 1507 2630 1505 2630 1486 2639 1480 2639 1336 2632 1334 2632 1201 2641 1169 2632 1167 2632 1166 2632 1114 2643 1005 2634 1003 2634 1001 2634 976 2643 978 2675"/></Shape>
	    <String CONTENT="pij Deum ſemper ut ſummum bonum &amp; ſer"
                    HPOS="976.0"
                    VPOS="2630.0"
                    WIDTH="766.0"
                    HEIGHT="65.0"
                    WC="0.9912374712325431"></String>
          </TextLine>
          <TextLine ID="line_115"
                    TAGREFS="LT8"
                    BASELINE="978 2720 1742 2716" 
                    HPOS="976.0"
                    VPOS="2678.0"
                    WIDTH="766.0"
                    HEIGHT="59.0">
            <Shape><Polygon POINTS="978 2720 978 2737 1740 2734 1742 2716 1738 2687 1357 2678 1355 2678 976 2689 978 2720"/></Shape>
	    <String CONTENT="uatorem omnium intuentur, ut hominibus"
                    HPOS="976.0"
                    VPOS="2678.0"
                    WIDTH="766.0"
                    HEIGHT="59.0"></String>
          </TextLine>
          <TextLine ID="line_116"
                    TAGREFS="LT8"
                    BASELINE="976 2764 1743 2761" 
                    HPOS="974.0"
                    VPOS="2728.0"
                    WIDTH="769.0"
                    HEIGHT="56.0">
            <Shape><Polygon POINTS="976 2764 976 2784 1742 2784 1743 2761 1738 2728 974 2730 976 2764"/></Shape>
	    <String CONTENT="ſalutem ab eo orent, nequa̃ perniciem: &amp;"
                    HPOS="974.0"
                    VPOS="2728.0"
                    WIDTH="769.0"
                    HEIGHT="56.0"></String>
          </TextLine>
          <TextLine ID="line_117"
                    TAGREFS="LT8"
                    BASELINE="974 2811 1743 2805" 
                    HPOS="972.0"
                    VPOS="2771.0"
                    WIDTH="771.0"
                    HEIGHT="61.0">
            <Shape><Polygon POINTS="974 2811 974 2832 1742 2825 1743 2805 1740 2771 1266 2771 1264 2771 1214 2779 1194 2780 1189 2779 1171 2771 1169 2771 1167 2771 1166 2771 1164 2771 1157 2779 1153 2780 1128 2779 1010 2771 1008 2771 1006 2771 972 2779 974 2811"/></Shape>
	    <String CONTENT="perſecutoribus eo amplius, quo illi inſanius"
                    HPOS="972.0"
                    VPOS="2771.0"
                    WIDTH="771.0"
                    HEIGHT="61.0"
                    WC="0.9932900762016122"></String>
          </TextLine>
          <TextLine ID="line_118"
                    TAGREFS="LT8"
                    BASELINE="974 2854 1742 2850" 
                    HPOS="972.0"
                    VPOS="2818.0"
                    WIDTH="770.0"
                    HEIGHT="59.0">
            <Shape><Polygon POINTS="974 2854 974 2873 1738 2877 1742 2850 1736 2818 972 2825 974 2854"/></Shape>
	    <String CONTENT="ſalutem ipſi ſuam impugnant, perſequendo"
                    HPOS="972.0"
                    VPOS="2818.0"
                    WIDTH="770.0"
                    HEIGHT="59.0"
                    WC="0.9957599714398384"></String>
          </TextLine>
          <TextLine ID="line_119"
                    TAGREFS="LT8"
                    BASELINE="965 2906 1743 2895" 
                    HPOS="964.0"
                    VPOS="2859.0"
                    WIDTH="779.0"
                    HEIGHT="89.0">
            <Shape><Polygon POINTS="965 2906 965 2931 1062 2948 1064 2948 1065 2948 1067 2948 1090 2931 1094 2929 1103 2931 1155 2947 1157 2947 1158 2947 1160 2947 1194 2934 1226 2945 1228 2945 1230 2947 1330 2947 1330 2945 1332 2945 1334 2945 1355 2931 1357 2929 1359 2931 1377 2943 1378 2943 1380 2943 1382 2945 1448 2945 1448 2943 1450 2943 1452 2943 1471 2931 1486 2923 1543 2925 1552 2931 1577 2941 1579 2941 1581 2943 1602 2943 1602 2941 1604 2941 1606 2941 1606 2940 1616 2931 1625 2922 1740 2929 1743 2895 1740 2863 1468 2859 1466 2859 1375 2868 1346 2870 1337 2868 1303 2861 1302 2861 1300 2861 1298 2861 1285 2868 1278 2863 1278 2861 1276 2861 1275 2861 1273 2861 1271 2861 1253 2870 1251 2870 1250 2870 1219 2861 1217 2861 1216 2861 1214 2861 1180 2872 1175 2872 1164 2872 1089 2863 1087 2863 964 2873 965 2906"/></Shape>
	    <String CONTENT="nimirũ filios Dei. Geminatiõe utitur &amp; con¬"
                    HPOS="964.0"
                    VPOS="2859.0"
                    WIDTH="779.0"
                    HEIGHT="89.0"></String>
          </TextLine>
        </TextBlock>
        <TextBlock HPOS="0.0"
                   VPOS="2712.0"
                   WIDTH="160.0"
                   HEIGHT="175.0"
                   ID="eSc_textblock_08081282"
                   TAGREFS="BT983">
          <Shape><Polygon POINTS="160 2887 160 2712 0 2712 0 2887"/></Shape>
          <TextLine ID="eSc_line_e11c190e"
                    TAGREFS="LT8"
                    BASELINE="11 2770 132 2766" 
                    HPOS="8.0"
                    VPOS="2712.0"
                    WIDTH="123.0"
                    HEIGHT="75.0">
            <Shape><Polygon POINTS="88 2712 61 2712 34 2712 8 2712 10 2768 10 2787 128 2781 131 2765 126 2717 93 2712 88 2712"/></Shape>
	    <String CONTENT="poteſt"
                    HPOS="8.0"
                    VPOS="2712.0"
                    WIDTH="123.0"
                    HEIGHT="75.0"></String>
          </TextLine>
          <TextLine ID="eSc_line_0814ba1e"
                    TAGREFS="LT8"
                    BASELINE="4 2810 154 2804" 
                    HPOS="2.0"
                    VPOS="2762.0"
                    WIDTH="151.0"
                    HEIGHT="59.0">
            <Shape><Polygon POINTS="107 2768 80 2768 53 2768 26 2768 2 2808 2 2821 150 2819 153 2803 144 2762 107 2762 107 2768"/></Shape>
	    <String CONTENT="indica¬"
                    HPOS="2.0"
                    VPOS="2762.0"
                    WIDTH="151.0"
                    HEIGHT="59.0"></String>
          </TextLine>
          <TextLine ID="eSc_line_9aaeeeaa"
                    TAGREFS="LT8"
                    BASELINE="10 2841 90 2841 114 2841" 
                    HPOS="8.0"
                    VPOS="2805.0"
                    WIDTH="104.0"
                    HEIGHT="159.0">
            <Shape><Polygon POINTS="88 2805 61 2808 34 2808 8 2813 8 2840 8 2964 112 2945 112 2840 110 2805 88 2805"/></Shape>
	    <String CONTENT="mus"
                    HPOS="8.0"
                    VPOS="2805.0"
                    WIDTH="104.0"
                    HEIGHT="159.0"></String>
          </TextLine>
        </TextBlock>
        <TextBlock HPOS="1747.0"
                   VPOS="1655.0"
                   WIDTH="183.0"
                   HEIGHT="196.0"
                   ID="block_7"
                   TAGREFS="BT983">
          <Shape><Polygon POINTS="1930 1655 1930 1851 1747 1851 1747 1655"/></Shape>
          <TextLine ID="eSc_line_0b5d090e"
                    TAGREFS="LT8"
                    BASELINE="1760 1722 1922 1723" 
                    HPOS="1755.0"
                    VPOS="1684.0"
                    WIDTH="164.0"
                    HEIGHT="56.0">
            <Shape><Polygon POINTS="1758 1719 1755 1740 1917 1738 1919 1722 1917 1689 1758 1684 1758 1719"/></Shape>
	    <String CONTENT="inſigniore in¬"
                    HPOS="1755.0"
                    VPOS="1684.0"
                    WIDTH="164.0"
                    HEIGHT="56.0"></String>
          </TextLine>
          <TextLine ID="eSc_line_382fd98a"
                    TAGREFS="LT8"
                    BASELINE="1760 1763 1920 1756" 
                    HPOS="1755.0"
                    VPOS="1722.0"
                    WIDTH="164.0"
                    HEIGHT="56.0">
            <Shape><Polygon POINTS="1758 1762 1758 1778 1919 1773 1919 1754 1911 1722 1755 1724 1758 1762"/></Shape>
	    <String CONTENT="uocatur Deus"
                    HPOS="1755.0"
                    VPOS="1722.0"
                    WIDTH="164.0"
                    HEIGHT="56.0"
                    WC="0.9903830736875534"></String>
          </TextLine>
          <TextLine ID="line_122"
                    TAGREFS="LT8"
                    BASELINE="1760 1682 1924 1689" 
                    HPOS="1755.0"
                    VPOS="1655.0"
                    WIDTH="167.0"
                    HEIGHT="53.0">
            <Shape><Polygon POINTS="1919 1655 1892 1655 1866 1655 1839 1655 1812 1655 1785 1655 1758 1655 1758 1681 1755 1703 1917 1708 1922 1687 1922 1655 1919 1655"/></Shape>
	    <String CONTENT="in omni caſo"
                    HPOS="1755.0"
                    VPOS="1655.0"
                    WIDTH="167.0"
                    HEIGHT="53.0"></String>
          </TextLine>
          <TextLine ID="line_123"
                    TAGREFS="LT8"
                    BASELINE="1750 1795 1922 1791" 
                    HPOS="1749.0"
                    VPOS="1763.0"
                    WIDTH="173.0"
                    HEIGHT="52.0">
            <Shape><Polygon POINTS="1750 1795 1750 1811 1920 1815 1922 1791 1917 1763 1749 1766 1750 1795"/></Shape>
	    <String CONTENT="ut aliis faueat"
                    HPOS="1749.0"
                    VPOS="1763.0"
                    WIDTH="173.0"
                    HEIGHT="52.0"></String>
          </TextLine>
          <TextLine ID="line_124"
                    TAGREFS="LT8"
                    BASELINE="1749 1827 1902 1827" 
                    HPOS="1749.0"
                    VPOS="1804.0"
                    WIDTH="153.0"
                    HEIGHT="71.0">
            <Shape><Polygon POINTS="1749 1827 1749 1875 1790 1875 1790 1874 1792 1874 1793 1874 1806 1865 1826 1850 1902 1847 1902 1827 1902 1804 1749 1804 1749 1827"/></Shape>
	    <String CONTENT="alijs minus."
                    HPOS="1749.0"
                    VPOS="1804.0"
                    WIDTH="153.0"
                    HEIGHT="71.0"></String>
          </TextLine>
        </TextBlock>
        <TextBlock HPOS="1461.0"
                   VPOS="2916.0"
                   WIDTH="56.0"
                   HEIGHT="53.0"
                   ID="eSc_textblock_2547f8e4"
                   TAGREFS="BT17">
          <Shape><Polygon POINTS="1517 2916 1517 2969 1461 2969 1461 2916"/></Shape>
          <TextLine ID="line_121"
                    TAGREFS="LT8"
                    BASELINE="1473 2943 1502 2947" 
                    HPOS="1466.0"
                    VPOS="2899.0"
                    WIDTH="34.0"
                    HEIGHT="89.0">
            <Shape><Polygon POINTS="1471 2942 1466 2982 1492 2988 1500 2945 1498 2899 1474 2899"/></Shape>
	    <String CONTENT="T"
                    HPOS="1466.0"
                    VPOS="2899.0"
                    WIDTH="34.0"
                    HEIGHT="89.0"></String>
          </TextLine>
        </TextBlock>
        <TextBlock HPOS="1587.0"
                   VPOS="2922.0"
                   WIDTH="171.0"
                   HEIGHT="70.0"
                   ID="eSc_textblock_7c31aebf"
                   TAGREFS="BT17">
          <Shape><Polygon POINTS="1589 2989 1587 2925 1758 2922 1758 2992"/></Shape>
          <TextLine ID="line_120"
                    TAGREFS="LT8"
                    BASELINE="1600 2947 1743 2941" 
                    HPOS="1597.0"
                    VPOS="2900.0"
                    WIDTH="146.0"
                    HEIGHT="75.0">
            <Shape><Polygon POINTS="1600 2975 1743 2972 1743 2941 1740 2911 1691 2900 1690 2900 1597 2914 1600 2947"/></Shape>
	    <String CONTENT="trario."
                    HPOS="1597.0"
                    VPOS="2900.0"
                    WIDTH="146.0"
                    HEIGHT="75.0"
                    WC="0.9995649371828351"></String>
          </TextLine>
        </TextBlock>
      </PrintSpace>
    </Page>
  </Layout>
</alto>
