<?xml version="1.0" encoding="UTF-8"?>
<alto xmlns:xsi="http://www.w3.org/2001/XMLSchema-instance"
      xmlns="http://www.loc.gov/standards/alto/ns-v4#"
      xsi:schemaLocation="http://www.loc.gov/standards/alto/ns-v4# http://www.loc.gov/standards/alto/v4/alto-4-2.xsd">
  <Description>
    <MeasurementUnit>pixel</MeasurementUnit>
    <sourceImageInformation>
      <fileName>bsb00035303_00024.jpg</fileName>
    </sourceImageInformation>
  </Description>
  <Tags>
    <OtherTag ID="BT7" LABEL="CustomZone" DESCRIPTION="block type CustomZone"/><OtherTag ID="BT10" LABEL="DropCapitalZone" DESCRIPTION="block type DropCapitalZone"/><OtherTag ID="BT11" LABEL="GraphicZone" DESCRIPTION="block type GraphicZone"/><OtherTag ID="BT12" LABEL="MainZone" DESCRIPTION="block type MainZone"/><OtherTag ID="BT13" LABEL="MarginTextZone" DESCRIPTION="block type MarginTextZone"/><OtherTag ID="BT15" LABEL="NumberingZone" DESCRIPTION="block type NumberingZone"/><OtherTag ID="BT17" LABEL="QuireMarksZone" DESCRIPTION="block type QuireMarksZone"/><OtherTag ID="BT18" LABEL="RunningTitleZone" DESCRIPTION="block type RunningTitleZone"/><OtherTag ID="BT22" LABEL="TitlePageZone" DESCRIPTION="block type TitlePageZone"/><OtherTag ID="BT985" LABEL="MainZone-Other" DESCRIPTION="block type MainZone-Other"/><OtherTag ID="BT986" LABEL="MainZone-Signature" DESCRIPTION="block type MainZone-Signature"/><OtherTag ID="BT987" LABEL="MainZone-Head" DESCRIPTION="block type MainZone-Head"/><OtherTag ID="BT988" LABEL="MainZone-P" DESCRIPTION="block type MainZone-P"/><OtherTag ID="BT989" LABEL="MainZone-P-Continued" DESCRIPTION="block type MainZone-P-Continued"/><OtherTag ID="BT990" LABEL="MarginTextZone-Notes" DESCRIPTION="block type MarginTextZone-Notes"/><OtherTag ID="BT991" LABEL="MainZone-Lg" DESCRIPTION="block type MainZone-Lg"/><OtherTag ID="BT1884" LABEL="MainZone-Sp" DESCRIPTION="block type MainZone-Sp"/><OtherTag ID="BT1885" LABEL="MainZone-Entry" DESCRIPTION="block type MainZone-Entry"/><OtherTag ID="BT1886" LABEL="MainZone-Sp-Continued" DESCRIPTION="block type MainZone-Sp-Continued"/>
    <OtherTag ID="LT7" LABEL="CustomLine" DESCRIPTION="line type CustomLine"/><OtherTag ID="LT8" LABEL="DefaultLine" DESCRIPTION="line type DefaultLine"/><OtherTag ID="LT9" LABEL="DropCapitalLine" DESCRIPTION="line type DropCapitalLine"/><OtherTag ID="LT10" LABEL="HeadingLine" DESCRIPTION="line type HeadingLine"/><OtherTag ID="LT11" LABEL="InterlinearLine" DESCRIPTION="line type InterlinearLine"/><OtherTag ID="LT12" LABEL="MusicLine" DESCRIPTION="line type MusicLine"/>
  </Tags>
  <Layout>
    <Page WIDTH="1128"
          HEIGHT="1876"
          PHYSICAL_IMG_NR="23"
          ID="eSc_dummypage_">
      <PrintSpace HPOS="0"
                  VPOS="0"
                  WIDTH="1128"
                  HEIGHT="1876">
        <TextBlock HPOS="373"
                   VPOS="104"
                   WIDTH="593"
                   HEIGHT="59"
                   ID="block_4"
                   TAGREFS="BT18">
          <Shape><Polygon POINTS="966 104 966 163 373 163 373 104"/></Shape>
          <TextLine ID="line_0"
                    TAGREFS="LT10"
                    BASELINE="374 140 961 152" 
                    HPOS="373"
                    VPOS="100"
                    WIDTH="588"
                    HEIGHT="70">
            <Shape><Polygon POINTS="879 109 874 109 864 109 853 109 843 109 832 109 822 109 814 109 812 111 808 113 804 111 801 109 791 109 783 109 778 110 762 113 754 109 749 109 739 109 738 109 730 112 720 109 718 109 707 109 701 109 695 115 671 109 666 109 655 109 645 109 634 109 633 109 603 113 598 109 593 109 585 109 579 111 575 109 572 109 561 109 551 109 549 109 545 111 538 109 530 109 520 109 509 109 499 109 488 109 486 109 484 111 478 109 468 109 457 109 447 109 436 109 430 109 426 110 421 109 415 109 405 109 395 109 394 103 374 100 374 140 373 151 387 159 388 159 389 159 390 159 426 151 427 151 458 160 459 160 460 160 461 160 476 153 494 160 495 160 496 160 497 160 511 154 513 153 521 154 551 160 552 160 553 160 571 156 579 154 582 156 591 162 592 162 593 162 594 162 620 158 635 155 646 159 658 163 659 163 660 163 661 163 671 159 676 158 699 160 740 165 741 165 754 162 771 159 777 163 780 166 781 166 782 166 783 166 785 166 792 164 798 162 804 164 814 167 815 167 816 167 817 167 826 165 848 159 855 166 856 166 856 167 857 167 859 167 860 167 861 167 864 166 874 162 879 167 880 167 881 167 883 167 884 167 885 167 895 163 902 168 904 169 905 169 906 169 908 170 960 170 961 152 960 115 925 119 911 113 910 113 909 113 908 113 906 113 905 113 894 118 887 113 881 109 880 109"/></Shape>
	    <String CONTENT="D. PAVLI AD EPHESIOS"
                    HPOS="373"
                    VPOS="100"
                    WIDTH="588"
                    HEIGHT="70"
                    WC="0.9875879526138306"></String>
          </TextLine>
        </TextBlock>
        <TextBlock HPOS="252"
                   VPOS="180"
                   WIDTH="839"
                   HEIGHT="294"
                   ID="block_2"
                   TAGREFS="BT988">
          <Shape><Polygon POINTS="1091 180 1091 474 252 474 252 180"/></Shape>
          <TextLine ID="line_1"
                    TAGREFS="LT8"
                    BASELINE="289 212 1080 229" 
                    HPOS="288"
                    VPOS="187"
                    WIDTH="792"
                    HEIGHT="57">
            <Shape><Polygon POINTS="852 187 842 187 831 187 821 187 811 187 800 187 796 187 789 193 788 193 786 193 765 187 758 187 755 187 743 192 742 192 736 187 734 187 733 187 732 187 693 191 685 191 681 190 667 187 665 187 654 187 644 187 642 187 636 189 631 187 623 187 612 187 602 187 592 187 581 187 576 187 566 188 561 188 506 187 498 187 487 187 477 187 467 187 456 187 446 187 435 187 425 187 414 187 404 187 394 187 383 187 373 187 362 187 352 187 341 187 331 187 321 187 310 187 300 187 289 187 289 212 288 221 374 231 375 231 421 226 427 226 478 226 481 228 498 234 499 234 500 234 562 230 584 229 599 231 634 237 736 239 737 239 738 239 739 239 745 235 750 233 782 233 806 237 825 240 826 240 846 238 872 235 914 240 941 243 942 243 959 241 977 239 1008 243 1023 244 1024 244 1025 244 1028 243 1042 239 1077 244 1080 229 1079 200 1025 190 1024 190 945 194 933 188 932 188 866 187 863 187"/></Shape>
	    <String CONTENT="Adhortor igitur uos ego uinctus Domino,"
                    HPOS="288"
                    VPOS="187"
                    WIDTH="792"
                    HEIGHT="57"
                    WC="0.9991742968559265"></String>
          </TextLine>
          <TextLine ID="line_2"
                    TAGREFS="LT8"
                    BASELINE="256 259 1085 278" 
                    HPOS="255"
                    VPOS="224"
                    WIDTH="830"
                    HEIGHT="65">
            <Shape><Polygon POINTS="256 259 255 269 1083 289 1085 278 1085 241 1046 247 1034 240 1032 239 1031 239 1030 239 1024 240 996 245 903 238 874 236 873 236 856 237 816 241 794 236 781 234 780 234 765 236 742 239 568 236 564 233 558 229 557 229 556 229 555 229 536 233 529 234 521 232 504 228 503 228 502 228 398 231 368 231 364 230 347 224 346 224 345 224 256 228 256 259"/></Shape>
	    <String CONTENT="ut digne ambuletis uocatione, qua uocati"
                    HPOS="255"
                    VPOS="224"
                    WIDTH="830"
                    HEIGHT="65"
                    WC="0.997961999475956"></String>
          </TextLine>
          <TextLine ID="line_3"
                    TAGREFS="LT8"
                    BASELINE="254 308 1079 326" 
                    HPOS="253"
                    VPOS="267"
                    WIDTH="826"
                    HEIGHT="74">
            <Shape><Polygon POINTS="254 308 253 318 266 325 267 325 268 325 313 321 316 321 321 321 370 327 371 327 372 327 389 323 395 322 402 323 428 328 429 328 430 328 443 324 448 323 477 325 545 331 546 331 648 330 738 329 1076 341 1079 326 1079 294 1037 293 1018 283 1017 283 1016 283 932 290 875 281 874 281 832 288 799 287 787 278 786 278 785 278 758 278 757 278 756 278 740 286 694 286 672 276 671 276 640 275 617 275 616 275 615 275 614 275 605 282 574 274 573 274 476 272 475 272 474 272 446 280 406 280 387 269 386 269 385 269 348 278 284 267 283 267 282 267 254 276 254 308"/></Shape>
	    <String CONTENT="eſtis, cũ omni ſubmiſſione &amp; manſuetudine,"
                    HPOS="253"
                    VPOS="267"
                    WIDTH="826"
                    HEIGHT="74"
                    WC="0.9827253471973331"></String>
          </TextLine>
          <TextLine ID="line_4"
                    TAGREFS="LT8"
                    BASELINE="252 358 1081 374" 
                    HPOS="251"
                    VPOS="319"
                    WIDTH="830"
                    HEIGHT="70">
            <Shape><Polygon POINTS="262 325 261 319 252 319 252 358 251 366 352 368 354 369 365 376 366 376 368 376 407 371 412 371 413 372 419 376 420 376 421 376 422 376 459 373 472 372 489 374 542 379 543 379 561 375 570 374 574 376 582 380 583 380 584 380 744 380 903 380 919 384 924 386 925 386 926 386 950 385 1022 382 1032 387 1033 388 1034 388 1035 388 1036 389 1080 389 1081 374 1081 342 1001 342 996 339 990 336 989 336 988 336 987 336 977 339 969 341 890 340 879 336 859 330 857 330 856 330 855 330 842 335 835 338 803 334 776 331 775 331 774 331 769 333 759 337 748 333 736 328 734 328 733 328 707 332 684 335 678 331 673 327 672 327 671 327 670 327 669 327 657 330 640 335 582 335 543 327 523 324 522 324 479 326 375 330 346 322 345 322 344 322 265 319 262 325"/></Shape>
	    <String CONTENT="cũ longanimitate, tolerãtes uos inuicem per"
                    HPOS="251"
                    VPOS="319"
                    WIDTH="830"
                    HEIGHT="70"
                    WC="0.9977260377671984"></String>
          </TextLine>
          <TextLine ID="line_5"
                    TAGREFS="LT8"
                    BASELINE="249 406 1080 421" 
                    HPOS="248"
                    VPOS="367"
                    WIDTH="832"
                    HEIGHT="71">
            <Shape><Polygon POINTS="249 406 248 417 308 426 309 426 336 422 345 427 346 427 347 427 348 427 349 427 365 421 368 421 371 421 403 428 404 428 462 423 473 423 474 424 484 430 485 430 486 430 487 430 528 425 538 424 581 424 584 426 592 431 593 431 594 431 595 431 616 427 622 426 640 427 695 433 696 433 697 433 706 429 712 427 720 429 736 434 737 434 738 434 765 430 782 428 839 428 844 432 849 436 850 436 851 436 852 436 877 433 887 432 893 433 906 437 908 437 909 438 1079 438 1080 421 1079 385 852 385 837 381 829 379 828 379 827 379 789 380 722 383 715 379 708 375 707 375 706 375 705 375 684 379 666 382 610 378 537 372 536 372 511 376 495 379 474 376 455 373 454 373 442 375 428 378 424 375 417 369 415 369 414 369 413 369 412 369 399 375 390 377 382 374 364 368 363 368 304 367 303 367 249 372 249 406"/></Shape>
	    <String CONTENT="dilectionem, ſtudentes ſeruare unitatem ſpi¬"
                    HPOS="248"
                    VPOS="367"
                    WIDTH="832"
                    HEIGHT="71"
                    WC="0.997330283576792"></String>
          </TextLine>
          <TextLine ID="line_6"
                    TAGREFS="LT8"
                    BASELINE="251 455 618 460" 
                    HPOS="250"
                    VPOS="415"
                    WIDTH="368"
                    HEIGHT="62">
            <Shape><Polygon POINTS="251 455 250 463 333 465 342 474 344 474 345 474 346 474 393 466 400 474 400 475 401 475 402 475 403 476 435 476 435 475 436 475 452 469 470 476 471 476 472 477 533 477 533 476 534 476 535 476 543 471 596 476 597 476 598 476 617 469 618 460 618 430 582 421 581 421 580 421 579 421 562 429 561 429 506 422 505 422 504 422 488 427 480 420 480 418 479 418 478 418 461 417 460 417 423 425 413 417 412 417 411 417 383 416 382 416 381 416 380 416 380 417 373 425 371 426 362 424 326 416 325 416 324 416 309 423 305 425 301 423 289 415 288 415 287 415 286 415 251 421 251 455"/></Shape>
	    <String CONTENT="ritus, uinculo pacis."
                    HPOS="250"
                    VPOS="415"
                    WIDTH="368"
                    HEIGHT="62"
                    WC="0.999031472773779"></String>
          </TextLine>
        </TextBlock>
        <TextBlock HPOS="245"
                   VPOS="475"
                   WIDTH="843"
                   HEIGHT="297"
                   ID="block_1"
                   TAGREFS="BT988">
          <Shape><Polygon POINTS="1088 475 1088 772 245 772 245 475"/></Shape>
          <TextLine ID="line_7"
                    TAGREFS="LT8"
                    BASELINE="304 504 1080 521" 
                    HPOS="303"
                    VPOS="496"
                    WIDTH="777"
                    HEIGHT="39">
            <Shape><Polygon POINTS="1075 496 1065 496 1055 496 1044 496 1034 496 1023 496 1013 496 1002 496 992 496 982 496 971 496 961 496 950 496 940 496 929 496 919 496 909 496 898 496 888 496 877 496 867 496 856 496 853 496 850 498 842 496 836 496 825 496 815 496 810 496 796 501 791 496 783 496 773 496 763 496 762 496 742 500 727 496 721 496 710 496 700 496 690 496 679 496 676 496 656 498 642 496 638 496 627 496 617 496 606 496 596 496 585 496 575 496 565 496 554 496 544 496 533 496 523 496 512 496 502 496 492 496 481 496 471 496 460 496 450 496 439 496 429 496 419 496 408 496 398 496 387 496 377 496 366 496 356 496 346 496 335 496 325 496 314 496 304 496 304 504 303 513 369 522 370 522 399 516 401 516 404 516 472 524 473 524 474 524 486 519 496 527 497 527 498 527 548 528 549 528 550 528 576 521 577 521 578 521 598 529 599 529 600 529 601 529 622 523 642 530 643 530 644 530 722 525 738 524 741 525 750 532 751 532 752 532 753 532 817 527 836 526 853 528 908 535 909 535 1079 533 1080 521 1080 496 1075 496"/></Shape>
	    <String CONTENT="Vnum corpus entis, uno ipiritu uiuitis, quẽ"
                    HPOS="303"
                    VPOS="496"
                    WIDTH="777"
                    HEIGHT="39"></String>
          </TextLine>
          <TextLine ID="line_8"
                    TAGREFS="LT8"
                    BASELINE="248 551 1077 571" 
                    HPOS="247"
                    VPOS="512"
                    WIDTH="830"
                    HEIGHT="74">
            <Shape><Polygon POINTS="248 551 247 561 290 569 291 569 317 563 319 563 320 563 337 570 338 570 339 570 340 570 357 564 358 564 386 571 387 571 429 566 435 572 436 572 437 572 438 572 500 568 502 568 509 574 510 574 511 574 512 574 547 569 549 569 557 569 719 578 720 578 764 574 781 580 782 580 783 580 841 576 902 583 903 583 945 578 990 585 1064 586 1065 586 1066 586 1076 580 1077 571 1077 540 1052 540 1050 539 1036 530 1035 530 1034 530 1033 530 1032 530 1009 537 1006 538 950 538 942 535 904 526 903 526 902 526 869 533 860 535 849 533 816 524 815 524 814 524 813 524 787 531 776 533 753 530 726 526 725 526 724 526 718 529 713 531 652 531 644 526 630 520 629 520 628 520 571 524 568 524 565 524 523 517 522 517 495 522 467 526 444 520 423 514 422 514 355 513 354 513 353 513 340 516 331 520 327 516 323 512 322 512 321 512 320 512 248 513 248 551"/></Shape>
	    <String CONTENT="admodũ una ſpes eſt uocationis ueſtræ, qua"
                    HPOS="247"
                    VPOS="512"
                    WIDTH="830"
                    HEIGHT="74"
                    WC="0.9962068075357482"></String>
          </TextLine>
          <TextLine ID="line_9"
                    TAGREFS="LT8"
                    BASELINE="246 600 1076 618" 
                    HPOS="244"
                    VPOS="563"
                    WIDTH="832"
                    HEIGHT="71">
            <Shape><Polygon POINTS="246 600 244 610 420 621 421 621 422 621 423 621 430 615 440 621 442 621 443 621 488 616 499 623 500 623 501 623 502 623 575 619 589 625 590 625 591 625 674 621 683 627 684 627 685 627 687 627 688 627 710 622 759 628 761 628 762 628 773 623 780 629 781 629 782 629 783 629 822 624 842 630 843 630 1007 633 1008 633 1009 633 1027 628 1053 634 1055 634 1056 634 1057 634 1075 628 1076 618 1076 589 1004 582 1003 582 930 585 918 578 917 578 916 578 856 574 836 574 835 574 834 574 832 574 819 582 612 579 586 568 585 568 584 568 549 569 548 569 532 576 488 565 351 563 350 563 303 571 258 563 257 563 256 563 255 563 246 568 246 600"/></Shape>
	    <String CONTENT="uocati eſtis. Vnus dominus, una fides, unum"
                    HPOS="244"
                    VPOS="563"
                    WIDTH="832"
                    HEIGHT="71"
                    WC="0.9975572200708611"></String>
          </TextLine>
          <TextLine ID="line_10"
                    TAGREFS="LT8"
                    BASELINE="243 649 1073 667" 
                    HPOS="242"
                    VPOS="610"
                    WIDTH="831"
                    HEIGHT="71">
            <Shape><Polygon POINTS="242 659 284 660 292 668 292 669 293 669 295 669 296 669 338 662 346 669 347 669 348 669 349 669 462 665 471 665 472 665 494 673 495 673 496 673 497 673 517 667 519 667 571 667 572 668 579 674 580 674 581 674 582 674 624 670 633 669 643 670 683 677 684 677 734 673 753 678 754 678 755 678 756 678 771 673 776 672 781 673 800 679 801 679 802 679 853 675 874 674 881 676 899 681 900 681 901 681 1072 680 1073 667 1073 629 1050 627 1049 627 1048 627 1047 627 1046 628 1035 635 1022 630 1021 630 1020 630 1019 630 1018 630 1009 635 935 635 922 625 921 624 920 624 919 624 918 624 905 625 830 632 730 631 709 630 694 620 693 620 692 620 631 619 630 619 629 619 607 627 596 618 595 618 594 618 568 616 534 616 533 616 532 616 516 625 440 625 348 612 338 611 337 611 332 611 280 620 266 610 265 610 264 610 244 610 243 649 242 659"/></Shape>
	    <String CONTENT="baptiſma, unus Deus &amp; pater omnium, qui"
                    HPOS="242"
                    VPOS="610"
                    WIDTH="831"
                    HEIGHT="71"
                    WC="0.9928290507732294"></String>
          </TextLine>
          <TextLine ID="line_11"
                    TAGREFS="LT8"
                    BASELINE="243 698 887 713 1075 713" 
                    HPOS="242"
                    VPOS="659"
                    WIDTH="833"
                    HEIGHT="74">
            <Shape><Polygon POINTS="243 698 242 707 329 708 332 709 359 717 360 717 361 717 386 711 423 720 424 720 470 713 540 722 541 722 584 717 608 724 609 724 610 724 688 718 705 726 706 726 707 726 834 721 852 729 853 729 854 729 944 725 1028 733 1030 733 1074 725 1075 713 1074 685 1049 685 1046 684 1030 676 1028 676 1027 676 995 682 983 684 928 683 923 680 915 676 914 676 913 676 912 676 901 679 894 682 888 679 878 673 877 673 876 673 875 673 846 678 831 680 816 677 791 671 790 671 769 675 750 679 638 677 629 671 626 669 625 669 624 669 623 669 622 669 621 669 619 671 609 676 567 676 558 669 555 665 554 665 553 665 478 664 477 664 466 665 426 672 387 663 377 661 322 660 321 660 320 660 317 661 309 665 243 659 243 698"/></Shape>
	    <String CONTENT="omnibus præſidet, per omnia uirtutem ſu¬"
                    HPOS="242"
                    VPOS="659"
                    WIDTH="833"
                    HEIGHT="74"
                    WC="0.9981623023748398"></String>
          </TextLine>
          <TextLine ID="line_12"
                    TAGREFS="LT8"
                    BASELINE="242 748 866 759" 
                    HPOS="241"
                    VPOS="710"
                    WIDTH="625"
                    HEIGHT="63">
            <Shape><Polygon POINTS="242 748 241 762 864 773 866 759 866 731 808 720 807 720 767 729 765 729 752 719 751 719 750 719 708 719 707 719 706 719 705 719 705 720 696 728 695 728 680 722 679 722 678 722 677 722 676 722 668 727 667 727 620 727 619 726 583 716 582 716 581 716 580 716 561 724 546 717 545 717 544 717 477 724 471 724 470 724 458 718 457 718 456 718 429 723 428 723 427 723 422 718 421 718 420 718 419 718 418 718 417 718 417 719 412 723 411 723 410 723 386 716 385 716 384 716 383 716 365 722 364 722 357 716 357 714 356 714 355 714 354 714 353 714 340 720 328 711 327 711 326 711 325 711 285 716 280 711 280 710 279 710 278 710 277 710 276 710 242 719 242 748"/></Shape>
	    <String CONTENT="am exerit, in omnibus uobis agit."
                    HPOS="241"
                    VPOS="710"
                    WIDTH="625"
                    HEIGHT="63"
                    WC="0.9991389982628099"></String>
          </TextLine>
        </TextBlock>
        <TextBlock HPOS="241"
                   VPOS="767"
                   WIDTH="840"
                   HEIGHT="391"
                   ID="block_3"
                   TAGREFS="BT988">
          <Shape><Polygon POINTS="1081 767 1081 1158 241 1158 241 767"/></Shape>
          <TextLine ID="line_13"
                    TAGREFS="LT8"
                    BASELINE="304 810 1059 822" 
                    HPOS="301"
                    VPOS="767"
                    WIDTH="756"
                    HEIGHT="60">
            <Shape><Polygon POINTS="999 767 998 767 996 767 944 775 866 767 851 767 837 767 801 775 791 767 788 767 772 767 757 767 741 767 733 767 685 770 672 767 663 767 647 767 641 767 638 769 636 767 632 767 616 767 611 767 602 772 303 769 303 809 301 819 1054 827 1057 820 1052 767 1015 778 1002 767 1001 767"/></Shape>
	    <String CONTENT="Vnicuiq uero uestrũ contigit beneuolen¬"
                    HPOS="301"
                    VPOS="767"
                    WIDTH="756"
                    HEIGHT="60"></String>
          </TextLine>
          <TextLine ID="line_14"
                    TAGREFS="LT8"
                    BASELINE="239 846 1071 861" 
                    HPOS="238"
                    VPOS="805"
                    WIDTH="833"
                    HEIGHT="72">
            <Shape><Polygon POINTS="239 846 238 857 295 864 296 864 455 861 476 861 477 861 483 867 484 867 485 867 486 867 487 867 505 862 516 868 517 868 518 868 617 865 684 871 685 871 718 866 721 866 726 866 803 873 804 873 832 868 849 874 850 874 961 876 962 876 988 871 1024 877 1025 877 1070 871 1071 861 1071 829 1020 828 1002 819 1001 819 1000 819 999 819 972 825 916 820 915 820 914 820 899 826 898 826 874 817 873 817 872 817 802 824 793 825 787 824 737 813 736 813 734 813 713 823 712 823 593 822 593 821 571 810 570 810 540 810 538 810 537 810 516 820 515 820 489 812 488 812 487 812 486 812 471 819 459 808 458 808 457 808 456 808 399 817 387 808 386 808 385 808 342 806 341 806 293 816 266 805 265 805 264 805 263 805 239 815 239 846"/></Shape>
	    <String CONTENT="tia, ſecundũ modum, quo illam Chriſtus im¬"
                    HPOS="238"
                    VPOS="805"
                    WIDTH="833"
                    HEIGHT="72"
                    WC="0.9781591864519341"></String>
          </TextLine>
          <TextLine ID="line_15"
                    TAGREFS="LT8"
                    BASELINE="241 897 1070 912" 
                    HPOS="241"
                    VPOS="857"
                    WIDTH="829"
                    HEIGHT="69">
            <Shape><Polygon POINTS="241 897 241 911 297 907 483 910 510 917 518 918 519 918 528 917 568 912 578 918 580 919 581 919 582 919 590 918 622 914 643 919 646 920 647 920 648 920 653 919 676 915 687 920 688 920 689 920 690 920 691 920 708 916 769 921 779 922 780 922 781 922 782 922 789 917 810 922 814 923 815 923 816 923 849 923 952 921 977 925 986 926 987 926 988 926 990 925 1001 921 1068 926 1070 912 1070 877 1048 872 1047 872 1046 872 1045 872 1040 876 1035 880 1015 880 1007 876 994 870 993 870 992 870 991 870 975 875 966 878 961 875 952 869 951 869 950 869 895 868 894 868 865 873 849 876 840 873 823 867 822 867 821 867 770 872 743 874 739 871 736 868 734 868 733 868 732 868 731 868 723 871 718 873 712 871 697 865 696 865 695 865 651 870 628 872 621 869 605 862 604 862 603 862 560 868 545 870 537 868 518 860 517 860 516 860 477 867 461 869 415 867 414 866 407 859 407 858 406 858 405 858 379 858 378 858 377 858 365 865 361 867 326 867 322 864 314 858 313 858 312 858 311 858 310 858 299 864 296 866 266 866 262 862 254 857 253 857 252 857 251 857 250 857 241 861 241 897"/></Shape>
	    <String CONTENT="partit. Quare ille dicit: Cum aſcendiſſet in al"
                    HPOS="241"
                    VPOS="857"
                    WIDTH="829"
                    HEIGHT="69"
                    WC="0.993424856916387"></String>
          </TextLine>
          <TextLine ID="line_16"
                    TAGREFS="LT8"
                    BASELINE="241 943 1074 961" 
                    HPOS="240"
                    VPOS="905"
                    WIDTH="834"
                    HEIGHT="68">
            <Shape><Polygon POINTS="241 943 240 952 333 960 334 960 376 956 378 956 381 956 433 963 1072 973 1074 961 1074 921 1024 920 1023 920 1022 920 1021 920 984 929 895 928 883 919 881 919 880 919 879 919 878 919 865 926 850 918 845 916 844 916 843 916 818 918 753 924 724 917 706 912 705 912 704 912 664 917 614 921 586 921 578 916 570 909 569 909 568 909 567 909 566 909 552 916 544 919 500 919 492 915 475 907 474 907 473 907 445 911 359 905 358 905 357 905 356 905 346 912 321 908 320 908 319 908 308 912 305 914 302 912 281 906 280 906 279 906 241 911 241 943"/></Shape>
	    <String CONTENT="tum, dedit dona hominibus. Hoc uero, aſcẽ"
                    HPOS="240"
                    VPOS="905"
                    WIDTH="834"
                    HEIGHT="68"></String>
          </TextLine>
          <TextLine ID="line_17"
                    TAGREFS="LT8"
                    BASELINE="239 993 1070 1009" 
                    HPOS="238"
                    VPOS="952"
                    WIDTH="832"
                    HEIGHT="69">
            <Shape><Polygon POINTS="239 993 238 1004 1068 1021 1070 1009 1070 977 1044 968 1043 968 1042 968 1041 968 1017 975 1017 976 967 976 915 975 910 973 886 965 885 965 884 965 883 965 866 972 862 973 842 971 754 961 700 960 699 960 669 967 658 969 655 967 647 959 646 959 645 959 579 958 578 958 577 958 560 964 552 967 544 964 536 960 535 960 534 960 518 963 500 966 495 963 488 956 487 956 486 956 460 956 459 956 458 956 457 956 451 961 447 965 439 960 427 955 426 955 389 954 388 954 387 954 386 954 380 959 375 963 298 963 292 957 287 953 287 952 286 952 285 952 284 952 239 955 239 993"/></Shape>
	    <String CONTENT="dit, quid indicat, niſi quod deſcendit prius, in"
                    HPOS="238"
                    VPOS="952"
                    WIDTH="832"
                    HEIGHT="69"
                    WC="0.9865189604461193"></String>
          </TextLine>
          <TextLine ID="line_18"
                    TAGREFS="LT8"
                    BASELINE="236 1041 1069 1058" 
                    HPOS="235"
                    VPOS="1001"
                    WIDTH="834"
                    HEIGHT="73">
            <Shape><Polygon POINTS="236 1041 235 1051 253 1057 254 1057 255 1057 256 1057 266 1052 292 1052 330 1052 331 1053 341 1060 342 1060 344 1060 345 1060 378 1054 381 1054 386 1055 431 1064 432 1064 433 1064 451 1057 458 1064 459 1064 460 1064 461 1064 462 1064 479 1058 521 1065 522 1065 523 1065 537 1059 541 1058 557 1059 618 1066 619 1066 636 1062 645 1060 649 1063 660 1068 661 1068 663 1068 664 1068 665 1068 672 1063 676 1060 702 1064 745 1070 746 1070 793 1067 822 1065 844 1068 868 1072 1067 1074 1069 1058 1069 1028 1048 1018 1047 1018 1046 1018 977 1026 957 1016 955 1016 936 1016 935 1016 934 1016 933 1016 921 1025 920 1025 881 1025 880 1024 867 1014 866 1014 865 1014 864 1014 829 1018 794 1013 793 1013 751 1020 746 1021 744 1020 723 1010 722 1010 721 1010 720 1010 693 1019 689 1020 685 1019 667 1009 666 1009 665 1009 600 1016 581 1018 577 1016 569 1009 568 1009 567 1009 566 1009 565 1009 552 1015 546 1017 504 1017 496 1014 474 1005 473 1005 472 1005 471 1005 453 1011 446 1015 442 1011 431 1004 430 1004 429 1004 428 1004 395 1008 369 1003 368 1003 366 1003 350 1009 339 1013 310 1013 301 1007 285 1001 284 1001 283 1001 236 1005 236 1041"/></Shape>
	    <String CONTENT="hæcinferiora, in terrã? Qui deſcendit, ipſe"
                    HPOS="235"
                    VPOS="1001"
                    WIDTH="834"
                    HEIGHT="73"
                    WC="0.9889569594101473"></String>
          </TextLine>
          <TextLine ID="line_19"
                    TAGREFS="LT8"
                    BASELINE="238 1090 1067 1106" 
                    HPOS="237"
                    VPOS="1051"
                    WIDTH="830"
                    HEIGHT="75">
            <Shape><Polygon POINTS="238 1090 237 1101 310 1112 311 1112 389 1105 417 1113 418 1113 419 1113 440 1108 450 1115 451 1115 452 1115 453 1115 454 1115 476 1108 507 1116 508 1116 509 1116 535 1108 592 1108 604 1118 605 1118 606 1118 607 1118 676 1112 738 1120 739 1120 740 1120 751 1115 764 1120 765 1120 766 1120 793 1115 878 1120 879 1120 906 1116 920 1124 921 1124 922 1124 923 1124 951 1118 968 1125 969 1125 1015 1126 1016 1126 1066 1118 1067 1106 1067 1078 983 1071 982 1071 896 1073 860 1063 859 1063 857 1063 788 1071 786 1071 624 1069 621 1067 602 1057 601 1057 600 1057 569 1064 561 1057 560 1057 559 1057 527 1056 526 1056 525 1056 503 1065 501 1066 467 1066 462 1064 437 1054 436 1054 356 1053 355 1053 354 1053 339 1060 337 1063 306 1063 303 1059 292 1051 291 1051 290 1051 258 1051 257 1051 256 1051 238 1057 238 1090"/></Shape>
	    <String CONTENT="eſt, qui &amp; aſcendit ſuper omnes cælos, ut per¬"
                    HPOS="237"
                    VPOS="1051"
                    WIDTH="830"
                    HEIGHT="75"
                    WC="0.9974368706993435"></String>
          </TextLine>
          <TextLine ID="line_20"
                    TAGREFS="LT8"
                    BASELINE="236 1140 516 1146" 
                    HPOS="235"
                    VPOS="1104"
                    WIDTH="281"
                    HEIGHT="58">
            <Shape><Polygon POINTS="236 1140 235 1151 247 1156 248 1156 249 1156 323 1152 328 1152 337 1152 477 1162 478 1162 515 1155 516 1146 516 1121 383 1109 382 1109 349 1113 331 1115 326 1112 313 1104 312 1104 311 1104 310 1104 236 1107 236 1140"/></Shape>
	    <String CONTENT="ficeret omnia."
                    HPOS="235"
                    VPOS="1104"
                    WIDTH="281"
                    HEIGHT="58"
                    WC="0.9998501454080854"></String>
          </TextLine>
        </TextBlock>
        <TextBlock HPOS="233"
                   VPOS="1160"
                   WIDTH="840"
                   HEIGHT="356"
                   ID="block_0"
                   TAGREFS="BT988">
          <Shape><Polygon POINTS="1073 1160 1073 1516 233 1516 233 1160"/></Shape>
          <TextLine ID="line_21"
                    TAGREFS="LT8"
                    BASELINE="278 1195 1068 1206" 
                    HPOS="277"
                    VPOS="1149"
                    WIDTH="791"
                    HEIGHT="72">
            <Shape><Polygon POINTS="1059 1205 1048 1205 1038 1205 1027 1205 1017 1205 1014 1177 996 1177 995 1176 960 1158 959 1158 958 1158 957 1158 928 1173 924 1175 921 1173 893 1159 892 1159 891 1159 867 1164 853 1156 852 1156 851 1156 814 1165 798 1158 797 1158 796 1158 795 1158 764 1167 761 1168 755 1167 724 1157 723 1157 722 1157 721 1157 720 1157 708 1165 665 1154 664 1154 633 1156 632 1156 631 1156 625 1162 618 1167 572 1163 571 1163 570 1163 557 1168 547 1159 546 1159 545 1159 544 1159 543 1159 527 1164 520 1157 516 1154 515 1154 513 1154 512 1154 492 1156 475 1150 474 1150 473 1150 472 1150 459 1155 440 1164 425 1154 417 1149 415 1149 414 1149 413 1149 385 1152 358 1156 352 1151 350 1150 350 1149 349 1149 348 1149 347 1149 346 1149 341 1151 331 1155 278 1149 278 1195 277 1202 291 1208 292 1208 293 1208 339 1204 422 1211 423 1211 551 1207 560 1207 561 1207 569 1214 569 1215 570 1215 571 1215 572 1216 606 1216 606 1215 607 1215 608 1215 618 1208 619 1208 652 1216 653 1216 688 1210 690 1210 692 1210 717 1217 718 1217 719 1217 778 1212 779 1212 789 1218 790 1218 791 1218 792 1218 839 1213 847 1212 849 1213 859 1219 860 1219 861 1219 862 1219 863 1219 873 1214 1003 1221 1004 1221 1067 1216 1068 1206 1066 1205 1059 1205"/></Shape>
	    <String CONTENT="Et hic dedit hos quidẽ Apoſtolos, alios ue"
                    HPOS="277"
                    VPOS="1149"
                    WIDTH="791"
                    HEIGHT="72"></String>
          </TextLine>
          <TextLine ID="line_22"
                    TAGREFS="LT8"
                    BASELINE="235 1241 1066 1255" 
                    HPOS="234"
                    VPOS="1208"
                    WIDTH="832"
                    HEIGHT="61">
            <Shape><Polygon POINTS="558 1208 548 1208 537 1208 527 1208 523 1208 507 1215 506 1215 438 1215 437 1214 424 1208 423 1208 412 1208 402 1208 399 1208 387 1213 386 1214 354 1214 352 1212 345 1208 339 1208 329 1208 319 1208 308 1208 298 1208 287 1208 277 1208 266 1208 261 1208 235 1210 235 1241 234 1255 1064 1269 1066 1255 1065 1225 991 1224 990 1223 946 1214 945 1214 944 1214 924 1222 923 1223 891 1223 890 1222 879 1213 878 1213 877 1213 827 1212 826 1212 825 1212 806 1220 768 1220 739 1220 738 1219 709 1210 708 1210 707 1210 706 1210 680 1218 679 1218 675 1218 621 1212 620 1212 585 1216 568 1208 558 1208"/></Shape>
	    <String CONTENT="ro Prophetas, alios uero Euãgeliſtas, alios au"
                    HPOS="234"
                    VPOS="1208"
                    WIDTH="832"
                    HEIGHT="61"
                    WC="0.9963586368459336"></String>
          </TextLine>
          <TextLine ID="line_23"
                    TAGREFS="LT8"
                    BASELINE="235 1288 1066 1303" 
                    HPOS="234"
                    VPOS="1249"
                    WIDTH="832"
                    HEIGHT="66">
            <Shape><Polygon POINTS="235 1288 234 1298 1064 1315 1066 1303 1066 1274 1010 1262 984 1262 983 1262 982 1262 960 1271 935 1261 934 1261 933 1261 867 1269 830 1269 818 1259 817 1259 816 1259 815 1259 814 1259 786 1266 773 1260 772 1260 771 1260 770 1260 769 1260 756 1267 681 1267 657 1260 656 1260 655 1260 654 1260 638 1265 624 1254 623 1254 622 1254 621 1254 579 1264 561 1253 560 1253 559 1253 511 1252 510 1252 456 1262 407 1262 396 1251 395 1251 394 1251 393 1251 391 1251 377 1257 347 1249 346 1249 323 1249 322 1249 321 1249 302 1259 284 1250 283 1250 282 1250 281 1250 265 1259 235 1259 235 1288"/></Shape>
	    <String CONTENT="tem Paſtores &amp; Doctores, ad hoc ut ſancti in"
                    HPOS="234"
                    VPOS="1249"
                    WIDTH="832"
                    HEIGHT="66"></String>
          </TextLine>
          <TextLine ID="line_24"
                    TAGREFS="LT8"
                    BASELINE="230 1340 1068 1352" 
                    HPOS="229"
                    VPOS="1299"
                    WIDTH="839"
                    HEIGHT="71">
            <Shape><Polygon POINTS="230 1340 229 1348 305 1355 306 1355 369 1352 401 1360 402 1360 403 1360 415 1353 438 1362 439 1362 440 1362 496 1354 511 1363 512 1363 513 1364 543 1364 543 1363 544 1363 559 1355 605 1361 606 1361 642 1355 684 1362 685 1362 728 1358 752 1366 753 1366 754 1366 873 1361 1032 1370 1033 1370 1034 1370 1067 1361 1068 1352 1068 1313 1026 1311 1025 1311 1024 1311 1023 1311 1022 1312 1008 1320 935 1320 921 1310 920 1309 919 1309 918 1309 917 1309 916 1309 912 1310 884 1318 791 1318 776 1307 775 1306 774 1306 773 1306 753 1306 752 1306 751 1306 750 1306 750 1307 736 1317 718 1317 706 1306 705 1305 704 1305 703 1305 681 1305 680 1305 679 1305 678 1305 664 1315 643 1305 640 1304 639 1304 638 1304 636 1304 635 1304 634 1305 625 1312 620 1307 619 1307 618 1307 617 1307 587 1314 571 1306 570 1306 569 1306 538 1313 519 1303 518 1303 517 1303 515 1303 487 1307 433 1302 423 1301 422 1301 418 1301 372 1311 354 1304 353 1304 352 1304 293 1310 273 1299 272 1299 271 1299 230 1299 230 1340"/></Shape>
	    <String CONTENT="ſtaurentur, &amp; opus miniſterij procedat, ædi¬"
                    HPOS="229"
                    VPOS="1299"
                    WIDTH="839"
                    HEIGHT="71"
                    WC="0.991029838269407"></String>
          </TextLine>
          <TextLine ID="line_25"
                    TAGREFS="LT8"
                    BASELINE="229 1388 1065 1401" 
                    HPOS="229"
                    VPOS="1347"
                    WIDTH="836"
                    HEIGHT="72">
            <Shape><Polygon POINTS="229 1388 229 1401 332 1401 342 1403 369 1409 370 1409 418 1404 427 1403 436 1404 485 1411 486 1411 487 1411 508 1405 515 1403 519 1405 529 1410 530 1410 531 1410 532 1410 533 1410 541 1405 545 1403 612 1404 615 1407 620 1411 621 1411 622 1411 623 1411 651 1407 660 1405 665 1407 685 1414 687 1414 688 1414 715 1408 720 1407 725 1408 750 1413 751 1413 775 1408 779 1408 905 1409 909 1410 1000 1419 1001 1419 1064 1411 1065 1401 1065 1360 1011 1360 1010 1360 1009 1360 1008 1360 994 1370 977 1370 947 1359 946 1359 911 1358 910 1358 909 1358 908 1358 888 1368 826 1368 818 1361 817 1361 816 1361 815 1361 761 1366 732 1355 728 1354 727 1354 663 1353 661 1353 660 1353 658 1354 646 1362 634 1354 633 1353 632 1353 631 1353 597 1352 596 1352 595 1352 592 1353 574 1361 553 1353 548 1351 547 1351 546 1351 545 1351 544 1351 542 1353 528 1363 499 1363 488 1353 487 1353 486 1353 485 1353 443 1361 377 1355 376 1355 293 1359 270 1349 264 1347 263 1347 262 1347 229 1348 229 1388"/></Shape>
	    <String CONTENT="ficiumq corporis Chriſti incrementũ accipi"
                    HPOS="229"
                    VPOS="1347"
                    WIDTH="836"
                    HEIGHT="72"></String>
          </TextLine>
          <TextLine ID="line_26"
                    TAGREFS="LT8"
                    BASELINE="228 1438 1067 1451" 
                    HPOS="227"
                    VPOS="1400"
                    WIDTH="840"
                    HEIGHT="61">
            <Shape><Polygon POINTS="227 1449 1065 1461 1067 1451 1066 1412 1003 1420 944 1411 938 1410 937 1410 926 1410 847 1417 838 1411 837 1411 836 1411 835 1411 788 1416 755 1409 745 1407 744 1407 743 1407 738 1409 722 1416 684 1416 648 1409 647 1409 646 1409 630 1414 580 1412 566 1407 552 1403 551 1403 550 1403 549 1403 536 1407 517 1412 447 1407 446 1407 445 1407 435 1411 424 1405 420 1404 419 1404 418 1404 417 1404 415 1404 414 1405 408 1411 358 1411 347 1405 335 1400 334 1400 302 1400 301 1400 300 1400 299 1400 292 1404 287 1408 274 1404 255 1400 254 1400 253 1400 244 1404 238 1408 229 1404 228 1438 227 1449"/></Shape>
	    <String CONTENT="at, donec uniuerſi occurrerimus inuicẽ eadẽ"
                    HPOS="227"
                    VPOS="1400"
                    WIDTH="840"
                    HEIGHT="61"
                    WC="0.9916335516505771"></String>
          </TextLine>
          <TextLine ID="line_27"
                    TAGREFS="LT8"
                    BASELINE="226 1488 1067 1499" 
                    HPOS="225"
                    VPOS="1443"
                    WIDTH="842"
                    HEIGHT="78">
            <Shape><Polygon POINTS="226 1488 225 1511 267 1512 268 1512 270 1512 271 1512 282 1502 302 1502 365 1502 380 1512 382 1514 383 1514 384 1514 385 1514 412 1513 471 1509 483 1513 489 1515 491 1515 492 1515 507 1513 550 1507 569 1512 570 1512 571 1513 571 1512 572 1512 590 1507 601 1514 605 1517 606 1517 607 1517 608 1518 668 1518 668 1517 669 1517 675 1514 683 1511 696 1514 710 1518 712 1518 713 1519 736 1519 736 1518 737 1518 738 1518 742 1515 748 1511 817 1511 826 1515 837 1520 838 1520 839 1521 868 1521 868 1520 869 1520 870 1520 877 1515 881 1513 886 1515 895 1520 896 1520 897 1520 898 1520 916 1516 933 1512 1065 1516 1067 1499 1065 1454 1013 1464 992 1464 974 1453 971 1452 970 1452 969 1452 968 1452 963 1453 943 1461 911 1453 902 1452 901 1452 900 1452 899 1452 897 1453 886 1462 868 1462 857 1453 856 1452 855 1452 854 1452 828 1450 807 1450 806 1450 805 1450 804 1450 800 1453 791 1460 724 1459 718 1453 717 1452 716 1452 715 1452 714 1452 706 1453 684 1459 678 1453 672 1448 671 1448 670 1448 669 1448 644 1453 642 1453 640 1453 597 1447 596 1447 547 1453 522 1457 512 1453 492 1446 491 1446 435 1445 434 1445 433 1445 418 1453 414 1454 359 1454 357 1453 344 1446 342 1446 341 1446 298 1453 295 1453 293 1453 285 1446 285 1445 284 1445 283 1445 282 1445 281 1445 268 1448 262 1443 261 1443 260 1443 259 1443 258 1443 226 1452 226 1488"/></Shape>
	    <String CONTENT="fide &amp; cognitione filij Dei præditi, ſimiles ui"
                    HPOS="225"
                    VPOS="1443"
                    WIDTH="842"
                    HEIGHT="78"></String>
          </TextLine>
        </TextBlock>
        <TextBlock HPOS="916"
                   VPOS="1512"
                   WIDTH="150"
                   HEIGHT="61"
                   ID="block_5"
                   TAGREFS="BT17">
          <Shape><Polygon POINTS="1066 1512 1066 1573 916 1573 916 1512"/></Shape>
          <TextLine ID="line_28"
                    TAGREFS="LT8"
                    BASELINE="915 1550 1060 1550" 
                    HPOS="915"
                    VPOS="1512"
                    WIDTH="145"
                    HEIGHT="68">
            <Shape><Polygon POINTS="915 1550 915 1570 941 1570 944 1572 953 1580 954 1580 955 1580 957 1580 958 1580 977 1574 978 1574 1059 1580 1060 1550 1060 1517 915 1512 915 1550"/></Shape>
	    <String CONTENT="toiam"
                    HPOS="915"
                    VPOS="1512"
                    WIDTH="145"
                    HEIGHT="68"
                    WC="0.999948263168335"></String>
          </TextLine>
        </TextBlock>
        <TextBlock HPOS="132"
                   VPOS="447"
                   WIDTH="46"
                   HEIGHT="59"
                   ID="eSc_textblock_e86fca23"
                   TAGREFS="BT15">
          <Shape><Polygon POINTS="132 447 132 506 178 506 178 447"/></Shape>
          <TextLine ID="eSc_line_f413fb5e"
                    TAGREFS="LT8"
                    BASELINE="132 496 172 492" 
                    HPOS="123"
                    VPOS="429"
                    WIDTH="47"
                    HEIGHT="74">
            <Shape><Polygon POINTS="131 503 170 503 170 490 161 429 123 437 131 495"/></Shape>
	    <String CONTENT="2."
                    HPOS="123"
                    VPOS="429"
                    WIDTH="47"
                    HEIGHT="74"
                    WC="0.9999900460243225"></String>
          </TextLine>
        </TextBlock>
        <TextBlock HPOS="129"
                   VPOS="755"
                   WIDTH="36"
                   HEIGHT="52"
                   ID="eSc_textblock_cd26716e"
                   TAGREFS="BT15">
          <Shape><Polygon POINTS="129 755 129 807 165 807 165 755"/></Shape>
          <TextLine ID="eSc_line_a15dd892"
                    TAGREFS="LT8"
                    BASELINE="126 788 152 788" 
                    HPOS="125"
                    VPOS="751"
                    WIDTH="26"
                    HEIGHT="63">
            <Shape><Polygon POINTS="126 814 151 805 151 787 151 753 125 751 125 787"/></Shape>
	    <String CONTENT="3·"
                    HPOS="125"
                    VPOS="751"
                    WIDTH="26"
                    HEIGHT="63"></String>
          </TextLine>
        </TextBlock>
        <TextBlock HPOS="106"
                   VPOS="1155"
                   WIDTH="66"
                   HEIGHT="59"
                   ID="eSc_textblock_42078025"
                   TAGREFS="BT15">
          <Shape><Polygon POINTS="106 1155 106 1214 172 1214 172 1155"/></Shape>
          <TextLine ID="eSc_line_0a4de265"
                    TAGREFS="LT8"
                    BASELINE="113 1194 145 1194" 
                    HPOS="112"
                    VPOS="1156"
                    WIDTH="31"
                    HEIGHT="57">
            <Shape><Polygon POINTS="112 1211 142 1213 143 1192 143 1156 112 1156 112 1192"/></Shape>
	    <String CONTENT="4·"
                    HPOS="112"
                    VPOS="1156"
                    WIDTH="31"
                    HEIGHT="57"></String>
          </TextLine>
        </TextBlock>
      </PrintSpace>
    </Page>
  </Layout>
</alto>
