<?xml version="1.0" encoding="UTF-8"?>
<alto xmlns:xsi="http://www.w3.org/2001/XMLSchema-instance"
      xmlns="http://www.loc.gov/standards/alto/ns-v4#"
      xsi:schemaLocation="http://www.loc.gov/standards/alto/ns-v4# http://www.loc.gov/standards/alto/v4/alto-4-2.xsd">
  <Description>
    <MeasurementUnit>pixel</MeasurementUnit>
    <sourceImageInformation>
      <fileName>bsb00035303_00040.jpg</fileName>
    </sourceImageInformation>
  </Description>
  <Tags>
    <OtherTag ID="BT7" LABEL="CustomZone" DESCRIPTION="block type CustomZone"/><OtherTag ID="BT10" LABEL="DropCapitalZone" DESCRIPTION="block type DropCapitalZone"/><OtherTag ID="BT11" LABEL="GraphicZone" DESCRIPTION="block type GraphicZone"/><OtherTag ID="BT12" LABEL="MainZone" DESCRIPTION="block type MainZone"/><OtherTag ID="BT13" LABEL="MarginTextZone" DESCRIPTION="block type MarginTextZone"/><OtherTag ID="BT15" LABEL="NumberingZone" DESCRIPTION="block type NumberingZone"/><OtherTag ID="BT17" LABEL="QuireMarksZone" DESCRIPTION="block type QuireMarksZone"/><OtherTag ID="BT18" LABEL="RunningTitleZone" DESCRIPTION="block type RunningTitleZone"/><OtherTag ID="BT22" LABEL="TitlePageZone" DESCRIPTION="block type TitlePageZone"/><OtherTag ID="BT985" LABEL="MainZone-Other" DESCRIPTION="block type MainZone-Other"/><OtherTag ID="BT986" LABEL="MainZone-Signature" DESCRIPTION="block type MainZone-Signature"/><OtherTag ID="BT987" LABEL="MainZone-Head" DESCRIPTION="block type MainZone-Head"/><OtherTag ID="BT988" LABEL="MainZone-P" DESCRIPTION="block type MainZone-P"/><OtherTag ID="BT989" LABEL="MainZone-P-Continued" DESCRIPTION="block type MainZone-P-Continued"/><OtherTag ID="BT990" LABEL="MarginTextZone-Notes" DESCRIPTION="block type MarginTextZone-Notes"/><OtherTag ID="BT991" LABEL="MainZone-Lg" DESCRIPTION="block type MainZone-Lg"/><OtherTag ID="BT1884" LABEL="MainZone-Sp" DESCRIPTION="block type MainZone-Sp"/><OtherTag ID="BT1885" LABEL="MainZone-Entry" DESCRIPTION="block type MainZone-Entry"/><OtherTag ID="BT1886" LABEL="MainZone-Sp-Continued" DESCRIPTION="block type MainZone-Sp-Continued"/>
    <OtherTag ID="LT7" LABEL="CustomLine" DESCRIPTION="line type CustomLine"/><OtherTag ID="LT8" LABEL="DefaultLine" DESCRIPTION="line type DefaultLine"/><OtherTag ID="LT9" LABEL="DropCapitalLine" DESCRIPTION="line type DropCapitalLine"/><OtherTag ID="LT10" LABEL="HeadingLine" DESCRIPTION="line type HeadingLine"/><OtherTag ID="LT11" LABEL="InterlinearLine" DESCRIPTION="line type InterlinearLine"/><OtherTag ID="LT12" LABEL="MusicLine" DESCRIPTION="line type MusicLine"/>
  </Tags>
  <Layout>
    <Page WIDTH="1128"
          HEIGHT="1876"
          PHYSICAL_IMG_NR="39"
          ID="eSc_dummypage_">
      <PrintSpace HPOS="0"
                  VPOS="0"
                  WIDTH="1128"
                  HEIGHT="1876">
        <TextBlock HPOS="300"
                   VPOS="116"
                   WIDTH="730"
                   HEIGHT="58"
                   ID="block_4"
                   TAGREFS="BT18">
          <Shape><Polygon POINTS="1030 116 1030 174 300 174 300 116"/></Shape>
          <TextLine ID="line_2"
                    TAGREFS="LT8"
                    BASELINE="299 156 701 153 1020 160" 
                    HPOS="299"
                    VPOS="115"
                    WIDTH="721"
                    HEIGHT="63">
            <Shape><Polygon POINTS="946 121 945 122 944 124 872 124 871 122 869 121 861 121 851 121 850 121 840 121 829 121 819 121 808 121 798 121 788 121 777 121 767 121 765 121 756 121 746 121 736 121 725 121 715 121 704 121 694 121 683 121 674 121 673 121 663 121 652 121 642 121 631 121 621 121 620 121 610 121 600 121 590 121 585 121 579 121 569 121 558 121 553 121 548 121 537 121 527 121 517 121 506 121 496 121 485 121 475 121 464 121 454 121 444 121 433 121 423 121 412 121 402 121 391 121 381 121 371 121 360 121 350 121 339 121 329 121 319 121 317 115 312 115 311 115 310 115 299 119 299 156 299 169 414 164 456 171 470 174 471 174 496 171 497 171 498 171 498 170 506 164 549 169 550 169 606 165 638 174 640 174 641 174 642 174 643 174 644 174 676 165 705 174 710 176 712 176 713 177 755 177 755 176 762 175 796 166 807 175 810 177 811 177 812 177 813 177 829 176 867 171 873 176 874 177 875 177 876 177 877 178 1019 178 1020 160 1020 124 965 124 965 122 963 121 954 121"/></Shape>
	    <String CONTENT="IN EPISTOLAM AD EPHESIOS·"
                    HPOS="299"
                    VPOS="115"
                    WIDTH="721"
                    HEIGHT="63"></String>
          </TextLine>
        </TextBlock>
        <TextBlock HPOS="243"
                   VPOS="186"
                   WIDTH="838"
                   HEIGHT="298"
                   ID="block_5"
                   TAGREFS="BT989">
          <Shape><Polygon POINTS="1081 186 1081 484 243 484 243 186"/></Shape>
          <TextLine ID="line_3"
                    TAGREFS="LT8"
                    BASELINE="246 218 688 221 1074 232" 
                    HPOS="244"
                    VPOS="189"
                    WIDTH="830"
                    HEIGHT="64">
            <Shape><Polygon POINTS="913 193 909 193 890 194 834 198 819 193 808 193 798 193 788 193 777 193 774 193 746 196 742 193 736 193 725 193 715 193 704 193 694 193 683 193 673 193 663 193 652 193 642 193 631 193 621 193 610 193 600 193 590 193 579 193 569 193 558 193 548 193 537 193 527 193 517 193 506 193 496 193 485 193 475 193 464 193 454 193 444 193 433 193 423 193 412 193 402 193 391 193 381 193 371 193 360 193 350 193 339 193 329 193 319 193 308 193 298 193 287 193 277 193 266 193 256 193 255 189 246 189 246 218 244 232 263 240 264 240 265 240 312 234 322 233 345 235 439 243 440 243 442 243 443 243 450 237 454 235 475 235 487 238 507 244 508 244 509 244 510 244 526 239 529 238 534 239 546 243 547 243 548 243 598 241 643 239 649 242 653 245 654 245 655 245 656 245 687 243 741 239 754 245 762 249 763 249 764 249 779 245 808 240 850 240 872 249 880 251 881 251 883 251 904 249 955 244 1072 253 1074 232 1072 196 1007 201 942 201 935 194 933 193 923 193"/></Shape>
	    <String CONTENT="&amp; bonitate, non fuerit antea perſuaſus. Quis namque"
                    HPOS="244"
                    VPOS="189"
                    WIDTH="830"
                    HEIGHT="64"
                    WC="0.9966026112145069"></String>
          </TextLine>
          <TextLine ID="line_4"
                    TAGREFS="LT8"
                    BASELINE="243 266 695 272 1072 282" 
                    HPOS="242"
                    VPOS="234"
                    WIDTH="830"
                    HEIGHT="68">
            <Shape><Polygon POINTS="243 266 242 283 296 288 297 288 314 284 328 282 349 285 383 290 384 290 478 287 531 285 541 288 556 292 557 292 558 292 578 288 587 286 597 288 611 292 612 292 724 295 725 295 726 295 739 290 747 297 748 297 749 297 786 298 787 298 788 298 810 291 816 290 899 290 904 292 921 299 922 299 923 299 924 299 940 293 944 292 964 293 1062 302 1063 302 1064 302 1065 302 1071 295 1072 282 1072 254 977 252 957 242 955 242 954 242 928 248 878 241 877 241 876 241 875 241 865 249 864 249 824 242 823 242 774 247 763 239 762 239 761 239 725 238 724 238 723 238 722 238 714 243 674 238 673 238 638 244 632 244 626 243 591 238 590 238 536 242 524 242 520 241 497 234 496 234 495 234 494 234 481 240 479 241 468 240 420 235 419 235 394 239 390 239 388 238 383 234 382 234 381 234 380 234 379 234 378 234 373 238 371 239 243 236 243 266"/></Shape>
	    <String CONTENT="amet eum, quem bonus an malus ſit, ignorat? Vnde autem"
                    HPOS="242"
                    VPOS="234"
                    WIDTH="830"
                    HEIGHT="68"
                    WC="0.9890173662591863"></String>
          </TextLine>
          <TextLine ID="line_5"
                    TAGREFS="LT8"
                    BASELINE="242 315 1068 331" 
                    HPOS="241"
                    VPOS="280"
                    WIDTH="827"
                    HEIGHT="74">
            <Shape><Polygon POINTS="242 315 241 335 280 332 291 337 297 340 298 340 381 341 382 341 383 341 388 339 403 335 420 340 426 342 427 342 428 342 455 341 495 339 508 342 517 344 518 344 519 344 541 343 602 338 625 344 631 347 632 347 633 347 650 346 707 340 847 341 1066 354 1068 331 1067 300 1013 301 1007 299 996 293 995 293 957 292 955 292 954 292 945 298 942 299 849 299 828 295 771 289 770 289 611 292 592 292 591 292 583 286 582 286 581 286 517 284 516 284 515 284 513 284 506 290 492 284 491 284 489 284 411 289 408 289 391 282 390 282 389 282 388 282 364 288 354 281 353 281 352 281 351 281 298 287 261 280 260 280 259 280 242 286 242 315"/></Shape>
	    <String CONTENT="deum bonum et nobis bonum, ut amare eum, confidereq́"
                    HPOS="241"
                    VPOS="280"
                    WIDTH="827"
                    HEIGHT="74"></String>
          </TextLine>
          <TextLine ID="line_6"
                    TAGREFS="LT8"
                    BASELINE="242 365 1068 382" 
                    HPOS="241"
                    VPOS="332"
                    WIDTH="827"
                    HEIGHT="66">
            <Shape><Polygon POINTS="253 337 252 336 242 336 242 365 241 382 1066 398 1068 382 1068 354 1033 353 1017 344 1016 344 1015 344 965 351 944 344 943 344 942 344 916 350 889 342 888 342 887 342 823 348 797 340 796 340 795 340 766 344 702 338 701 338 666 344 603 336 602 336 551 342 397 332 396 332 253 336 253 337"/></Shape>
	    <String CONTENT="in eum poßimus, cognoſcemus? Certe quæ DEI ſunt,"
                    HPOS="241"
                    VPOS="332"
                    WIDTH="827"
                    HEIGHT="66"></String>
          </TextLine>
          <TextLine ID="line_7"
                    TAGREFS="LT8"
                    BASELINE="246 417 1073 430" 
                    HPOS="244"
                    VPOS="380"
                    WIDTH="829"
                    HEIGHT="71">
            <Shape><Polygon POINTS="246 417 244 435 254 442 255 442 256 442 257 442 288 436 336 443 337 443 338 443 354 437 382 445 383 445 384 445 433 439 446 445 447 445 448 445 525 440 534 447 535 447 536 447 537 447 611 441 624 448 625 448 626 448 627 448 641 441 706 441 736 450 737 450 798 451 799 451 1072 447 1073 430 1072 391 1007 399 913 398 903 390 903 389 902 389 901 389 868 388 814 388 813 388 812 388 811 388 810 389 799 396 786 389 785 389 783 389 782 389 778 389 740 395 733 389 730 387 730 386 729 386 728 386 727 386 712 389 690 393 658 389 632 385 610 385 609 385 608 385 607 385 603 388 597 392 525 392 499 388 476 385 475 385 454 388 440 389 435 387 421 382 420 382 419 382 387 387 386 387 385 387 363 381 362 381 361 381 360 381 344 387 340 388 337 387 316 380 315 380 314 380 246 386 246 417"/></Shape>
	    <String CONTENT="&amp; de deo ſcriptura prædicat, homo ſecundum animam"
                    HPOS="244"
                    VPOS="380"
                    WIDTH="829"
                    HEIGHT="71"
                    WC="0.9816777937266291"></String>
          </TextLine>
          <TextLine ID="line_8"
                    TAGREFS="LT8"
                    BASELINE="242 464 559 469" 
                    HPOS="241"
                    VPOS="435"
                    WIDTH="318"
                    HEIGHT="56">
            <Shape><Polygon POINTS="242 464 241 482 292 488 293 488 295 488 296 488 305 482 311 478 330 482 350 486 351 486 352 486 368 482 378 479 387 481 419 490 420 490 421 490 474 486 502 491 503 491 504 491 523 482 530 487 531 487 532 487 533 487 534 487 558 480 559 469 559 445 537 437 536 437 535 437 534 437 518 442 460 436 459 436 458 436 444 442 433 436 432 436 431 436 430 436 429 436 413 442 391 442 351 442 350 441 342 435 341 435 340 435 339 435 338 435 325 440 293 435 292 435 242 439 242 464"/></Shape>
	    <String CONTENT="uiuens, non percipit·"
                    HPOS="241"
                    VPOS="435"
                    WIDTH="318"
                    HEIGHT="56"></String>
          </TextLine>
        </TextBlock>
        <TextBlock HPOS="244"
                   VPOS="483"
                   WIDTH="841"
                   HEIGHT="970"
                   ID="block_0"
                   TAGREFS="BT988">
          <Shape><Polygon POINTS="1085 483 1085 1453 244 1453 244 814 250 814 250 597 244 597 244 483"/></Shape>
          <TextLine ID="line_9"
                    TAGREFS="LT8"
                    BASELINE="289 516 1076 530" 
                    HPOS="288"
                    VPOS="504"
                    WIDTH="788"
                    HEIGHT="49">
            <Shape><Polygon POINTS="1071 504 1061 504 1050 504 1040 504 1030 504 1019 504 1009 504 998 504 988 504 977 504 967 504 957 504 946 504 936 504 925 504 915 504 904 504 894 504 884 504 881 504 866 510 851 504 842 504 831 504 821 504 811 504 800 504 790 504 779 504 777 504 775 506 772 504 769 504 758 504 748 504 738 504 727 504 717 504 706 504 696 504 685 504 682 504 678 507 672 504 665 504 654 504 644 504 633 504 625 504 623 506 608 504 602 504 592 504 581 504 571 504 560 504 554 504 550 505 484 504 477 504 467 504 456 504 446 504 435 504 425 504 414 504 404 504 394 504 383 504 373 504 362 504 352 504 341 504 331 504 321 504 310 504 300 504 289 504 289 516 288 538 360 541 361 541 362 541 363 541 365 539 373 534 396 534 405 539 409 542 410 542 411 542 412 542 438 540 466 537 484 540 497 542 498 542 507 540 526 536 537 540 544 544 545 544 546 544 560 541 579 537 591 541 603 546 604 546 605 546 606 546 622 541 634 538 672 541 692 544 693 544 694 544 700 542 713 539 737 542 770 547 771 547 798 542 810 541 815 542 832 550 834 550 835 550 876 545 893 551 894 551 895 551 929 544 933 544 937 544 974 552 975 552 976 552 990 545 1014 553 1015 553 1016 553 1075 545 1076 530 1076 504 1071 504"/></Shape>
	    <String CONTENT="Ergo ad flatu ſpiritus ſancti hic opus est, qui Euange¬"
                    HPOS="288"
                    VPOS="504"
                    WIDTH="788"
                    HEIGHT="49"></String>
          </TextLine>
          <TextLine ID="line_10"
                    TAGREFS="LT8"
                    BASELINE="242 565 1074 580" 
                    HPOS="241"
                    VPOS="529"
                    WIDTH="833"
                    HEIGHT="71">
            <Shape><Polygon POINTS="253 550 250 530 242 529 242 565 241 578 345 580 359 589 360 589 361 589 362 589 508 587 540 593 541 593 590 587 596 593 596 594 597 594 598 594 599 594 632 588 643 594 644 594 645 594 693 588 699 593 700 593 701 593 702 593 703 593 704 593 710 587 738 595 739 595 740 595 741 595 754 588 778 597 779 597 780 597 781 597 796 591 813 597 814 597 815 597 816 597 817 597 827 590 843 598 844 598 845 598 914 594 955 600 957 600 1073 593 1074 580 1073 551 1019 551 1016 549 1007 542 1006 542 1004 542 1003 542 967 548 957 549 954 548 948 542 948 541 947 541 946 541 945 541 944 541 943 541 935 547 932 548 868 548 864 545 856 540 855 540 854 540 853 540 819 544 796 546 789 542 777 538 776 538 775 538 750 541 731 545 726 541 720 537 719 537 718 537 717 537 697 540 678 544 668 539 659 536 658 536 657 536 656 536 646 539 633 542 592 537 577 536 576 536 569 537 540 541 522 536 517 534 516 534 515 534 506 535 486 539 479 535 477 533 476 533 475 533 474 533 464 534 434 539 410 533 407 532 406 532 405 532 391 532 307 537 257 530 253 550"/></Shape>
	    <String CONTENT="lion cordibus electorum perſuadeat, hoc demum pacto uo"
                    HPOS="241"
                    VPOS="529"
                    WIDTH="833"
                    HEIGHT="71"
                    WC="0.9989733110975336"></String>
          </TextLine>
          <TextLine ID="line_11"
                    TAGREFS="LT8"
                    BASELINE="257 616 1073 630" 
                    HPOS="255"
                    VPOS="579"
                    WIDTH="816"
                    HEIGHT="74">
            <Shape><Polygon POINTS="255 639 289 634 423 644 438 636 474 645 541 637 561 647 653 639 661 648 747 640 761 650 819 642 849 650 865 642 877 653 944 653 954 645 965 653 1070 650 1071 628 1068 589 969 597 813 586 788 594 780 586 664 592 614 583 470 587 387 579 358 587 256 579 256 615"/></Shape>
	    <String CONTENT="cantur, &amp; à patre ad filium pertrahuntur, quotquot ad"
                    HPOS="255"
                    VPOS="579"
                    WIDTH="816"
                    HEIGHT="74"
                    WC="0.9804559029914715"></String>
          </TextLine>
          <TextLine ID="eSc_line_772fd594"
                    TAGREFS="LT8"
                    BASELINE="250 669 1073 692" 
                    HPOS="247"
                    VPOS="620"
                    WIDTH="824"
                    HEIGHT="83">
            <Shape><Polygon POINTS="248 667 247 683 522 695 553 689 575 697 621 689 647 698 732 692 741 701 763 694 771 701 779 701 791 694 868 703 1070 700 1071 690 1070 642 982 650 965 639 883 637 874 647 846 637 835 636 763 644 746 633 650 640 524 626 489 636 469 626 439 634 294 631 283 620 276 620 248 628 248 667"/></Shape>
	    <String CONTENT="uitam præordinati ſunt· Atque hic auditus ille est, unde"
                    HPOS="247"
                    VPOS="620"
                    WIDTH="824"
                    HEIGHT="83"></String>
          </TextLine>
          <TextLine ID="line_13"
                    TAGREFS="LT8"
                    BASELINE="247 717 1074 730" 
                    HPOS="247"
                    VPOS="680"
                    WIDTH="827"
                    HEIGHT="72">
            <Shape><Polygon POINTS="247 717 247 738 304 732 312 739 313 739 313 741 314 741 315 741 400 742 401 742 402 742 406 741 421 734 435 741 438 742 439 742 440 742 449 741 484 735 507 742 513 743 515 743 516 743 517 743 523 742 543 736 579 742 587 743 589 743 596 742 624 737 631 743 636 746 638 746 639 746 640 747 669 747 669 746 670 746 671 746 675 743 682 738 717 743 756 748 757 748 803 744 818 743 821 744 831 749 832 749 834 749 860 744 864 744 868 744 894 750 895 750 918 745 928 743 938 745 966 751 967 751 968 751 989 745 996 744 1011 746 1059 752 1060 752 1061 752 1073 746 1074 730 1073 700 1039 694 1038 694 996 698 995 698 976 692 975 692 974 692 925 697 917 690 916 690 915 690 865 689 864 689 826 696 823 696 822 696 815 689 815 688 814 688 813 688 812 688 779 695 777 695 774 695 742 687 741 687 740 687 739 687 730 694 729 694 727 694 647 686 646 686 645 686 623 692 503 692 496 689 438 682 437 682 436 682 413 688 412 688 313 688 311 687 293 680 292 680 291 680 247 685 247 717"/></Shape>
	    <String CONTENT="fides prouenit Rom·10· Ad quem &amp; ſi ministret Euange"
                    HPOS="247"
                    VPOS="680"
                    WIDTH="827"
                    HEIGHT="72"></String>
          </TextLine>
          <TextLine ID="line_14"
                    TAGREFS="LT8"
                    BASELINE="244 767 1073 780" 
                    HPOS="243"
                    VPOS="733"
                    WIDTH="830"
                    HEIGHT="67">
            <Shape><Polygon POINTS="255 751 253 736 244 737 244 767 243 786 280 788 281 788 282 788 285 787 301 781 320 787 325 790 326 790 372 791 373 791 391 788 434 783 455 790 459 791 460 791 461 791 462 791 464 790 475 784 511 784 522 791 528 793 529 793 530 793 542 791 561 785 579 791 580 791 581 791 583 791 621 786 628 792 632 795 633 795 634 795 635 795 694 792 728 791 749 793 786 797 787 797 788 797 789 797 793 793 797 791 830 794 857 796 859 796 860 796 865 794 872 791 876 794 881 799 883 799 884 799 885 799 886 799 900 795 911 792 923 795 944 800 945 800 946 800 972 795 987 793 1071 796 1073 780 1072 750 974 750 959 748 932 744 930 744 900 747 883 749 873 747 860 743 859 743 857 743 834 746 822 748 819 746 814 742 813 742 812 742 811 742 790 746 786 746 772 746 688 739 687 739 644 744 628 745 610 743 561 737 560 737 559 737 543 742 538 743 446 743 444 741 437 735 436 735 435 735 434 735 331 739 311 739 307 738 288 733 287 733 286 733 259 736 255 751"/></Shape>
	    <String CONTENT="lij externus præco, attamen quia plantans &amp; rigans ni¬"
                    HPOS="243"
                    VPOS="733"
                    WIDTH="830"
                    HEIGHT="67"
                    WC="0.9926492704285516"></String>
          </TextLine>
          <TextLine ID="line_15"
                    TAGREFS="LT8"
                    BASELINE="243 818 1074 829" 
                    HPOS="242"
                    VPOS="779"
                    WIDTH="832"
                    HEIGHT="67">
            <Shape><Polygon POINTS="243 818 242 834 1072 846 1074 829 1074 791 1034 790 1033 790 1032 790 1031 790 1012 798 992 790 991 790 990 790 989 790 988 790 987 790 975 799 925 799 878 798 864 788 863 788 862 788 861 788 855 788 811 796 800 788 797 786 796 786 795 786 794 786 793 786 792 786 789 788 778 795 744 788 732 786 731 786 730 786 725 788 705 795 675 787 667 786 666 786 665 786 661 787 652 792 638 787 636 787 635 787 634 787 627 787 566 793 555 787 546 782 545 782 544 782 543 782 526 787 509 792 486 786 458 781 404 781 403 781 402 781 401 781 394 786 389 790 366 786 320 779 319 779 271 784 255 779 254 779 253 779 252 779 251 779 243 783 243 818"/></Shape>
	    <String CONTENT="hil ſunt, inefficax erit omnis prædicatio, donec cordi Euã"
                    HPOS="242"
                    VPOS="779"
                    WIDTH="832"
                    HEIGHT="67"
                    WC="0.9882378770133197"></String>
          </TextLine>
          <TextLine ID="line_16"
                    TAGREFS="LT8"
                    BASELINE="248 868 1075 879" 
                    HPOS="247"
                    VPOS="831"
                    WIDTH="828"
                    HEIGHT="72">
            <Shape><Polygon POINTS="248 868 247 890 398 894 399 894 400 894 410 891 420 889 430 891 446 895 447 895 448 895 449 895 456 891 463 887 547 887 576 892 597 895 598 895 599 895 607 892 617 889 621 892 627 897 628 897 629 897 630 897 631 897 641 892 645 890 653 892 672 898 673 898 674 898 704 893 716 891 728 893 774 900 775 900 830 893 843 892 845 893 857 901 859 901 860 901 861 901 935 894 937 894 955 902 957 902 958 902 959 902 981 896 1014 903 1015 903 1074 894 1075 879 1074 843 1015 848 952 848 933 841 927 840 926 840 873 840 872 840 871 840 869 841 859 846 802 841 773 837 772 837 751 840 718 844 708 840 702 836 701 836 700 836 684 840 667 843 660 840 656 836 655 836 654 836 653 836 622 838 596 841 589 838 579 835 578 835 577 835 576 835 565 838 552 842 546 838 538 834 537 834 536 834 515 837 497 841 477 837 449 833 448 833 424 837 409 840 334 840 327 836 310 831 309 831 308 831 248 835 248 868"/></Shape>
	    <String CONTENT="gelion prædicauerit et perſuaſerit ſpiritus ſanctus· Apud"
                    HPOS="247"
                    VPOS="831"
                    WIDTH="828"
                    HEIGHT="72"
                    WC="0.9982880552609762"></String>
          </TextLine>
          <TextLine ID="line_17"
                    TAGREFS="LT8"
                    BASELINE="246 919 582 921 1075 931" 
                    HPOS="244"
                    VPOS="884"
                    WIDTH="831"
                    HEIGHT="68">
            <Shape><Polygon POINTS="246 919 244 939 291 940 292 940 293 940 307 933 360 941 375 942 376 942 396 941 453 936 486 942 503 944 504 944 547 942 628 939 727 944 821 949 822 949 823 949 824 949 830 945 834 943 851 945 886 950 887 950 922 946 942 944 965 946 1013 952 1014 952 1074 947 1075 931 1075 898 1061 894 1060 894 1059 894 1034 898 1016 901 999 898 979 894 978 894 977 894 965 897 955 900 952 897 947 893 947 892 946 892 945 892 921 892 920 892 919 892 906 897 902 899 852 899 841 896 814 890 813 890 812 890 793 895 785 897 756 895 722 892 721 892 709 894 699 896 684 894 648 887 647 887 610 893 601 894 595 893 568 885 567 885 515 885 513 885 512 885 511 885 503 892 494 884 493 884 492 884 491 884 463 891 458 892 246 889 246 919"/></Shape>
	    <String CONTENT="quem uero ea perſuaſio obtinuerit, is etiam ſi ex parte"
                    HPOS="244"
                    VPOS="884"
                    WIDTH="831"
                    HEIGHT="68"></String>
          </TextLine>
          <TextLine ID="line_18"
                    TAGREFS="LT8"
                    BASELINE="247 969 615 972 1070 983" 
                    HPOS="246"
                    VPOS="930"
                    WIDTH="824"
                    HEIGHT="73">
            <Shape><Polygon POINTS="247 969 246 990 320 991 321 991 322 991 339 982 383 982 396 993 397 993 398 993 399 993 409 993 558 986 617 996 624 997 625 997 639 997 715 992 748 998 753 999 754 999 761 998 803 992 814 999 815 999 816 999 817 999 849 993 913 999 914 999 952 994 965 1002 966 1003 967 1003 968 1003 969 1003 970 1003 974 1002 996 995 1045 995 1067 1003 1070 983 1069 947 903 950 856 949 851 944 846 940 845 940 844 940 805 940 804 940 803 940 794 944 786 947 771 944 752 939 751 939 750 939 749 939 736 943 727 946 722 943 715 938 714 938 713 938 712 938 690 943 688 943 679 936 678 936 677 936 676 936 675 936 656 943 647 945 628 942 606 939 605 939 586 942 572 944 562 942 549 938 548 938 547 938 524 941 510 943 506 941 493 933 492 933 491 933 382 940 373 940 372 940 362 931 361 931 360 931 359 931 319 939 308 930 307 930 306 930 305 930 247 938 247 969"/></Shape>
	    <String CONTENT="quàm bonus ſit Deus cognoſcat, fieri tamen non potest,"
                    HPOS="246"
                    VPOS="930"
                    WIDTH="824"
                    HEIGHT="73"></String>
          </TextLine>
          <TextLine ID="line_19"
                    TAGREFS="LT8"
                    BASELINE="246 1018 1075 1029" 
                    HPOS="246"
                    VPOS="985"
                    WIDTH="829"
                    HEIGHT="64">
            <Shape><Polygon POINTS="246 1018 246 1035 319 1032 372 1038 413 1041 414 1041 442 1038 470 1034 475 1038 480 1042 481 1042 482 1042 483 1042 484 1042 495 1039 503 1035 537 1039 564 1041 565 1041 589 1039 621 1037 626 1040 631 1043 632 1043 633 1043 634 1043 666 1040 690 1038 717 1040 773 1046 774 1046 842 1042 843 1042 924 1048 925 1048 1000 1043 1004 1043 1015 1049 1016 1049 1017 1049 1018 1049 1074 1043 1075 1029 1075 995 975 994 974 994 973 994 972 994 955 1000 942 994 941 994 940 994 939 994 924 999 802 999 795 993 794 992 793 992 792 992 791 992 769 993 702 997 664 993 648 991 647 991 646 991 641 992 627 996 621 992 618 990 617 990 616 990 615 990 585 992 560 994 532 992 475 986 474 986 444 991 432 993 423 991 399 985 398 985 246 990 246 1018"/></Shape>
	    <String CONTENT="quin illũ &amp; amet et reueretur, ac optima quæque de ipſo"
                    HPOS="246"
                    VPOS="985"
                    WIDTH="829"
                    HEIGHT="64"
                    WC="0.9906264554177012"></String>
          </TextLine>
          <TextLine ID="line_20"
                    TAGREFS="LT8"
                    BASELINE="243 1070 1077 1080" 
                    HPOS="243"
                    VPOS="1029"
                    WIDTH="834"
                    HEIGHT="72">
            <Shape><Polygon POINTS="243 1070 243 1091 297 1084 307 1092 308 1092 309 1092 310 1092 311 1092 313 1092 334 1085 341 1092 342 1093 344 1093 345 1093 346 1093 368 1092 410 1089 457 1092 492 1094 493 1094 494 1094 499 1092 510 1088 517 1092 520 1095 521 1095 522 1095 581 1096 582 1096 583 1096 592 1092 597 1090 609 1092 629 1096 630 1096 631 1096 645 1092 658 1089 714 1093 767 1096 768 1096 792 1093 805 1091 818 1093 853 1099 854 1099 894 1093 903 1092 912 1093 950 1100 951 1100 1008 1094 1028 1101 1030 1101 1031 1101 1032 1101 1033 1101 1044 1094 1076 1094 1077 1080 1077 1048 1053 1040 1052 1040 1051 1040 1050 1040 1036 1048 973 1048 925 1048 924 1047 910 1037 909 1037 908 1037 906 1037 905 1037 887 1046 887 1047 843 1047 841 1046 800 1035 799 1035 798 1035 797 1035 764 1045 763 1045 762 1045 734 1034 733 1034 732 1034 731 1034 698 1044 687 1034 685 1034 684 1034 683 1034 682 1034 651 1043 616 1033 615 1033 497 1031 496 1031 495 1031 472 1041 456 1034 455 1034 454 1034 421 1041 420 1041 419 1041 413 1035 412 1035 411 1035 410 1035 389 1039 378 1030 377 1030 376 1030 375 1030 337 1035 304 1029 268 1029 267 1029 266 1029 243 1038 243 1070"/></Shape>
	    <String CONTENT="ſibi polliceatur, fidem ſcilicet habens Euangelio, quod ſic"
                    HPOS="243"
                    VPOS="1029"
                    WIDTH="834"
                    HEIGHT="72"
                    WC="0.9959396992699575"></String>
          </TextLine>
          <TextLine ID="line_21"
                    TAGREFS="LT8"
                    BASELINE="242 1119 1077 1130" 
                    HPOS="241"
                    VPOS="1082"
                    WIDTH="836"
                    HEIGHT="68">
            <Shape><Polygon POINTS="253 1099 249 1087 242 1090 242 1119 241 1131 289 1132 317 1142 319 1142 320 1142 371 1136 379 1142 380 1142 381 1142 382 1142 383 1142 404 1137 412 1143 413 1143 414 1143 415 1143 443 1139 470 1144 471 1145 511 1145 511 1144 512 1144 534 1137 575 1145 576 1145 577 1145 603 1139 678 1139 700 1147 701 1147 702 1147 834 1141 926 1150 927 1150 928 1150 954 1143 978 1150 979 1150 981 1150 982 1150 983 1150 994 1143 1044 1150 1045 1150 1076 1143 1077 1130 1076 1093 1034 1093 1033 1093 1032 1093 1003 1101 962 1101 950 1092 949 1092 948 1092 947 1092 944 1092 910 1099 796 1094 795 1094 794 1094 776 1098 749 1092 734 1089 733 1089 696 1092 641 1096 626 1092 612 1087 611 1087 610 1087 609 1087 596 1092 587 1094 565 1091 519 1085 518 1085 517 1085 516 1085 508 1091 504 1094 476 1094 472 1091 466 1085 466 1084 464 1084 463 1084 462 1084 461 1084 446 1091 442 1093 437 1091 424 1084 423 1084 422 1084 338 1091 320 1092 310 1091 264 1082 263 1082 262 1082 258 1083 253 1099"/></Shape>
	    <String CONTENT="illum prædicat, quæ et certò conſequetur, cum ſpes in deũ"
                    HPOS="241"
                    VPOS="1082"
                    WIDTH="836"
                    HEIGHT="68"
                    WC="0.987114578990613"></String>
          </TextLine>
          <TextLine ID="line_22"
                    TAGREFS="LT8"
                    BASELINE="243 1170 1079 1179" 
                    HPOS="242"
                    VPOS="1134"
                    WIDTH="837"
                    HEIGHT="67">
            <Shape><Polygon POINTS="243 1170 242 1181 301 1182 312 1192 313 1192 314 1192 337 1193 338 1194 380 1194 380 1193 381 1193 395 1186 428 1194 429 1194 430 1194 431 1194 456 1186 489 1194 491 1194 492 1194 493 1194 511 1187 524 1195 525 1195 526 1195 527 1195 621 1190 641 1196 642 1196 643 1196 644 1196 666 1188 699 1188 730 1197 731 1197 732 1197 787 1189 806 1198 807 1198 808 1199 841 1199 841 1198 842 1198 843 1198 856 1190 875 1196 876 1196 877 1196 935 1191 986 1200 987 1201 1011 1201 1011 1200 1012 1200 1013 1200 1027 1192 1077 1192 1079 1179 1077 1144 912 1148 902 1143 896 1140 895 1140 894 1140 879 1143 860 1147 844 1143 835 1140 834 1140 832 1140 831 1140 822 1143 808 1147 748 1147 743 1142 739 1139 738 1139 737 1139 736 1139 715 1142 707 1143 690 1142 627 1138 626 1138 567 1142 526 1144 516 1141 499 1137 498 1137 497 1137 496 1137 495 1137 487 1141 484 1143 479 1141 461 1136 460 1136 459 1136 426 1141 425 1141 418 1134 417 1134 415 1134 414 1134 243 1140 243 1170"/></Shape>
	    <String CONTENT="non pudefaciat· Itaque post electionem ſanctorum, pro¬"
                    HPOS="242"
                    VPOS="1134"
                    WIDTH="837"
                    HEIGHT="67"></String>
          </TextLine>
          <TextLine ID="line_23"
                    TAGREFS="LT8"
                    BASELINE="243 1220 1079 1229" 
                    HPOS="242"
                    VPOS="1182"
                    WIDTH="837"
                    HEIGHT="67">
            <Shape><Polygon POINTS="243 1220 242 1237 384 1242 385 1242 386 1242 395 1238 403 1233 421 1238 443 1243 444 1243 445 1243 455 1238 460 1236 473 1238 487 1241 488 1241 489 1241 498 1238 508 1235 533 1239 552 1241 553 1241 581 1239 612 1236 625 1239 650 1245 651 1245 652 1245 707 1240 722 1246 723 1246 724 1246 826 1240 841 1239 845 1240 874 1247 875 1247 876 1247 900 1243 945 1248 946 1248 947 1248 964 1241 1004 1249 1006 1249 1077 1240 1079 1229 1079 1200 987 1200 985 1198 961 1190 960 1190 959 1190 958 1190 939 1197 930 1190 929 1190 928 1190 892 1189 891 1189 820 1197 815 1197 814 1197 802 1188 801 1188 800 1188 799 1188 798 1188 775 1196 718 1196 712 1196 700 1187 699 1187 698 1187 697 1187 650 1188 649 1188 633 1195 632 1195 631 1195 611 1189 610 1189 609 1189 534 1194 523 1194 521 1194 503 1185 502 1185 501 1185 448 1193 444 1193 440 1193 403 1183 402 1183 373 1190 362 1183 361 1183 360 1183 359 1183 358 1183 344 1192 336 1186 336 1185 335 1185 334 1185 333 1185 304 1191 303 1191 302 1191 281 1182 280 1182 279 1182 278 1182 277 1182 266 1191 265 1191 243 1191 243 1220"/></Shape>
	    <String CONTENT="ximum eſt, ut DEVS ſuorum ſe cordibus per uer¬"
                    HPOS="242"
                    VPOS="1182"
                    WIDTH="837"
                    HEIGHT="67"></String>
          </TextLine>
          <TextLine ID="line_24"
                    TAGREFS="LT8"
                    BASELINE="244 1269 1079 1281" 
                    HPOS="243"
                    VPOS="1231"
                    WIDTH="836"
                    HEIGHT="72">
            <Shape><Polygon POINTS="255 1252 250 1238 244 1238 244 1269 243 1280 306 1281 307 1282 323 1293 324 1293 325 1293 390 1294 391 1294 393 1294 413 1285 414 1285 450 1285 451 1286 460 1294 460 1295 461 1295 462 1295 463 1295 464 1295 496 1287 502 1286 506 1287 525 1296 526 1296 593 1297 594 1297 595 1297 596 1297 607 1290 608 1289 649 1288 674 1291 702 1295 703 1295 704 1295 705 1295 709 1292 713 1290 715 1292 722 1298 723 1298 724 1298 725 1298 726 1298 738 1293 740 1292 747 1293 785 1299 786 1299 787 1299 788 1299 795 1294 799 1291 851 1291 867 1296 872 1297 873 1297 874 1297 887 1296 925 1292 941 1297 951 1301 952 1301 953 1301 954 1301 964 1298 979 1293 996 1299 1010 1303 1011 1303 1012 1303 1013 1303 1025 1299 1041 1294 1052 1300 1059 1303 1060 1303 1061 1303 1077 1300 1079 1281 1076 1248 981 1249 969 1246 949 1241 948 1241 947 1241 946 1241 934 1246 928 1248 925 1246 917 1240 916 1240 915 1240 914 1240 885 1245 870 1248 859 1245 837 1239 836 1239 835 1239 834 1239 818 1245 812 1247 806 1245 794 1238 793 1238 792 1238 791 1238 777 1244 776 1245 774 1244 761 1238 759 1238 758 1238 757 1238 737 1244 732 1245 728 1244 709 1237 708 1237 681 1237 680 1237 679 1237 666 1243 660 1245 655 1243 639 1236 638 1236 522 1233 521 1233 520 1233 505 1241 504 1242 459 1242 453 1241 422 1232 421 1232 360 1231 359 1231 358 1231 344 1240 342 1240 335 1240 297 1235 296 1235 259 1237 255 1252"/></Shape>
	    <String CONTENT="bum, quod tamen ſuo ſpiritu illis perſuadeat, inſinuet, ex"
                    HPOS="243"
                    VPOS="1231"
                    WIDTH="836"
                    HEIGHT="72"
                    WC="0.9769101009286684"></String>
          </TextLine>
          <TextLine ID="line_25"
                    TAGREFS="LT8"
                    BASELINE="244 1319 1080 1330" 
                    HPOS="243"
                    VPOS="1285"
                    WIDTH="837"
                    HEIGHT="64">
            <Shape><Polygon POINTS="255 1300 251 1291 244 1291 244 1319 243 1334 248 1338 248 1339 249 1339 250 1339 251 1339 290 1334 320 1342 321 1342 447 1343 448 1343 449 1343 462 1336 472 1344 473 1344 474 1344 475 1344 476 1344 494 1339 546 1344 547 1344 614 1339 642 1346 643 1346 644 1346 645 1346 668 1340 681 1346 682 1346 683 1346 734 1343 775 1348 776 1349 812 1349 812 1348 813 1348 830 1341 856 1347 857 1347 859 1347 923 1342 933 1349 934 1349 935 1349 936 1349 937 1349 949 1343 964 1349 965 1349 966 1349 1079 1343 1080 1330 1080 1301 1050 1294 1049 1294 1048 1294 947 1299 935 1292 934 1292 933 1292 932 1292 890 1299 889 1299 875 1292 874 1292 873 1292 872 1292 871 1292 861 1299 860 1299 854 1299 817 1294 816 1294 755 1297 754 1297 753 1297 743 1290 742 1290 741 1290 705 1289 704 1289 703 1289 684 1296 684 1297 634 1297 633 1296 626 1290 626 1289 625 1289 624 1289 623 1289 622 1289 605 1295 605 1296 554 1296 545 1295 462 1286 461 1286 422 1292 398 1285 397 1285 396 1285 395 1285 380 1291 258 1291 255 1300"/></Shape>
	    <String CONTENT="hac mox perſuaſione certãque fide, quamuerbis eius iam"
                    HPOS="243"
                    VPOS="1285"
                    WIDTH="837"
                    HEIGHT="64"
                    WC="0.9938333923166448"></String>
          </TextLine>
          <TextLine ID="line_26"
                    TAGREFS="LT8"
                    BASELINE="244 1369 1079 1380" 
                    HPOS="243"
                    VPOS="1333"
                    WIDTH="836"
                    HEIGHT="71">
            <Shape><Polygon POINTS="255 1350 251 1339 244 1339 244 1369 243 1387 257 1393 258 1393 259 1394 308 1394 308 1393 309 1393 310 1393 317 1387 321 1385 335 1387 372 1394 473 1396 474 1396 475 1396 476 1396 486 1389 489 1388 525 1388 530 1390 538 1394 540 1394 541 1394 591 1391 623 1389 648 1392 702 1398 703 1398 704 1398 716 1393 718 1392 720 1393 734 1397 736 1397 737 1397 738 1397 753 1393 763 1391 769 1393 783 1399 785 1399 786 1399 819 1394 832 1392 839 1394 855 1401 856 1401 857 1401 903 1395 908 1395 910 1395 925 1401 926 1401 927 1401 928 1401 940 1396 1002 1403 1003 1404 1025 1404 1025 1403 1026 1403 1027 1403 1036 1397 1040 1395 1076 1397 1079 1380 1076 1343 1011 1350 996 1342 995 1342 994 1342 993 1342 945 1342 905 1343 904 1343 892 1348 875 1342 872 1341 871 1341 870 1341 869 1341 867 1342 857 1347 762 1347 754 1341 752 1339 751 1339 750 1339 749 1339 748 1339 743 1341 733 1346 624 1346 607 1341 593 1337 592 1337 591 1337 545 1341 513 1343 504 1340 488 1336 487 1336 486 1336 485 1336 484 1336 478 1340 476 1342 474 1340 463 1335 462 1335 414 1335 413 1335 412 1335 411 1335 404 1340 401 1342 381 1340 317 1333 316 1333 258 1338 255 1350"/></Shape>
	    <String CONTENT="habent, conſequitur fiducia cius &amp; amor, propenſaq; ad"
                    HPOS="243"
                    VPOS="1333"
                    WIDTH="836"
                    HEIGHT="71"
                    WC="0.9879714129147706"></String>
          </TextLine>
          <TextLine ID="line_27"
                    TAGREFS="LT8"
                    BASELINE="250 1420 844 1425" 
                    HPOS="249"
                    VPOS="1384"
                    WIDTH="595"
                    HEIGHT="62">
            <Shape><Polygon POINTS="250 1420 249 1442 339 1443 340 1443 341 1443 345 1442 362 1436 396 1436 406 1442 411 1444 412 1444 413 1444 434 1442 470 1437 479 1441 486 1445 487 1445 488 1445 507 1441 523 1438 529 1441 535 1444 536 1444 537 1444 592 1441 623 1439 625 1441 630 1445 630 1446 631 1446 632 1446 633 1446 843 1439 844 1425 843 1396 788 1390 787 1390 786 1390 766 1395 765 1395 764 1395 756 1389 756 1388 755 1388 754 1388 753 1388 752 1388 734 1394 731 1395 677 1395 675 1394 665 1387 664 1387 663 1387 644 1387 643 1387 642 1387 641 1387 641 1388 634 1393 633 1394 556 1394 553 1392 536 1386 535 1386 534 1386 496 1391 486 1385 485 1385 484 1385 483 1385 482 1385 481 1385 472 1391 469 1393 427 1393 424 1391 417 1385 415 1385 414 1385 413 1385 412 1385 396 1390 389 1392 364 1392 362 1390 356 1385 356 1384 355 1384 354 1384 353 1384 312 1389 296 1391 250 1389 250 1420"/></Shape>
	    <String CONTENT="gratificandum ipſi in omnibus uoluntas·"
                    HPOS="249"
                    VPOS="1384"
                    WIDTH="595"
                    HEIGHT="62"></String>
          </TextLine>
        </TextBlock>
        <TextBlock HPOS="272"
                   VPOS="1441"
                   WIDTH="812"
                   HEIGHT="59"
                   ID="block_1"
                   TAGREFS="BT988">
          <Shape><Polygon POINTS="1084 1441 1084 1500 272 1500 272 1441"/></Shape>
          <TextLine ID="line_28"
                    TAGREFS="LT8"
                    BASELINE="296 1470 1081 1483" 
                    HPOS="296"
                    VPOS="1434"
                    WIDTH="785"
                    HEIGHT="82">
            <Shape><Polygon POINTS="296 1470 297 1503 336 1492 399 1492 407 1499 408 1499 409 1499 410 1499 444 1494 458 1503 462 1507 463 1507 464 1507 512 1508 513 1508 515 1508 528 1503 557 1495 581 1495 596 1503 600 1506 601 1506 602 1506 620 1503 629 1502 631 1503 645 1510 646 1510 706 1511 707 1511 708 1511 709 1511 719 1503 720 1503 743 1503 759 1512 761 1512 762 1512 812 1511 813 1511 814 1511 822 1504 857 1513 859 1513 860 1513 861 1513 871 1504 884 1514 885 1514 886 1514 949 1515 950 1516 991 1516 991 1515 992 1515 993 1515 1012 1503 1014 1502 1079 1502 1081 1483 1081 1446 296 1434 296 1470"/></Shape>
	    <String CONTENT="Tria ergo hæc fides, ſpes, charitas ſunt, quibus præ¬"
                    HPOS="296"
                    VPOS="1434"
                    WIDTH="785"
                    HEIGHT="82"></String>
          </TextLine>
        </TextBlock>
        <TextBlock HPOS="1010"
                   VPOS="1495"
                   WIDTH="78"
                   HEIGHT="62"
                   ID="block_3"
                   TAGREFS="BT17">
          <Shape><Polygon POINTS="1088 1495 1088 1557 1010 1557 1010 1495"/></Shape>
          <TextLine ID="line_29"
                    TAGREFS="LT8"
                    BASELINE="1019 1534 1075 1535" 
                    HPOS="1018"
                    VPOS="1501"
                    WIDTH="57"
                    HEIGHT="68">
            <Shape><Polygon POINTS="1071 1501 1061 1501 1050 1501 1044 1501 1030 1503 1026 1501 1020 1501 1019 1534 1018 1559 1073 1569 1075 1535 1073 1501 1071 1501"/></Shape>
	    <String CONTENT="ſens"
                    HPOS="1018"
                    VPOS="1501"
                    WIDTH="57"
                    HEIGHT="68"
                    WC="0.996345654129982"></String>
          </TextLine>
        </TextBlock>
        <TextBlock HPOS="80"
                   VPOS="619"
                   WIDTH="156"
                   HEIGHT="151"
                   ID="block_2"
                   TAGREFS="BT990">
          <Shape><Polygon POINTS="236 619 236 770 80 770 80 619"/></Shape>
          <TextLine ID="line_12"
                    TAGREFS="LT8"
                    BASELINE="83 656 198 656 224 660" 
                    HPOS="81"
                    VPOS="606"
                    WIDTH="142"
                    HEIGHT="81">
            <Shape><Polygon POINTS="82 655 81 678 220 687 223 659 223 606 82 609 82 655"/></Shape>
	    <String CONTENT="Vnde fides"
                    HPOS="81"
                    VPOS="606"
                    WIDTH="142"
                    HEIGHT="81"></String>
          </TextLine>
          <TextLine ID="line_0"
                    TAGREFS="LT8"
                    BASELINE="75 705 197 703" 
                    HPOS="74"
                    VPOS="673"
                    WIDTH="123"
                    HEIGHT="57">
            <Shape><Polygon POINTS="75 722 195 730 197 703 194 678 142 673 141 673 74 679 75 705"/></Shape>
	    <String CONTENT="et amor"
                    HPOS="74"
                    VPOS="673"
                    WIDTH="123"
                    HEIGHT="57"></String>
          </TextLine>
          <TextLine ID="line_1"
                    TAGREFS="LT8"
                    BASELINE="78 758 151 756" 
                    HPOS="76"
                    VPOS="724"
                    WIDTH="75"
                    HEIGHT="59">
            <Shape><Polygon POINTS="78 758 78 773 102 773 106 775 116 783 117 783 118 783 119 783 151 779 151 756 149 726 76 724 78 758"/></Shape>
	    <String CONTENT="Dei·"
                    HPOS="76"
                    VPOS="724"
                    WIDTH="75"
                    HEIGHT="59"></String>
          </TextLine>
        </TextBlock>
      </PrintSpace>
    </Page>
  </Layout>
</alto>
