<?xml version="1.0" encoding="UTF-8"?>
<alto xmlns:xsi="http://www.w3.org/2001/XMLSchema-instance"
      xmlns="http://www.loc.gov/standards/alto/ns-v4#"
      xsi:schemaLocation="http://www.loc.gov/standards/alto/ns-v4# http://www.loc.gov/standards/alto/v4/alto-4-2.xsd">
  <Description>
    <MeasurementUnit>pixel</MeasurementUnit>
    <sourceImageInformation>
      <fileName>bsb00035303_00036.jpg</fileName>
    </sourceImageInformation>
  </Description>
  <Tags>
    <OtherTag ID="BT7" LABEL="CustomZone" DESCRIPTION="block type CustomZone"/><OtherTag ID="BT10" LABEL="DropCapitalZone" DESCRIPTION="block type DropCapitalZone"/><OtherTag ID="BT11" LABEL="GraphicZone" DESCRIPTION="block type GraphicZone"/><OtherTag ID="BT12" LABEL="MainZone" DESCRIPTION="block type MainZone"/><OtherTag ID="BT13" LABEL="MarginTextZone" DESCRIPTION="block type MarginTextZone"/><OtherTag ID="BT15" LABEL="NumberingZone" DESCRIPTION="block type NumberingZone"/><OtherTag ID="BT17" LABEL="QuireMarksZone" DESCRIPTION="block type QuireMarksZone"/><OtherTag ID="BT18" LABEL="RunningTitleZone" DESCRIPTION="block type RunningTitleZone"/><OtherTag ID="BT22" LABEL="TitlePageZone" DESCRIPTION="block type TitlePageZone"/><OtherTag ID="BT985" LABEL="MainZone-Other" DESCRIPTION="block type MainZone-Other"/><OtherTag ID="BT986" LABEL="MainZone-Signature" DESCRIPTION="block type MainZone-Signature"/><OtherTag ID="BT987" LABEL="MainZone-Head" DESCRIPTION="block type MainZone-Head"/><OtherTag ID="BT988" LABEL="MainZone-P" DESCRIPTION="block type MainZone-P"/><OtherTag ID="BT989" LABEL="MainZone-P-Continued" DESCRIPTION="block type MainZone-P-Continued"/><OtherTag ID="BT990" LABEL="MarginTextZone-Notes" DESCRIPTION="block type MarginTextZone-Notes"/><OtherTag ID="BT991" LABEL="MainZone-Lg" DESCRIPTION="block type MainZone-Lg"/><OtherTag ID="BT1884" LABEL="MainZone-Sp" DESCRIPTION="block type MainZone-Sp"/><OtherTag ID="BT1885" LABEL="MainZone-Entry" DESCRIPTION="block type MainZone-Entry"/><OtherTag ID="BT1886" LABEL="MainZone-Sp-Continued" DESCRIPTION="block type MainZone-Sp-Continued"/>
    <OtherTag ID="LT7" LABEL="CustomLine" DESCRIPTION="line type CustomLine"/><OtherTag ID="LT8" LABEL="DefaultLine" DESCRIPTION="line type DefaultLine"/><OtherTag ID="LT9" LABEL="DropCapitalLine" DESCRIPTION="line type DropCapitalLine"/><OtherTag ID="LT10" LABEL="HeadingLine" DESCRIPTION="line type HeadingLine"/><OtherTag ID="LT11" LABEL="InterlinearLine" DESCRIPTION="line type InterlinearLine"/><OtherTag ID="LT12" LABEL="MusicLine" DESCRIPTION="line type MusicLine"/>
  </Tags>
  <Layout>
    <Page WIDTH="1128"
          HEIGHT="1876"
          PHYSICAL_IMG_NR="35"
          ID="eSc_dummypage_">
      <PrintSpace HPOS="0"
                  VPOS="0"
                  WIDTH="1128"
                  HEIGHT="1876">
        <TextBlock HPOS="304"
                   VPOS="125"
                   WIDTH="718"
                   HEIGHT="49"
                   ID="block_1"
                   TAGREFS="BT18">
          <Shape><Polygon POINTS="1022 125 1022 174 304 174 304 125"/></Shape>
          <TextLine ID="line_2"
                    TAGREFS="LT8"
                    BASELINE="309 166 782 158 1017 159" 
                    HPOS="308"
                    VPOS="125"
                    WIDTH="709"
                    HEIGHT="54">
            <Shape><Polygon POINTS="975 131 965 131 954 131 944 131 934 131 923 131 918 131 913 134 881 131 871 131 861 131 850 131 763 136 753 131 746 131 736 131 725 131 715 131 704 131 694 131 688 131 681 136 673 131 663 131 652 131 642 131 631 131 621 131 610 131 600 131 592 131 591 132 590 131 579 131 569 131 558 131 548 131 537 131 527 131 517 131 506 131 496 131 485 131 475 131 464 131 454 131 444 131 433 131 423 131 412 131 402 131 391 131 381 131 371 131 360 131 350 131 339 131 329 131 319 131 317 125 308 125 309 166 309 179 388 173 451 177 463 178 464 178 480 177 553 170 607 175 621 176 622 176 623 176 627 175 648 169 1017 169 1017 159 1016 133 994 131 986 131"/></Shape>
	    <String CONTENT="IN EPISTOLAM AD EPHESIOS"
                    HPOS="308"
                    VPOS="125"
                    WIDTH="709"
                    HEIGHT="54"
                    WC="0.9998779172698656"></String>
          </TextLine>
        </TextBlock>
        <TextBlock HPOS="244"
                   VPOS="181"
                   WIDTH="839"
                   HEIGHT="847"
                   ID="block_2"
                   TAGREFS="BT989">
          <Shape><Polygon POINTS="1083 181 1083 1028 244 1028 244 181"/></Shape>
          <TextLine ID="line_3"
                    TAGREFS="LT8"
                    BASELINE="249 225 675 215 1077 213" 
                    HPOS="248"
                    VPOS="186"
                    WIDTH="829"
                    HEIGHT="56">
            <Shape><Polygon POINTS="1061 188 1050 188 1040 188 1030 188 1019 188 1009 188 998 188 988 188 977 188 967 188 957 188 946 188 936 188 925 188 915 188 904 188 894 188 884 188 873 188 863 188 852 188 842 188 831 188 821 188 811 188 800 188 790 188 779 188 769 188 758 188 756 188 748 188 738 188 727 188 717 188 706 188 697 188 696 188 685 188 675 188 665 188 654 188 644 188 633 188 623 188 612 188 610 188 608 190 601 188 592 188 581 188 571 188 560 188 554 188 529 191 523 188 519 188 508 188 498 188 487 188 477 188 467 188 464 188 461 191 451 188 446 188 435 188 425 188 419 188 394 192 376 188 373 188 362 188 352 188 341 188 331 188 321 188 310 188 300 188 289 188 279 188 268 188 258 188 257 186 248 186 249 225 249 235 316 242 317 242 319 242 320 242 329 235 331 234 355 235 467 240 468 240 502 234 513 232 521 234 540 239 541 239 542 239 600 234 616 238 617 238 618 238 658 233 692 229 712 233 729 236 730 236 747 232 767 228 805 228 815 232 821 235 822 235 823 235 824 235 832 232 846 227 855 232 860 234 861 234 862 234 960 233 974 231 1015 225 1076 230 1077 213 1075 188 1071 188"/></Shape>
	    <String CONTENT="Impelliautem mittiq́; ad prædicandum hanc, poſſunt etiã"
                    HPOS="248"
                    VPOS="186"
                    WIDTH="829"
                    HEIGHT="56"
                    WC="0.9840138538607529"></String>
          </TextLine>
          <TextLine ID="line_4"
                    TAGREFS="LT8"
                    BASELINE="250 272 1075 260" 
                    HPOS="249.0"
                    VPOS="225.0"
                    WIDTH="826.0"
                    HEIGHT="65.0">
            <Shape><Polygon POINTS="250 272 250 285 282 290 283 290 339 284 351 283 356 284 382 289 383 289 384 289 399 283 406 283 481 285 482 285 483 285 492 281 495 280 501 281 531 287 532 287 533 287 554 280 559 278 625 278 635 279 682 285 683 285 684 285 698 278 701 276 775 276 776 276 782 281 783 281 785 281 913 282 914 282 915 282 916 282 928 274 930 274 997 281 998 281 1045 280 1046 280 1075 270 1075 260 1073 232 1000 225 999 225 998 225 983 233 923 233 863 229 862 229 797 234 782 229 781 229 780 229 779 229 762 235 733 229 732 229 698 236 683 230 682 230 681 230 680 230 653 236 585 231 584 231 583 231 582 231 572 237 559 231 558 231 557 231 431 239 407 233 406 233 405 233 320 241 261 235 260 235 259 235 258 235 249 240 250 272"/></Shape>
	    <String CONTENT="qui non per omnia illi uita reſpondent, neque pure glori¬"
                    HPOS="249.0"
                    VPOS="225.0"
                    WIDTH="826.0"
                    HEIGHT="65.0"
                    WC="0.9856500845206412"></String>
          </TextLine>
          <TextLine ID="line_5"
                    TAGREFS="LT8"
                    BASELINE="249 321 1075 311" 
                    HPOS="248.0"
                    VPOS="274.0"
                    WIDTH="827.0"
                    HEIGHT="62.0">
            <Shape><Polygon POINTS="249 321 249 330 325 336 326 336 409 330 417 330 425 330 496 334 497 334 498 334 499 334 504 330 507 328 546 330 614 333 615 333 636 329 659 325 719 325 732 329 739 331 740 331 741 331 757 329 800 324 864 329 883 330 884 330 885 330 888 329 902 323 1015 328 1016 328 1047 322 1072 328 1075 311 1072 275 979 283 945 277 943 277 942 277 941 277 940 277 932 283 914 278 901 274 900 274 899 274 898 274 880 278 861 283 849 279 844 277 843 277 842 277 828 279 819 281 816 280 806 275 805 275 804 275 763 276 762 276 752 281 745 285 739 281 732 276 731 276 730 276 705 276 704 276 703 276 691 282 681 286 660 283 645 280 644 280 628 283 609 287 601 284 595 281 594 281 593 281 592 281 579 284 571 286 560 284 523 278 522 278 431 279 394 288 387 289 383 288 365 282 364 282 363 282 362 282 346 289 344 289 341 289 305 281 304 281 248 290 249 321"/></Shape>
	    <String CONTENT="am Dei, et nihil ſui quærunt. Christũ enim, licet ex mala"
                    HPOS="248.0"
                    VPOS="274.0"
                    WIDTH="827.0"
                    HEIGHT="62.0"
                    WC="0.9716680635666025"></String>
          </TextLine>
          <TextLine ID="line_6"
                    TAGREFS="LT8"
                    BASELINE="254 371 1074 360" 
                    HPOS="251"
                    VPOS="320"
                    WIDTH="822"
                    HEIGHT="72">
            <Shape><Polygon POINTS="253 370 253 384 367 392 369 392 370 392 372 392 381 384 383 384 387 384 416 390 417 390 458 384 472 383 475 384 481 390 483 390 484 390 486 390 488 390 508 384 520 381 558 384 592 387 594 387 611 384 636 379 683 384 718 387 719 387 721 387 722 387 725 384 733 378 779 384 796 386 797 386 821 384 893 376 1070 383 1073 359 1070 328 1002 320 1001 320 949 328 941 329 251 329 253 370"/></Shape>
	    <String CONTENT="occaſione prædicabant, &amp; humana commenta nequa¬"
                    HPOS="251"
                    VPOS="320"
                    WIDTH="822"
                    HEIGHT="72"
                    WC="0.9888798936884454"></String>
          </TextLine>
          <TextLine ID="eSc_line_f0c7f58b"
                    TAGREFS="LT8"
                    BASELINE="254 420 1074 409" 
                    HPOS="251"
                    VPOS="367"
                    WIDTH="822"
                    HEIGHT="75">
            <Shape><Polygon POINTS="253 442 300 434 503 437 511 429 603 436 617 428 786 434 846 425 874 433 883 425 932 433 980 423 1070 431 1073 408 1071 376 1037 367 1015 375 890 368 863 376 835 368 824 378 613 372 367 384 270 376 251 384 253 418"/></Shape>
	    <String CONTENT="quam, quorum Paulus Philpp·2·meminit, id tamen ſe¬"
                    HPOS="251"
                    VPOS="367"
                    WIDTH="822"
                    HEIGHT="75"
                    WC="0.9802938842773438"></String>
          </TextLine>
          <TextLine ID="eSc_line_86f8a552"
                    TAGREFS="LT8"
                    BASELINE="254 468 1076 460" 
                    HPOS="251"
                    VPOS="418"
                    WIDTH="823"
                    HEIGHT="68">
            <Shape><Polygon POINTS="253 486 1073 481 1074 459 1071 428 948 418 946 418 944 418 905 428 797 420 796 420 741 429 517 423 516 423 514 423 513 423 513 425 505 433 434 433 417 423 416 423 414 423 251 434 253 467"/></Shape>
	    <String CONTENT="rio Apoſtolus gaudebat, nequaquam gauiſurus ſihuma¬"
                    HPOS="251"
                    VPOS="418"
                    WIDTH="823"
                    HEIGHT="68"
                    WC="0.9876649531663633"></String>
          </TextLine>
          <TextLine ID="eSc_line_9f4b4b0c"
                    TAGREFS="LT8"
                    BASELINE="254 517 1076 509" 
                    HPOS="251"
                    VPOS="472"
                    WIDTH="823"
                    HEIGHT="67">
            <Shape><Polygon POINTS="253 539 1073 525 1074 508 1070 472 251 486 253 515"/></Shape>
	    <String CONTENT="na commenta prædicaſſent, quia alienorum uocem oues"
                    HPOS="251"
                    VPOS="472"
                    WIDTH="823"
                    HEIGHT="67"
                    WC="0.9990447444074294"></String>
          </TextLine>
          <TextLine ID="line_10"
                    TAGREFS="LT8"
                    BASELINE="254 571 1077 558" 
                    HPOS="251"
                    VPOS="517"
                    WIDTH="825"
                    HEIGHT="73">
            <Shape><Polygon POINTS="253 570 253 584 430 590 488 581 527 589 560 578 694 578 704 586 710 586 729 576 801 584 811 573 891 573 916 581 1013 573 1073 579 1076 556 1073 525 893 517 830 526 799 519 752 528 531 523 520 533 453 525 251 537 253 570"/></Shape>
	    <String CONTENT="audire nequaquam ſustinent, tam abeſt ut ad illam gaude"
                    HPOS="251"
                    VPOS="517"
                    WIDTH="825"
                    HEIGHT="73"
                    WC="0.9959808653051203"></String>
          </TextLine>
          <TextLine ID="line_11"
                    TAGREFS="LT8"
                    BASELINE="244 622 625 612 1071 607" 
                    HPOS="243.0"
                    VPOS="570.0"
                    WIDTH="828.0"
                    HEIGHT="68.0">
            <Shape><Polygon POINTS="254 608 251 588 243 589 244 622 244 635 278 638 279 638 280 638 290 634 306 628 373 628 382 632 391 636 393 636 394 637 421 637 421 636 456 630 488 625 506 629 525 634 526 634 527 634 643 631 644 631 655 626 656 625 661 625 708 631 709 631 710 631 736 624 742 622 746 623 755 627 756 627 757 627 758 627 772 623 778 621 795 622 850 627 851 627 852 627 853 627 864 620 866 619 927 618 930 619 946 624 947 624 948 624 1070 614 1071 607 1068 577 1026 577 1025 577 1016 570 1015 570 1014 570 1013 570 1012 570 994 578 911 579 883 579 856 572 855 572 854 572 853 572 852 572 852 573 844 579 820 573 819 573 818 573 786 579 736 574 734 574 733 574 717 580 669 575 668 575 611 584 606 584 599 584 540 580 538 580 537 580 523 585 522 585 521 585 487 578 486 578 485 578 466 586 464 586 463 586 440 581 439 581 391 587 390 587 375 580 374 580 373 580 372 580 353 588 352 588 350 588 317 581 316 581 259 587 254 608"/></Shape>
	    <String CONTENT="reut. Hypocritæ quoque illi, quibus Dominus Matth.7."
                    HPOS="243.0"
                    VPOS="570.0"
                    WIDTH="828.0"
                    HEIGHT="68.0"
                    WC="0.9979794220282481"></String>
          </TextLine>
          <TextLine ID="line_12"
                    TAGREFS="LT8"
                    BASELINE="243 670 1069 659" 
                    HPOS="242.0"
                    VPOS="621.0"
                    WIDTH="827.0"
                    HEIGHT="66.0">
            <Shape><Polygon POINTS="243 670 243 687 319 680 349 684 350 684 351 684 352 684 359 679 406 683 407 683 408 683 409 683 415 678 453 684 454 684 455 684 492 675 546 675 562 683 564 683 565 683 568 683 656 673 715 677 716 677 748 672 765 680 766 680 767 681 820 681 820 680 865 679 866 679 867 679 878 671 916 678 917 678 918 678 941 669 1019 669 1068 676 1069 659 1066 628 1027 628 1026 628 1016 622 1015 622 1014 622 1013 622 963 629 959 629 946 621 945 621 944 621 922 621 921 621 920 621 901 630 899 631 839 631 839 630 820 622 819 622 818 622 817 622 789 630 755 623 754 623 683 632 682 632 681 632 655 624 654 624 653 624 652 624 619 633 617 634 564 634 557 634 489 626 488 626 487 626 486 626 473 635 472 635 454 629 453 629 452 629 451 629 437 635 435 635 384 630 383 630 382 630 369 636 369 637 331 637 321 637 282 629 281 629 242 637 243 670"/></Shape>
	    <String CONTENT="teſtimonium perhibet, quod in nomine ſuo prophetarunt,"
                    HPOS="242.0"
                    VPOS="621.0"
                    WIDTH="827.0"
                    HEIGHT="66.0"
                    WC="0.9945699727093732"></String>
          </TextLine>
          <TextLine ID="line_13"
                    TAGREFS="LT8"
                    BASELINE="244 721 1071 706" 
                    HPOS="243.0"
                    VPOS="670.0"
                    WIDTH="828.0"
                    HEIGHT="68.0">
            <Shape><Polygon POINTS="254 707 249 689 243 690 244 721 244 730 275 730 290 738 291 738 292 738 327 737 328 737 349 729 421 736 422 736 423 736 442 727 443 727 468 731 469 731 523 726 537 731 538 731 540 731 541 731 567 725 595 733 596 733 597 733 714 722 717 722 719 722 774 730 775 730 810 723 818 728 819 728 820 728 821 728 822 728 823 728 837 720 880 728 881 728 883 728 884 728 896 719 975 726 976 726 977 726 978 726 989 719 1043 722 1044 722 1045 722 1071 714 1071 706 1069 677 1027 670 1026 670 1025 670 996 678 909 678 896 671 895 671 894 671 893 671 832 680 718 677 717 677 716 677 703 682 666 675 665 675 664 675 663 675 649 683 607 679 606 679 559 684 541 677 540 677 538 677 499 685 484 678 483 678 482 678 387 680 386 680 385 680 378 686 363 681 362 681 361 681 281 682 259 687 254 707"/></Shape>
	    <String CONTENT="utiq; id ex ſpiritu cius atq; uoluntate patris fecerunt. Hu¬"
                    HPOS="243.0"
                    VPOS="670.0"
                    WIDTH="828.0"
                    HEIGHT="68.0"
                    WC="0.9744893997907639"></String>
          </TextLine>
          <TextLine ID="line_14"
                    TAGREFS="LT8"
                    BASELINE="243 771 1070 756" 
                    HPOS="242.0"
                    VPOS="718.0"
                    WIDTH="828.0"
                    HEIGHT="64.0">
            <Shape><Polygon POINTS="243 771 243 781 534 782 535 782 576 775 581 774 592 774 641 777 642 777 643 777 657 773 663 772 676 773 757 778 758 778 759 778 777 770 779 770 794 770 949 775 950 775 1000 767 1040 773 1041 773 1042 773 1070 763 1070 756 1069 725 1051 718 1050 718 1049 718 1010 726 1007 726 991 726 969 726 961 719 960 719 959 719 958 719 912 726 896 720 895 720 894 720 893 720 877 727 845 721 844 721 843 721 842 721 830 729 820 722 819 722 818 722 817 722 816 722 796 729 795 729 743 723 742 723 741 723 740 723 730 729 714 723 713 723 712 723 659 724 658 724 632 732 631 732 628 732 556 726 555 726 506 732 488 727 487 727 486 727 485 727 484 727 474 735 464 735 405 736 403 736 387 730 386 730 385 730 384 730 361 735 335 730 334 730 333 730 312 737 312 738 242 738 243 771"/></Shape>
	    <String CONTENT="manum nanque ingenium nihil tale uel cõminiſci poteſt·"
                    HPOS="242.0"
                    VPOS="718.0"
                    WIDTH="828.0"
                    HEIGHT="64.0"></String>
          </TextLine>
          <TextLine ID="line_15"
                    TAGREFS="LT8"
                    BASELINE="243 820 1070 806" 
                    HPOS="242.0"
                    VPOS="767.0"
                    WIDTH="828.0"
                    HEIGHT="69.0">
            <Shape><Polygon POINTS="243 820 243 828 303 836 304 836 305 836 306 836 313 830 376 834 377 834 378 834 391 827 447 831 448 831 478 826 516 832 517 832 614 824 624 830 625 830 626 830 627 831 664 831 664 830 665 830 692 822 719 829 720 829 721 829 772 824 798 828 799 828 800 828 817 820 877 825 878 825 946 819 1004 825 1006 825 1034 820 1055 824 1056 824 1057 824 1058 824 1070 816 1070 806 1068 776 1018 767 1017 767 1016 767 1015 767 1001 777 932 777 917 769 916 769 915 769 914 769 874 774 855 770 854 770 853 770 813 780 707 780 698 775 697 775 696 775 695 775 694 775 673 781 646 773 645 773 644 773 558 783 448 776 447 776 400 785 371 777 370 777 369 777 368 777 366 777 356 786 341 778 340 778 306 778 305 778 256 779 255 779 254 779 242 786 243 820"/></Shape>
	    <String CONTENT="Mißi igitur diuinitus &amp; hi fuerunt, &amp; Christum ipſum"
                    HPOS="242.0"
                    VPOS="767.0"
                    WIDTH="828.0"
                    HEIGHT="69.0"></String>
          </TextLine>
          <TextLine ID="line_16"
                    TAGREFS="LT8"
                    BASELINE="242 868 1071 856" 
                    HPOS="241.0"
                    VPOS="820.0"
                    WIDTH="830.0"
                    HEIGHT="66.0">
            <Shape><Polygon POINTS="252 851 251 836 241 837 242 868 242 880 255 886 256 886 257 886 301 879 305 879 310 879 390 885 391 885 393 885 411 878 445 884 446 884 483 876 488 875 491 876 504 883 505 883 506 884 543 884 543 883 544 883 570 874 572 874 574 874 597 882 598 882 599 882 600 882 623 874 625 873 633 873 709 880 710 881 765 881 765 880 766 880 778 874 824 879 825 879 826 879 827 879 834 874 855 878 856 878 857 878 859 878 867 871 876 877 877 877 878 877 879 877 880 877 901 869 1048 868 1060 873 1061 873 1062 873 1063 873 1064 873 1071 867 1071 856 1066 820 1056 827 1002 822 994 821 993 821 992 821 991 821 990 822 979 829 900 829 883 824 869 820 868 820 867 820 866 820 854 825 841 831 795 831 782 826 768 821 767 821 766 821 765 821 746 827 732 832 673 833 642 833 636 829 628 823 627 823 626 823 625 823 594 830 589 831 585 830 568 824 567 824 543 824 542 824 541 824 540 824 540 825 532 831 523 825 522 825 521 825 471 825 470 825 469 825 453 833 451 834 444 833 390 826 389 826 388 826 365 835 361 836 352 835 315 831 314 831 256 836 252 851"/></Shape>
	    <String CONTENT="contempſit, quicũq; illorũ contempſit prophetiam· Vere"
                    HPOS="241.0"
                    VPOS="820.0"
                    WIDTH="830.0"
                    HEIGHT="66.0"></String>
          </TextLine>
          <TextLine ID="line_17"
                    TAGREFS="LT8"
                    BASELINE="243 920 1071 906" 
                    HPOS="242.0"
                    VPOS="868.0"
                    WIDTH="829.0"
                    HEIGHT="68.0">
            <Shape><Polygon POINTS="243 920 243 934 293 936 295 936 308 933 328 929 349 932 360 934 361 934 362 934 363 934 365 932 372 928 376 932 379 934 380 934 381 934 382 935 429 935 429 934 430 934 431 934 435 931 439 927 453 930 464 933 466 933 467 933 468 933 481 930 498 926 526 929 556 932 557 932 576 928 591 925 603 927 622 931 623 931 664 926 692 923 724 925 771 928 772 928 773 928 774 928 779 924 783 921 827 921 843 923 878 927 879 927 928 921 947 919 974 920 1056 924 1057 924 1058 924 1071 918 1071 906 1068 875 948 875 925 868 924 868 881 868 880 868 879 868 849 878 800 878 780 870 779 870 778 870 777 870 776 870 763 879 741 879 689 871 688 871 687 871 651 880 626 872 625 872 624 872 623 872 592 880 568 873 567 873 566 873 565 873 540 882 502 875 501 875 500 875 482 883 450 876 449 876 448 876 429 881 394 876 393 876 391 876 366 885 262 878 261 878 260 878 242 886 243 920"/></Shape>
	    <String CONTENT="igitur &amp; ſi plane impij ad prædicandum mißi fuerant, au"
                    HPOS="242.0"
                    VPOS="868.0"
                    WIDTH="829.0"
                    HEIGHT="68.0"
                    WC="0.9986992835998535"></String>
          </TextLine>
          <TextLine ID="line_18"
                    TAGREFS="LT8"
                    BASELINE="243 967 1069 955" 
                    HPOS="242.0"
                    VPOS="921.0"
                    WIDTH="827.0"
                    HEIGHT="64.0">
            <Shape><Polygon POINTS="243 967 243 981 321 983 322 983 323 983 324 983 327 981 330 978 334 981 338 984 339 984 340 984 341 985 370 985 370 984 395 980 419 977 583 979 615 979 616 979 617 979 618 979 618 978 623 973 699 973 719 978 723 979 724 979 725 979 726 979 730 978 747 973 823 977 842 978 843 978 844 978 848 977 873 971 894 977 895 977 896 977 897 977 976 976 977 976 994 969 1004 975 1006 975 1007 975 1008 976 1068 976 1069 955 1067 927 961 921 960 921 959 921 940 927 920 921 919 921 918 921 917 921 916 921 905 928 881 922 880 922 879 922 842 929 816 924 815 924 754 930 658 925 657 925 656 925 655 925 646 931 554 926 553 926 552 926 551 926 540 933 469 927 468 927 467 927 449 934 393 928 391 928 390 928 377 935 365 929 364 929 328 929 327 929 326 929 325 929 315 936 261 930 260 930 259 930 242 936 243 967"/></Shape>
	    <String CONTENT="diendiq́; timentibus Deum erant, utcunque uita illorum"
                    HPOS="242.0"
                    VPOS="921.0"
                    WIDTH="827.0"
                    HEIGHT="64.0"
                    WC="0.9919344893208256"></String>
          </TextLine>
          <TextLine ID="line_19"
                    TAGREFS="LT8"
                    BASELINE="244 1018 605 1010" 
                    HPOS="243.0"
                    VPOS="975.0"
                    WIDTH="362.0"
                    HEIGHT="60.0">
            <Shape><Polygon POINTS="254 1005 249 988 243 990 244 1018 244 1028 346 1035 347 1035 387 1034 388 1034 389 1034 400 1027 429 1033 430 1033 469 1027 501 1032 502 1032 503 1032 504 1032 513 1024 515 1024 516 1024 551 1029 552 1029 605 1022 605 1010 603 983 553 975 552 975 551 975 525 983 489 979 488 979 487 979 471 984 461 978 460 978 459 978 458 978 414 981 407 976 406 976 405 976 404 976 403 976 390 981 369 977 368 977 366 977 365 977 365 978 357 986 342 978 341 978 315 978 314 978 313 978 288 989 268 981 267 981 266 981 265 981 259 983 254 1005"/></Shape>
	    <String CONTENT="cum doctrina pugnaret·"
                    HPOS="243.0"
                    VPOS="975.0"
                    WIDTH="362.0"
                    HEIGHT="60.0"></String>
          </TextLine>
        </TextBlock>
        <TextBlock HPOS="73"
                   VPOS="355"
                   WIDTH="164"
                   HEIGHT="219"
                   ID="eSc_textblock_8c1189ea"
                   TAGREFS="BT990">
          <Shape><Polygon POINTS="73 355 73 574 237 574 237 355"/></Shape>
          <TextLine ID="line_7"
                    TAGREFS="LT8"
                    BASELINE="88 422 227 420" 
                    HPOS="86"
                    VPOS="365"
                    WIDTH="140"
                    HEIGHT="74">
            <Shape><Polygon POINTS="87 420 87 431 151 439 153 439 154 439 156 439 156 437 164 429 165 429 225 429 226 418 222 372 184 376 175 375 148 365 147 365 145 365 143 365 142 365 126 378 125 379 86 379 87 420"/></Shape>
	    <String CONTENT="Qui cur¬"
                    HPOS="86"
                    VPOS="365"
                    WIDTH="140"
                    HEIGHT="74"></String>
          </TextLine>
          <TextLine ID="line_8"
                    TAGREFS="LT8"
                    BASELINE="83 470 227 469" 
                    HPOS="82"
                    VPOS="429"
                    WIDTH="144"
                    HEIGHT="55">
            <Shape><Polygon POINTS="82 469 82 481 225 484 226 469 225 429 82 436 82 469"/></Shape>
	    <String CONTENT="rentes &amp;"
                    HPOS="82"
                    VPOS="429"
                    WIDTH="144"
                    HEIGHT="55"
                    WC="0.9960961863398552"></String>
          </TextLine>
          <TextLine ID="line_9"
                    TAGREFS="LT8"
                    BASELINE="85 519 227 518" 
                    HPOS="84"
                    VPOS="475"
                    WIDTH="142"
                    HEIGHT="81">
            <Shape><Polygon POINTS="84 547 162 556 164 556 226 545 226 517 226 479 190 475 189 475 187 475 170 481 161 486 156 483 145 475 143 475 142 475 140 475 139 475 137 475 126 484 123 487 84 487 84 517"/></Shape>
	    <String CONTENT="qui mißi¬"
                    HPOS="84"
                    VPOS="475"
                    WIDTH="142"
                    HEIGHT="81"></String>
          </TextLine>
        </TextBlock>
        <TextBlock HPOS="243"
                   VPOS="1031"
                   WIDTH="833"
                   HEIGHT="507"
                   ID="block_0"
                   TAGREFS="BT988">
          <Shape><Polygon POINTS="1076 1031 1063 1528 243 1538 243 1031"/></Shape>
          <TextLine ID="line_20"
                    TAGREFS="LT8"
                    BASELINE="295 1067 1080 1057" 
                    HPOS="293.0"
                    VPOS="1018.0"
                    WIDTH="787.0"
                    HEIGHT="66.0">
            <Shape><Polygon POINTS="295 1067 295 1076 327 1084 328 1084 373 1081 374 1081 375 1081 383 1075 384 1075 389 1075 468 1083 469 1083 470 1083 471 1083 482 1074 528 1074 533 1074 553 1080 554 1080 555 1080 607 1075 615 1080 616 1080 617 1080 618 1080 619 1080 645 1072 647 1072 652 1072 729 1080 730 1080 769 1073 803 1079 804 1079 805 1079 806 1079 819 1070 820 1070 851 1078 852 1078 853 1078 901 1069 905 1069 915 1069 1060 1076 1061 1076 1062 1076 1080 1067 1080 1057 1077 1020 1010 1018 1009 1018 1008 1018 1000 1021 990 1025 981 1021 972 1018 971 1018 970 1018 969 1018 955 1022 942 1025 932 1022 927 1021 926 1021 925 1021 893 1023 834 1026 819 1024 794 1020 793 1020 792 1020 791 1020 786 1024 782 1027 779 1025 772 1020 771 1020 770 1020 733 1020 732 1020 731 1020 730 1020 730 1021 724 1025 721 1028 699 1026 652 1021 651 1021 621 1027 611 1029 605 1027 594 1024 593 1024 592 1024 571 1028 570 1028 560 1022 559 1022 558 1022 557 1022 515 1029 506 1030 501 1029 473 1023 472 1023 471 1023 443 1030 437 1031 431 1030 390 1024 389 1024 388 1024 387 1024 377 1031 375 1033 333 1033 332 1032 319 1025 317 1025 316 1025 315 1025 293 1032 295 1067"/></Shape>
	    <String CONTENT="Orandus igitur deus ut in meſſem ſuam extrudat, qui"
                    HPOS="293.0"
                    VPOS="1018.0"
                    WIDTH="787.0"
                    HEIGHT="66.0"
                    WC="0.9936463517301223"></String>
          </TextLine>
          <TextLine ID="line_21"
                    TAGREFS="LT8"
                    BASELINE="242 1120 615 1111 1069 1106" 
                    HPOS="241.0"
                    VPOS="1075.0"
                    WIDTH="828.0"
                    HEIGHT="58.0">
            <Shape><Polygon POINTS="1044 1075 1034 1075 1023 1075 1013 1075 1002 1075 992 1075 982 1075 971 1075 961 1075 950 1075 940 1075 929 1075 919 1075 910 1075 891 1078 889 1078 888 1078 877 1075 877 1075 867 1075 856 1075 848 1075 837 1079 835 1079 834 1079 816 1075 815 1075 804 1075 796 1075 791 1079 720 1075 719 1075 718 1075 717 1075 709 1081 658 1081 655 1081 641 1075 638 1075 632 1075 615 1082 614 1082 612 1082 577 1075 576 1075 575 1075 574 1075 560 1083 559 1084 472 1084 471 1084 461 1077 460 1077 459 1077 437 1077 436 1077 405 1078 404 1078 390 1085 389 1085 319 1080 317 1080 316 1080 295 1088 292 1089 241 1089 242 1120 242 1126 301 1133 302 1133 303 1133 304 1133 311 1128 348 1132 349 1132 458 1124 469 1131 470 1131 471 1131 472 1132 504 1132 504 1131 505 1131 530 1123 758 1127 759 1127 761 1127 778 1119 823 1125 824 1125 872 1118 909 1125 910 1125 911 1125 933 1119 1030 1123 1031 1123 1069 1114 1069 1106 1067 1076 1046 1075 1044 1075"/></Shape>
	    <String CONTENT="non tam uerbis quam uita doceant, &amp; danda opera eſt, ut"
                    HPOS="241.0"
                    VPOS="1075.0"
                    WIDTH="828.0"
                    HEIGHT="58.0"
                    WC="0.9918111150914972"></String>
          </TextLine>
          <TextLine ID="line_22"
                    TAGREFS="LT8"
                    BASELINE="243 1169 781 1157 1070 1155" 
                    HPOS="242.0"
                    VPOS="1119.0"
                    WIDTH="828.0"
                    HEIGHT="66.0">
            <Shape><Polygon POINTS="243 1169 243 1177 262 1185 263 1185 264 1185 351 1175 359 1175 366 1175 469 1182 470 1182 471 1182 507 1173 570 1178 571 1178 607 1171 608 1171 642 1179 643 1179 644 1179 754 1168 759 1168 763 1168 799 1174 873 1175 874 1175 875 1175 890 1169 930 1174 932 1174 1070 1162 1070 1155 1067 1126 1004 1126 1003 1126 981 1119 979 1119 978 1119 977 1119 976 1119 965 1127 964 1127 961 1127 936 1122 935 1122 934 1122 921 1127 919 1128 917 1127 905 1122 904 1122 903 1122 902 1122 901 1122 895 1127 894 1128 890 1127 866 1123 865 1123 830 1128 816 1130 806 1128 787 1124 786 1124 785 1124 767 1129 758 1131 751 1129 739 1125 738 1125 737 1125 682 1130 664 1131 649 1130 590 1125 589 1125 587 1125 575 1131 571 1133 554 1131 529 1128 528 1128 510 1132 503 1133 501 1132 497 1128 496 1128 495 1128 494 1128 493 1128 492 1128 486 1132 485 1133 483 1132 474 1127 473 1127 472 1127 440 1132 413 1138 401 1133 389 1129 388 1129 387 1129 242 1134 243 1169"/></Shape>
	    <String CONTENT="tales ad docendi munus deligantur. At nequaquam con¬"
                    HPOS="242.0"
                    VPOS="1119.0"
                    WIDTH="828.0"
                    HEIGHT="66.0"
                    WC="0.9936407919113452"></String>
          </TextLine>
          <TextLine ID="line_23"
                    TAGREFS="LT8"
                    BASELINE="241 1218 1069 1205" 
                    HPOS="240.0"
                    VPOS="1167.0"
                    WIDTH="829.0"
                    HEIGHT="66.0">
            <Shape><Polygon POINTS="241 1218 241 1227 260 1233 261 1233 262 1233 321 1227 322 1227 337 1232 338 1232 339 1232 340 1232 360 1226 362 1226 365 1226 380 1231 381 1231 382 1231 421 1226 425 1226 430 1226 483 1230 484 1230 505 1225 518 1223 543 1225 584 1229 585 1229 624 1225 655 1221 672 1224 685 1227 687 1227 722 1224 765 1220 780 1224 791 1226 792 1226 793 1226 794 1226 795 1226 795 1225 798 1223 803 1219 829 1223 843 1225 844 1225 845 1225 853 1223 869 1219 899 1223 912 1224 913 1224 914 1224 918 1223 935 1217 1067 1221 1069 1205 1067 1174 1013 1167 1012 1167 1011 1167 986 1175 984 1175 981 1175 937 1168 936 1168 935 1168 934 1168 922 1176 919 1176 883 1169 881 1169 850 1174 835 1170 834 1170 832 1170 831 1170 812 1177 788 1170 787 1170 786 1170 785 1170 783 1170 773 1178 772 1179 611 1180 610 1180 597 1173 596 1173 595 1173 594 1173 567 1181 566 1181 555 1174 554 1174 553 1174 517 1174 516 1174 515 1174 497 1182 496 1182 479 1175 478 1175 477 1175 445 1176 444 1176 443 1176 436 1182 428 1176 427 1176 426 1176 373 1176 372 1176 308 1186 303 1186 300 1186 262 1178 261 1178 260 1178 240 1185 241 1218"/></Shape>
	    <String CONTENT="temnenda interim est, &amp; eorum prædicatio, qui uita ſunt"
                    HPOS="240.0"
                    VPOS="1167.0"
                    WIDTH="829.0"
                    HEIGHT="66.0"
                    WC="0.986063108660958"></String>
          </TextLine>
          <TextLine ID="line_24"
                    TAGREFS="LT8"
                    BASELINE="240 1268 1068 1255" 
                    HPOS="239.0"
                    VPOS="1217.0"
                    WIDTH="829.0"
                    HEIGHT="59.0">
            <Shape><Polygon POINTS="240 1268 240 1276 1067 1266 1068 1255 1065 1223 1009 1223 1007 1223 985 1217 984 1217 983 1217 936 1223 921 1225 892 1224 800 1219 799 1219 798 1219 785 1225 777 1228 583 1229 565 1226 545 1223 544 1223 543 1223 542 1223 537 1226 533 1229 524 1226 510 1223 509 1223 508 1223 485 1227 476 1228 468 1227 449 1224 448 1224 447 1224 446 1224 446 1225 443 1227 436 1232 409 1227 395 1225 394 1225 376 1227 354 1231 345 1228 339 1226 338 1226 337 1226 239 1228 240 1268"/></Shape>
	    <String CONTENT="inſinceriore, de Christo tamen uera testantur· Mißio ita"
                    HPOS="239.0"
                    VPOS="1217.0"
                    WIDTH="829.0"
                    HEIGHT="59.0"></String>
          </TextLine>
          <TextLine ID="line_25"
                    TAGREFS="LT8"
                    BASELINE="244 1321 301 1316 519 1311 1069 1304" 
                    HPOS="243.0"
                    VPOS="1266.0"
                    WIDTH="826.0"
                    HEIGHT="70.0">
            <Shape><Polygon POINTS="244 1321 244 1336 324 1327 334 1334 335 1334 336 1334 337 1334 338 1334 364 1328 383 1333 389 1334 390 1334 391 1334 397 1333 420 1326 438 1331 439 1331 440 1331 442 1331 443 1331 445 1331 472 1322 547 1322 570 1322 579 1327 582 1330 583 1330 584 1330 585 1330 586 1330 600 1327 614 1324 631 1326 649 1328 650 1328 651 1328 652 1328 655 1325 661 1322 670 1325 678 1328 679 1328 680 1328 681 1328 692 1325 697 1323 707 1324 736 1328 737 1328 738 1328 747 1323 753 1320 763 1323 767 1324 768 1324 769 1324 770 1324 773 1323 780 1319 804 1322 829 1325 830 1325 831 1325 843 1321 850 1318 854 1321 862 1326 863 1326 864 1326 865 1327 890 1327 890 1326 891 1326 892 1326 899 1320 902 1317 924 1317 941 1319 998 1325 999 1325 1069 1315 1069 1304 1066 1274 1023 1274 1022 1274 1016 1269 1015 1269 1014 1269 1013 1269 967 1275 964 1275 963 1275 944 1267 943 1267 942 1267 941 1267 916 1276 915 1276 900 1266 899 1266 898 1266 865 1266 864 1266 768 1277 753 1268 752 1268 751 1268 750 1268 712 1274 698 1268 697 1268 696 1268 695 1268 671 1279 655 1269 654 1269 653 1269 652 1269 587 1274 553 1270 552 1270 496 1272 495 1272 474 1280 437 1272 436 1272 435 1272 394 1284 393 1285 380 1285 352 1285 340 1276 339 1276 338 1276 337 1276 336 1276 317 1285 317 1286 243 1286 244 1321"/></Shape>
	    <String CONTENT="que ad prædicandũ Chriſtũ, nihil ſane aliud fuerit, quam"
                    HPOS="243.0"
                    VPOS="1266.0"
                    WIDTH="826.0"
                    HEIGHT="70.0"></String>
          </TextLine>
          <TextLine ID="line_26"
                    TAGREFS="LT8"
                    BASELINE="242 1369 634 1359 1070 1354" 
                    HPOS="241.0"
                    VPOS="1319.0"
                    WIDTH="829.0"
                    HEIGHT="65.0">
            <Shape><Polygon POINTS="242 1369 242 1377 263 1384 264 1384 265 1384 323 1377 409 1381 410 1381 411 1381 425 1375 428 1374 438 1375 480 1380 481 1380 482 1380 483 1380 493 1374 495 1373 506 1374 544 1379 545 1379 590 1373 608 1371 624 1373 656 1377 657 1377 658 1377 677 1372 687 1370 722 1372 787 1375 788 1375 824 1370 851 1367 864 1370 875 1373 876 1373 877 1373 899 1370 922 1366 943 1369 959 1371 960 1371 961 1371 966 1369 971 1366 975 1369 978 1371 979 1371 981 1371 982 1371 1070 1367 1070 1354 1067 1325 998 1325 985 1320 984 1320 983 1320 982 1320 981 1320 971 1325 897 1322 896 1322 860 1327 788 1319 787 1319 739 1320 738 1320 719 1328 708 1321 707 1321 706 1321 668 1321 667 1321 666 1321 665 1321 654 1330 618 1333 600 1334 585 1334 584 1333 572 1323 571 1323 570 1323 569 1323 518 1328 447 1325 446 1325 445 1325 422 1336 421 1336 419 1336 390 1327 389 1327 388 1327 387 1327 359 1337 356 1337 352 1337 316 1331 315 1331 314 1331 306 1336 291 1328 290 1328 289 1328 288 1328 287 1328 275 1338 241 1338 242 1369"/></Shape>
	    <String CONTENT="uoluntas prædicandi, quam nobis ille ſalutem parauit, con"
                    HPOS="241.0"
                    VPOS="1319.0"
                    WIDTH="829.0"
                    HEIGHT="65.0"
                    WC="0.9958101448259855"></String>
          </TextLine>
          <TextLine ID="line_27"
                    TAGREFS="LT8"
                    BASELINE="253 1424 1069 1409" 
                    HPOS="251"
                    VPOS="1361"
                    WIDTH="817"
                    HEIGHT="78">
            <Shape><Polygon POINTS="1065 1372 990 1361 971 1374 813 1374 790 1366 774 1377 699 1377 682 1367 622 1367 614 1375 608 1369 524 1369 441 1380 362 1372 331 1383 320 1374 273 1383 251 1375 251 1422 255 1439 265 1432 314 1438 323 1430 409 1435 438 1427 510 1435 556 1425 580 1435 589 1435 624 1424 699 1433 708 1422 799 1432 827 1421 857 1430 887 1419 915 1428 1009 1427 1018 1417 1066 1427 1068 1408 1065 1372"/></Shape>
	    <String CONTENT="iunctam habens huius facultatem, quam utramque ſolus"
                    HPOS="251"
                    VPOS="1361"
                    WIDTH="817"
                    HEIGHT="78"></String>
          </TextLine>
          <TextLine ID="line_28"
                    TAGREFS="LT8"
                    BASELINE="241 1469 525 1460 963 1453" 
                    HPOS="240"
                    VPOS="1417"
                    WIDTH="723"
                    HEIGHT="69">
            <Shape><Polygon POINTS="241 1485 274 1486 275 1486 276 1486 281 1484 297 1477 309 1484 312 1485 313 1485 314 1485 390 1484 391 1484 393 1484 393 1483 396 1480 402 1475 425 1479 443 1483 444 1483 445 1483 455 1478 471 1473 484 1477 486 1478 487 1478 488 1478 489 1478 492 1477 505 1472 530 1476 555 1480 556 1480 585 1474 608 1470 624 1473 646 1478 647 1478 648 1478 661 1472 669 1469 714 1471 752 1472 753 1472 754 1472 764 1469 771 1467 776 1469 787 1473 788 1473 789 1473 818 1468 823 1467 827 1467 870 1474 871 1474 872 1474 892 1465 894 1465 896 1465 927 1472 928 1472 929 1472 963 1463 963 1453 960 1424 914 1424 912 1424 889 1417 888 1417 887 1417 852 1423 819 1418 818 1418 817 1418 816 1418 805 1425 803 1426 795 1425 770 1422 769 1422 768 1422 767 1422 767 1423 764 1425 762 1427 751 1426 714 1420 713 1420 712 1420 694 1426 692 1427 690 1426 683 1422 682 1422 681 1422 608 1422 607 1422 606 1422 595 1427 587 1430 573 1427 560 1425 559 1425 558 1425 551 1427 542 1432 528 1428 512 1424 511 1424 510 1424 509 1424 508 1424 508 1425 504 1428 500 1434 461 1434 456 1428 453 1426 452 1426 451 1426 427 1426 426 1426 425 1426 424 1426 420 1429 412 1434 373 1429 347 1427 346 1427 329 1430 291 1437 240 1432 241 1469"/></Shape>
	    <String CONTENT="Deus ſuppeditat, de qua in Matthæum dixi plura·"
                    HPOS="240"
                    VPOS="1417"
                    WIDTH="723"
                    HEIGHT="69"></String>
          </TextLine>
          <TextLine ID="line_29"
                    TAGREFS="LT8"
                    BASELINE="380 1526 929 1520" 
                    HPOS="379"
                    VPOS="1466"
                    WIDTH="550"
                    HEIGHT="85">
            <Shape><Polygon POINTS="380 1540 405 1549 406 1549 407 1550 450 1550 450 1549 451 1549 476 1540 501 1551 502 1551 503 1551 504 1551 505 1551 519 1541 530 1549 531 1549 532 1549 533 1549 534 1549 554 1542 580 1550 581 1550 582 1551 633 1551 633 1550 634 1550 675 1539 676 1539 677 1539 695 1546 696 1546 697 1546 698 1546 699 1546 699 1545 706 1539 708 1538 715 1539 748 1545 749 1545 750 1545 774 1539 786 1548 787 1548 788 1548 789 1549 828 1549 828 1548 829 1548 830 1548 846 1539 850 1536 859 1539 871 1542 872 1542 873 1542 874 1542 885 1538 892 1536 898 1538 912 1543 913 1543 914 1543 915 1543 929 1538 929 1520 927 1480 916 1480 902 1467 902 1466 901 1466 900 1466 883 1466 881 1466 880 1466 848 1477 835 1467 834 1467 832 1467 831 1467 830 1467 806 1475 788 1467 787 1467 749 1467 748 1467 747 1467 746 1467 746 1468 732 1480 730 1483 693 1483 691 1480 679 1469 679 1468 678 1468 677 1468 663 1468 661 1468 660 1468 659 1468 646 1479 639 1474 639 1473 638 1473 636 1473 635 1473 634 1473 633 1473 625 1480 621 1484 561 1484 550 1480 508 1470 507 1470 506 1470 481 1480 469 1486 430 1486 424 1480 412 1471 411 1471 410 1471 409 1471 408 1471 379 1479 380 1526"/></Shape>
	    <String CONTENT="Sanctis qui ſunt Epheſi."
                    HPOS="379"
                    VPOS="1466"
                    WIDTH="550"
                    HEIGHT="85"
                    WC="0.9964761957526207"></String>
          </TextLine>
        </TextBlock>
        <TextBlock HPOS="76"
                   VPOS="1293"
                   WIDTH="158"
                   HEIGHT="106"
                   ID="block_4"
                   TAGREFS="BT990">
          <Shape><Polygon POINTS="234 1293 234 1399 76 1399 76 1293"/></Shape>
          <TextLine ID="line_0"
                    TAGREFS="LT8"
                    BASELINE="81 1335 227 1330" 
                    HPOS="78"
                    VPOS="1294"
                    WIDTH="148"
                    HEIGHT="75">
            <Shape><Polygon POINTS="203 1294 187 1294 172 1294 156 1294 148 1294 78 1299 79 1333 79 1352 136 1355 162 1369 164 1369 165 1369 226 1358 226 1328 222 1294 219 1294"/></Shape>
	    <String CONTENT="Quid miſ"
                    HPOS="78"
                    VPOS="1294"
                    WIDTH="148"
                    HEIGHT="75"></String>
          </TextLine>
          <TextLine ID="line_1"
                    TAGREFS="LT8"
                    BASELINE="80 1386 146 1381" 
                    HPOS="79.0"
                    VPOS="1355.0"
                    WIDTH="69.0"
                    HEIGHT="56.0">
            <Shape><Polygon POINTS="79 1377 80 1386 81 1405 112 1411 113 1411 114 1411 148 1399 146 1381 144 1362 113 1355 112 1355 111 1355 82 1364 79 1377"/></Shape>
	    <String CONTENT="ſio·"
                    HPOS="79.0"
                    VPOS="1355.0"
                    WIDTH="69.0"
                    HEIGHT="56.0"></String>
          </TextLine>
        </TextBlock>
        <TextBlock HPOS="928"
                   VPOS="1532"
                   WIDTH="138"
                   HEIGHT="56"
                   ID="block_3"
                   TAGREFS="BT17">
          <Shape><Polygon POINTS="1066 1532 1066 1588 928 1588 928 1532"/></Shape>
          <TextLine ID="line_30"
                    TAGREFS="LT8"
                    BASELINE="924 1570 1064 1568" 
                    HPOS="923"
                    VPOS="1524"
                    WIDTH="141"
                    HEIGHT="83">
            <Shape><Polygon POINTS="924 1594 941 1607 942 1607 943 1607 944 1607 945 1607 978 1597 1007 1590 1025 1590 1039 1603 1041 1605 1041 1606 1042 1606 1043 1606 1044 1607 1064 1607 1064 1568 1062 1535 1017 1534 1006 1524 1004 1524 1003 1524 1002 1524 923 1531 924 1570"/></Shape>
	    <String CONTENT="Sanctum"
                    HPOS="923"
                    VPOS="1524"
                    WIDTH="141"
                    HEIGHT="83"
                    WC="0.9999657528741019"></String>
          </TextLine>
        </TextBlock>
      </PrintSpace>
    </Page>
  </Layout>
</alto>
