<?xml version="1.0" encoding="UTF-8"?>
<alto xmlns:xsi="http://www.w3.org/2001/XMLSchema-instance"
      xmlns="http://www.loc.gov/standards/alto/ns-v4#"
      xsi:schemaLocation="http://www.loc.gov/standards/alto/ns-v4# http://www.loc.gov/standards/alto/v4/alto-4-2.xsd">
  <Description>
    <MeasurementUnit>pixel</MeasurementUnit>
    <sourceImageInformation>
      <fileName>bsb11059254_00222.jpg</fileName>
    </sourceImageInformation>
  </Description>
  <Tags>
    <OtherTag ID="BT7" LABEL="CustomZone" DESCRIPTION="block type CustomZone"/><OtherTag ID="BT8" LABEL="DamageZone" DESCRIPTION="block type DamageZone"/><OtherTag ID="BT9" LABEL="DigitizationArtefactZone" DESCRIPTION="block type DigitizationArtefactZone"/><OtherTag ID="BT10" LABEL="DropCapitalZone" DESCRIPTION="block type DropCapitalZone"/><OtherTag ID="BT11" LABEL="GraphicZone" DESCRIPTION="block type GraphicZone"/><OtherTag ID="BT12" LABEL="MainZone" DESCRIPTION="block type MainZone"/><OtherTag ID="BT13" LABEL="MarginTextZone" DESCRIPTION="block type MarginTextZone"/><OtherTag ID="BT14" LABEL="MusicZone" DESCRIPTION="block type MusicZone"/><OtherTag ID="BT15" LABEL="NumberingZone" DESCRIPTION="block type NumberingZone"/><OtherTag ID="BT17" LABEL="QuireMarksZone" DESCRIPTION="block type QuireMarksZone"/><OtherTag ID="BT18" LABEL="RunningTitleZone" DESCRIPTION="block type RunningTitleZone"/><OtherTag ID="BT19" LABEL="SealZone" DESCRIPTION="block type SealZone"/><OtherTag ID="BT20" LABEL="StampZone" DESCRIPTION="block type StampZone"/><OtherTag ID="BT21" LABEL="TableZone" DESCRIPTION="block type TableZone"/><OtherTag ID="BT22" LABEL="TitlePageZone" DESCRIPTION="block type TitlePageZone"/><OtherTag ID="BT992" LABEL="MainZone-Head" DESCRIPTION="block type MainZone-Head"/><OtherTag ID="BT993" LABEL="MainZone-P" DESCRIPTION="block type MainZone-P"/><OtherTag ID="BT994" LABEL="MainZone-P-Continued" DESCRIPTION="block type MainZone-P-Continued"/><OtherTag ID="BT995" LABEL="MarginTextZone-ManuscriptAddendum" DESCRIPTION="block type MarginTextZone-ManuscriptAddendum"/>
    <OtherTag ID="LT7" LABEL="CustomLine" DESCRIPTION="line type CustomLine"/><OtherTag ID="LT8" LABEL="DefaultLine" DESCRIPTION="line type DefaultLine"/><OtherTag ID="LT9" LABEL="DropCapitalLine" DESCRIPTION="line type DropCapitalLine"/><OtherTag ID="LT10" LABEL="HeadingLine" DESCRIPTION="line type HeadingLine"/><OtherTag ID="LT11" LABEL="InterlinearLine" DESCRIPTION="line type InterlinearLine"/><OtherTag ID="LT12" LABEL="MusicLine" DESCRIPTION="line type MusicLine"/>
  </Tags>
  <Layout>
    <Page WIDTH="2127"
          HEIGHT="3612"
          PHYSICAL_IMG_NR="19"
          ID="eSc_dummypage_">
      <PrintSpace HPOS="0"
                  VPOS="0"
                  WIDTH="2127"
                  HEIGHT="3612">
        <TextBlock HPOS="363"
                   VPOS="110"
                   WIDTH="69"
                   HEIGHT="80"
                   ID="block_2"
                   TAGREFS="BT15">
          <Shape><Polygon POINTS="432 110 432 190 363 190 363 110"/></Shape>
          <TextLine ID="line_0"
                    TAGREFS="LT8"
                    BASELINE="377 154 421 154" 
                    HPOS="377.0"
                    VPOS="116.0"
                    WIDTH="44.0"
                    HEIGHT="88.0">
            <Shape><Polygon POINTS="377 154 377 204 421 200 421 154 419 116 377 116 377 154"/></Shape>
	    <String CONTENT="4"
                    HPOS="377.0"
                    VPOS="116.0"
                    WIDTH="44.0"
                    HEIGHT="88.0"
                    WC="0.9999901056289673"></String>
          </TextLine>
        </TextBlock>
        <TextBlock HPOS="1250"
                   VPOS="168"
                   WIDTH="194"
                   HEIGHT="71"
                   ID="block_0"
                   TAGREFS="BT18">
          <Shape><Polygon POINTS="1444 168 1444 239 1250 239 1250 168"/></Shape>
          <TextLine ID="line_1"
                    TAGREFS="LT10"
                    BASELINE="1245 214 1446 220" 
                    HPOS="1243"
                    VPOS="134"
                    WIDTH="203"
                    HEIGHT="102">
            <Shape><Polygon POINTS="1442 236 1446 220 1446 156 1363 154 1345 144 1331 138 1329 138 1327 138 1325 138 1315 140 1291 148 1247 134 1245 214 1243 230"/></Shape>
	    <String CONTENT="COM."
                    HPOS="1243"
                    VPOS="134"
                    WIDTH="203"
                    HEIGHT="102"
                    WC="0.9999836385250092"></String>
          </TextLine>
        </TextBlock>
        <TextBlock HPOS="505"
                   VPOS="257"
                   WIDTH="1593"
                   HEIGHT="2688"
                   ID="block_1"
                   TAGREFS="BT994">
          <Shape><Polygon POINTS="2098 257 2098 2945 505 2939 541 257"/></Shape>
          <TextLine ID="line_2"
                    TAGREFS="LT8"
                    BASELINE="546 264 2096 296" 
                    HPOS="544.0"
                    VPOS="202.0"
                    WIDTH="1552.0"
                    HEIGHT="117.0">
            <Shape><Polygon POINTS="546 264 544 280 2092 319 2096 296 2092 228 2020 248 1958 230 1956 230 1954 230 1952 230 1914 244 1885 226 1883 224 1881 224 1879 224 1877 224 1875 224 1869 226 1831 244 1713 244 1580 224 1518 216 1476 216 1474 216 1472 216 1458 224 1434 236 1309 222 1299 222 1297 222 1291 222 1255 230 1237 222 1213 210 1211 210 1209 210 1207 210 1164 222 1130 230 1096 220 1070 214 1068 214 1066 214 1064 214 1048 220 1032 228 962 228 952 220 931 204 929 204 927 204 785 202 783 202 781 202 749 218 741 222 648 222 638 218 590 204 588 204 586 204 584 204 546 216 546 264"/></Shape>
	    <String CONTENT=".¶Quid enim dicit ſcriptura ? Credidit Abraham deo: &amp; reputatum eſt illi ad iuſliz,"
                    HPOS="544.0"
                    VPOS="202.0"
                    WIDTH="1552.0"
                    HEIGHT="117.0"
                    WC="0.9657287012381726"></String>
          </TextLine>
          <TextLine ID="line_3"
                    TAGREFS="LT8"
                    BASELINE="552 311 2098 343" 
                    HPOS="550.0"
                    VPOS="276.0"
                    WIDTH="1548.0"
                    HEIGHT="89.0">
            <Shape><Polygon POINTS="552 311 550 325 2094 365 2098 343 2098 309 552 276 552 311"/></Shape>
	    <String CONTENT="» ¶ Fidem igitur &amp; credulitatem Abrahæ: ſubſecuta eſt dei iuſtificatio. Sed ꝙ ne ope¬"
                    HPOS="550.0"
                    VPOS="276.0"
                    WIDTH="1548.0"
                    HEIGHT="89.0"
                    WC="0.9784362427023954"></String>
          </TextLine>
          <TextLine ID="line_4"
                    TAGREFS="LT8"
                    BASELINE="550 351 2096 385" 
                    HPOS="548.0"
                    VPOS="321.0"
                    WIDTH="1548.0"
                    HEIGHT="82.0">
            <Shape><Polygon POINTS="550 351 548 369 2092 403 2096 385 2094 355 550 321 550 351"/></Shape>
	    <String CONTENT="* ribus debeatur iuſtificatio: ſequentibus declarat dicens. ¶ Ei autem qui operatur:mer¬"
                    HPOS="548.0"
                    VPOS="321.0"
                    WIDTH="1548.0"
                    HEIGHT="82.0"
                    WC="0.9971740990877151"></String>
          </TextLine>
          <TextLine ID="line_5"
                    TAGREFS="LT8"
                    BASELINE="550 397 2096 431" 
                    HPOS="548.0"
                    VPOS="365.0"
                    WIDTH="1548.0"
                    HEIGHT="82.0">
            <Shape><Polygon POINTS="550 397 548 415 2092 447 2096 431 2094 393 550 365 550 397"/></Shape>
	    <String CONTENT=" ces non imputatur ſecundũ gratiam! ſed ſecundũ debitũ. ei vero qui nõ operaturi cre¬"
                    HPOS="548.0"
                    VPOS="365.0"
                    WIDTH="1548.0"
                    HEIGHT="82.0"
                    WC="0.9906378729959552"></String>
          </TextLine>
          <TextLine ID="line_6"
                    TAGREFS="LT8"
                    BASELINE="548 441 2094 475" 
                    HPOS="546.0"
                    VPOS="409.0"
                    WIDTH="1548.0"
                    HEIGHT="86.0">
            <Shape><Polygon POINTS="548 441 546 457 2090 495 2094 475 2092 435 548 409 548 441"/></Shape>
	    <String CONTENT=" denti autẽ in eũ qui iuſtificat impiũ: reputatur fides eius ad iuſtitiam. quẽadmodum &amp;"
                    HPOS="546.0"
                    VPOS="409.0"
                    WIDTH="1548.0"
                    HEIGHT="86.0"
                    WC="0.9884802581189753"></String>
          </TextLine>
          <TextLine ID="line_7"
                    TAGREFS="LT8"
                    BASELINE="546 485 2094 519" 
                    HPOS="544.0"
                    VPOS="453.0"
                    WIDTH="1550.0"
                    HEIGHT="84.0">
            <Shape><Polygon POINTS="546 485 544 501 2090 537 2094 519 2092 487 546 453 546 485"/></Shape>
	    <String CONTENT="» Dauid dicit! Beatitudinẽ hominis cui deus reputat iuſtitiam ſine operibus. Beati quo¬"
                    HPOS="544.0"
                    VPOS="453.0"
                    WIDTH="1550.0"
                    HEIGHT="84.0"
                    WC="0.9939546564763243"></String>
          </TextLine>
          <TextLine ID="line_8"
                    TAGREFS="LT8"
                    BASELINE="544 531 2094 563" 
                    HPOS="542.0"
                    VPOS="493.0"
                    WIDTH="1552.0"
                    HEIGHT="86.0">
            <Shape><Polygon POINTS="1428 515 1407 515 1387 515 1367 515 1347 515 1327 515 1307 515 1287 515 1267 515 1247 515 1227 515 1207 515 1187 515 1166 515 1146 515 1126 515 1106 515 1086 511 1078 505 544 493 544 531 542 547 2090 579 2094 563 2092 531 1440 515 1428 515"/></Shape>
	    <String CONTENT="„ rum remiſſæ ſunt iniquitates: &amp; quorũ tecta ſunt peccata. Beatus vir cut non imputa¬"
                    HPOS="542.0"
                    VPOS="493.0"
                    WIDTH="1552.0"
                    HEIGHT="86.0"
                    WC="0.992786003255296"></String>
          </TextLine>
          <TextLine ID="line_9"
                    TAGREFS="LT8"
                    BASELINE="546 575 2092 608" 
                    HPOS="544.0"
                    VPOS="543.0"
                    WIDTH="1548.0"
                    HEIGHT="89.0">
            <Shape><Polygon POINTS="546 575 544 591 2088 632 2092 608 2090 575 546 543 546 575"/></Shape>
	    <String CONTENT="„ uit dominus peccatum. ¶ Si hoc modo quis ex operibus iuſtificaretur: iuſtificatio de¬"
                    HPOS="544.0"
                    VPOS="543.0"
                    WIDTH="1548.0"
                    HEIGHT="89.0"
                    WC="0.9818326714395107"></String>
          </TextLine>
          <TextLine ID="line_10"
                    TAGREFS="LT8"
                    BASELINE="568 624 2094 652" 
                    HPOS="566"
                    VPOS="581"
                    WIDTH="1528"
                    HEIGHT="91">
            <Shape><Polygon POINTS="566 638 2090 672 2094 652 2092 618 568 581 568 624"/></Shape>
	    <String CONTENT="bitum eſſet &amp; non eſſet dei donũ &amp; gratia. Nam aliud eſt debitũ: aliud eſt gratia. Nam"
                    HPOS="566"
                    VPOS="581"
                    WIDTH="1528"
                    HEIGHT="91"
                    WC="0.9963314418088306"></String>
          </TextLine>
          <TextLine ID="line_11"
                    TAGREFS="LT8"
                    BASELINE="568 668 2094 696" 
                    HPOS="566.0"
                    VPOS="632.0"
                    WIDTH="1528.0"
                    HEIGHT="80.0">
            <Shape><Polygon POINTS="568 668 566 686 2090 712 2094 696 2092 662 568 632 568 668"/></Shape>
	    <String CONTENT="gratia: ſine quocun debitoſ elargitum donũ eſt. At qui dicit iuſtificationẽ debitũ eſſe:"
                    HPOS="566.0"
                    VPOS="632.0"
                    WIDTH="1528.0"
                    HEIGHT="80.0"
                    WC="0.9842437855575396"></String>
          </TextLine>
          <TextLine ID="line_12"
                    TAGREFS="LT8"
                    BASELINE="568 710 2094 740" 
                    HPOS="566.0"
                    VPOS="674.0"
                    WIDTH="1528.0"
                    HEIGHT="82.0">
            <Shape><Polygon POINTS="568 710 566 726 2090 756 2094 740 2092 708 568 674 568 710"/></Shape>
	    <String CONTENT="omnem a deo aufert gratiamlfacit homines erga deum ingratos! &amp; iccirco ĩdignos"
                    HPOS="566.0"
                    VPOS="674.0"
                    WIDTH="1528.0"
                    HEIGHT="82.0"
                    WC="0.9928195543587208"></String>
          </TextLine>
          <TextLine ID="line_13"
                    TAGREFS="LT8"
                    BASELINE="568 754 2092 784" 
                    HPOS="566.0"
                    VPOS="722.0"
                    WIDTH="1526.0"
                    HEIGHT="80.0">
            <Shape><Polygon POINTS="568 754 566 770 2088 802 2092 784 2090 744 568 722 568 754"/></Shape>
	    <String CONTENT="iuſtificatione. Si enim fodis in ortol &amp; operis diurni mercedem nũmum recipis: quam"
                    HPOS="566.0"
                    VPOS="722.0"
                    WIDTH="1526.0"
                    HEIGHT="80.0"
                    WC="0.994675759048689"></String>
          </TextLine>
          <TextLine ID="line_14"
                    TAGREFS="LT8"
                    BASELINE="568 800 2090 828" 
                    HPOS="566.0"
                    VPOS="768.0"
                    WIDTH="1524.0"
                    HEIGHT="84.0">
            <Shape><Polygon POINTS="568 800 566 824 2086 852 2090 828 2088 796 568 768 568 800"/></Shape>
	    <String CONTENT="gratiam debes ſoluenti? ſoluit eni quod debuit. nullam gratiã tibi fecit, meritus eras,"
                    HPOS="566.0"
                    VPOS="768.0"
                    WIDTH="1524.0"
                    HEIGHT="84.0"
                    WC="0.989325456998565"></String>
          </TextLine>
          <TextLine ID="line_15"
                    TAGREFS="LT8"
                    BASELINE="568 842 2086 870" 
                    HPOS="566.0"
                    VPOS="812.0"
                    WIDTH="1520.0"
                    HEIGHT="82.0">
            <Shape><Polygon POINTS="568 842 566 866 2082 894 2086 870 2084 840 568 812 568 842"/></Shape>
	    <String CONTENT="qd meritus eras: tibi tribuit. Nõ igitur dicamus nos hoc modo ex operibus iuſtificati."
                    HPOS="566.0"
                    VPOS="812.0"
                    WIDTH="1520.0"
                    HEIGHT="82.0"
                    WC="0.9898033238005364"></String>
          </TextLine>
          <TextLine ID="line_16"
                    TAGREFS="LT8"
                    BASELINE="564 888 2090 919" 
                    HPOS="562.0"
                    VPOS="856.0"
                    WIDTH="1528.0"
                    HEIGHT="81.0">
            <Shape><Polygon POINTS="564 888 562 909 2086 937 2090 919 2090 886 564 856 564 888"/></Shape>
	    <String CONTENT="qui hoc dicunt: ſeipſos reſpiciunti ſibi meritũ tribuũt. debitum putãt: quod gratia eſt¬"
                    HPOS="562.0"
                    VPOS="856.0"
                    WIDTH="1528.0"
                    HEIGHT="81.0"
                    WC="0.9927204631187103"></String>
          </TextLine>
          <TextLine ID="line_17"
                    TAGREFS="LT8"
                    BASELINE="564 931 2092 961" 
                    HPOS="562.0"
                    VPOS="900.0"
                    WIDTH="1530.0"
                    HEIGHT="79.0">
            <Shape><Polygon POINTS="564 931 562 953 2088 979 2092 961 2092 923 564 900 564 931"/></Shape>
	    <String CONTENT="ingrati ſunt inflati: &amp; ex operibus gloriãtes. Sed dicamus! ex fide quẽcũ iuſtificari:"
                    HPOS="562.0"
                    VPOS="900.0"
                    WIDTH="1530.0"
                    HEIGHT="79.0"
                    WC="0.9955900602870518"></String>
          </TextLine>
          <TextLine ID="line_18"
                    TAGREFS="LT8"
                    BASELINE="564 977 2092 1005" 
                    HPOS="562.0"
                    VPOS="947.0"
                    WIDTH="1530.0"
                    HEIGHT="74.0">
            <Shape><Polygon POINTS="564 977 562 997 2088 1021 2092 1005 2092 973 564 947 564 977"/></Shape>
	    <String CONTENT="vt iuſtificationem videamus dei donũ &amp; gratiami non debitũ. Cum eni impius a deo"
                    HPOS="562.0"
                    VPOS="947.0"
                    WIDTH="1530.0"
                    HEIGHT="74.0"
                    WC="0.9934677103670632"></String>
          </TextLine>
          <TextLine ID="line_19"
                    TAGREFS="LT8"
                    BASELINE="564 1021 2092 1049" 
                    HPOS="562.0"
                    VPOS="989.0"
                    WIDTH="1530.0"
                    HEIGHT="84.0">
            <Shape><Polygon POINTS="564 1021 562 1037 2088 1073 2092 1049 2092 1015 564 989 564 1021"/></Shape>
	    <String CONTENT="iuſtificatur: quis non videt iuſtificationẽ dei donũ eſſe &amp; gratiam? quæ nam opera fa¬"
                    HPOS="562.0"
                    VPOS="989.0"
                    WIDTH="1530.0"
                    HEIGHT="84.0"
                    WC="0.9969408471475948"></String>
          </TextLine>
          <TextLine ID="line_20"
                    TAGREFS="LT8"
                    BASELINE="564 1065 2088 1093" 
                    HPOS="562.0"
                    VPOS="1033.0"
                    WIDTH="1526.0"
                    HEIGHT="78.0">
            <Shape><Polygon POINTS="564 1065 562 1085 2084 1111 2088 1093 2088 1061 564 1033 564 1065"/></Shape>
	    <String CONTENT="cit impius: quibus iuſtificatio debeatur? Sed nõne qui dicebat! dixi confitebor aduer¬"
                    HPOS="562.0"
                    VPOS="1033.0"
                    WIDTH="1526.0"
                    HEIGHT="78.0"
                    WC="0.9979106187820435"></String>
          </TextLine>
          <TextLine ID="line_21"
                    TAGREFS="LT8"
                    BASELINE="562 1109 2090 1137" 
                    HPOS="560.0"
                    VPOS="1075.0"
                    WIDTH="1530.0"
                    HEIGHT="86.0">
            <Shape><Polygon POINTS="562 1109 560 1127 2086 1161 2090 1137 2088 1099 562 1075 562 1109"/></Shape>
	    <String CONTENT="ſum me iniuſtitiã meam! &amp; tu remiſiſti impietatem peccati mei: credebat deum eſſe qui"
                    HPOS="560.0"
                    VPOS="1075.0"
                    WIDTH="1530.0"
                    HEIGHT="86.0"
                    WC="0.9850028281988099"></String>
          </TextLine>
          <TextLine ID="line_22"
                    TAGREFS="LT8"
                    BASELINE="560 1153 2086 1183" 
                    HPOS="558.0"
                    VPOS="1113.0"
                    WIDTH="1528.0"
                    HEIGHT="91.0">
            <Shape><Polygon POINTS="560 1153 558 1169 2082 1204 2086 1183 2084 1151 560 1113 560 1153"/></Shape>
	    <String CONTENT="iuſtificare poterat impiũ! &amp; iuſtificationem gratiã eſſe non operibus mercedem! Sane,"
                    HPOS="558.0"
                    VPOS="1113.0"
                    WIDTH="1528.0"
                    HEIGHT="91.0"
                    WC="0.9974906670636144"></String>
          </TextLine>
          <TextLine ID="line_23"
                    TAGREFS="LT8"
                    BASELINE="560 1197 2088 1228" 
                    HPOS="558.0"
                    VPOS="1165.0"
                    WIDTH="1530.0"
                    HEIGHT="81.0">
            <Shape><Polygon POINTS="560 1197 558 1216 2084 1246 2088 1228 2084 1187 2002 1195 1887 1183 1877 1183 1875 1183 1859 1183 1719 1189 1648 1179 1636 1179 1634 1179 1632 1179 1628 1179 1600 1187 1367 1175 1259 1171 1257 1171 1233 1173 1189 1179 1120 1173 1066 1167 560 1165 560 1197"/></Shape>
	    <String CONTENT="Ex eodem 31 pſalmo ad idem propoſitũ citat Paulus aliud teſtimoniũ. Et re vera ſiue"
                    HPOS="558.0"
                    VPOS="1165.0"
                    WIDTH="1530.0"
                    HEIGHT="81.0"
                    WC="0.9921991257106557"></String>
          </TextLine>
          <TextLine ID="line_24"
                    TAGREFS="LT8"
                    BASELINE="558 1242 2086 1272" 
                    HPOS="556.0"
                    VPOS="1208.0"
                    WIDTH="1530.0"
                    HEIGHT="82.0">
            <Shape><Polygon POINTS="558 1242 556 1260 2082 1290 2086 1272 2084 1242 558 1208 558 1242"/></Shape>
	    <String CONTENT="quis opereturi iiue non operetur! propter offenſam in deum admiſſam ſuſpirans: ex cõ¬"
                    HPOS="556.0"
                    VPOS="1208.0"
                    WIDTH="1530.0"
                    HEIGHT="82.0"
                    WC="0.9943009614944458"></String>
          </TextLine>
          <TextLine ID="line_25"
                    TAGREFS="LT8"
                    BASELINE="556 1288 2088 1316" 
                    HPOS="554.0"
                    VPOS="1248.0"
                    WIDTH="1534.0"
                    HEIGHT="84.0">
            <Shape><Polygon POINTS="556 1288 554 1304 2084 1332 2088 1316 2086 1282 556 1248 556 1288"/></Shape>
	    <String CONTENT="uerſione ad deũ per fidem dei ſola gratia eſt iuſtificatio. Qui hæc dicũt: non ſeiſed deũ"
                    HPOS="554.0"
                    VPOS="1248.0"
                    WIDTH="1534.0"
                    HEIGHT="84.0"
                    WC="0.974582674710647"></String>
          </TextLine>
          <TextLine ID="line_26"
                    TAGREFS="LT8"
                    BASELINE="552 1330 2088 1358" 
                    HPOS="550.0"
                    VPOS="1294.0"
                    WIDTH="1538.0"
                    HEIGHT="82.0">
            <Shape><Polygon POINTS="552 1330 550 1348 2084 1376 2088 1358 2086 1330 552 1294 552 1330"/></Shape>
	    <String CONTENT="reſpiciunt. non ſibi meritum tribuũt! non iuſtificationem debitam mercedẽ: ſed vt ve¬"
                    HPOS="550.0"
                    VPOS="1294.0"
                    WIDTH="1538.0"
                    HEIGHT="82.0"
                    WC="0.9908355563536457"></String>
          </TextLine>
          <TextLine ID="line_27"
                    TAGREFS="LT8"
                    BASELINE="552 1374 2086 1406" 
                    HPOS="550.0"
                    VPOS="1342.0"
                    WIDTH="1536.0"
                    HEIGHT="80.0">
            <Shape><Polygon POINTS="552 1374 550 1390 2082 1422 2086 1406 2084 1372 552 1342 552 1374"/></Shape>
	    <String CONTENT="re gratia eſtidicunt. non ſunt ingrati: ſed perpetuo flãmante affectu iuſtificanti deo gra"
                    HPOS="550.0"
                    VPOS="1342.0"
                    WIDTH="1536.0"
                    HEIGHT="80.0"
                    WC="0.9971537380428105"></String>
          </TextLine>
          <TextLine ID="line_28"
                    TAGREFS="LT8"
                    BASELINE="552 1416 2086 1448" 
                    HPOS="550.0"
                    VPOS="1388.0"
                    WIDTH="1536.0"
                    HEIGHT="86.0">
            <Shape><Polygon POINTS="552 1416 550 1438 2082 1474 2086 1448 2084 1412 552 1388 552 1416"/></Shape>
	    <String CONTENT="tias agentes pro tam ineffabili &amp; quod a nullo mereri poteſt dono. non gloriantur nõ"
                    HPOS="550.0"
                    VPOS="1388.0"
                    WIDTH="1536.0"
                    HEIGHT="86.0"
                    WC="0.9784818736945882"></String>
          </TextLine>
          <TextLine ID="line_29"
                    TAGREFS="LT8"
                    BASELINE="550 1464 2084 1494" 
                    HPOS="548.0"
                    VPOS="1432.0"
                    WIDTH="1536.0"
                    HEIGHT="77.0">
            <Shape><Polygon POINTS="550 1464 548 1480 2080 1509 2084 1494 2082 1462 550 1432 550 1464"/></Shape>
	    <String CONTENT="tument: ſed ſe ante deũ tota mẽtis &amp; deuotionis proſtratione humiliãt|cui ſe in infini"
                    HPOS="548.0"
                    VPOS="1432.0"
                    WIDTH="1536.0"
                    HEIGHT="77.0"
                    WC="0.9853485055853811"></String>
          </TextLine>
          <TextLine ID="line_30"
                    TAGREFS="LT8"
                    BASELINE="550 1507 2086 1539" 
                    HPOS="548.0"
                    VPOS="1474.0"
                    WIDTH="1538.0"
                    HEIGHT="81.0">
            <Shape><Polygon POINTS="550 1507 548 1527 2082 1555 2086 1539 2084 1507 550 1474 550 1507"/></Shape>
	    <String CONTENT="tum gratiarũ actionũ debitores ſciũt. Ad hãc pietatẽ agnoſcẽdãjad hãc humilitatẽ ha"
                    HPOS="548.0"
                    VPOS="1474.0"
                    WIDTH="1538.0"
                    HEIGHT="81.0"
                    WC="0.9954593265834062"></String>
          </TextLine>
          <TextLine ID="line_31"
                    TAGREFS="LT8"
                    BASELINE="546 1551 2086 1583" 
                    HPOS="544.0"
                    VPOS="1517.0"
                    WIDTH="1542.0"
                    HEIGHT="86.0">
            <Shape><Polygon POINTS="546 1551 544 1575 2082 1603 2086 1583 2086 1551 546 1517 546 1551"/></Shape>
	    <String CONTENT="bendã ad nos non reſpiciendos ſed dei beneficentiã: diuinus eleuat apoſtolus cũ dicit"
                    HPOS="544.0"
                    VPOS="1517.0"
                    WIDTH="1542.0"
                    HEIGHT="86.0"
                    WC="0.9877134182236411"></String>
          </TextLine>
          <TextLine ID="line_32"
                    TAGREFS="LT8"
                    BASELINE="546 1595 2086 1627" 
                    HPOS="544.0"
                    VPOS="1563.0"
                    WIDTH="1542.0"
                    HEIGHT="90.0">
            <Shape><Polygon POINTS="546 1595 544 1617 2082 1653 2086 1627 2084 1595 546 1563 546 1595"/></Shape>
	    <String CONTENT="nos nõ ex operibns iuſtificari ſed ſecũdũ propoſitũ gratiæ dei. vult eni nobis iuſtifica¬"
                    HPOS="544.0"
                    VPOS="1563.0"
                    WIDTH="1542.0"
                    HEIGHT="90.0"
                    WC="0.9960124787463936"></String>
          </TextLine>
          <TextLine ID="line_33"
                    TAGREFS="LT8"
                    BASELINE="548 1641 2084 1671" 
                    HPOS="546.0"
                    VPOS="1611.0"
                    WIDTH="1538.0"
                    HEIGHT="78.0">
            <Shape><Polygon POINTS="548 1641 546 1657 652 1671 654 1671 751 1663 755 1663 883 1675 885 1675 943 1667 946 1667 950 1667 1193 1681 2080 1689 2084 1671 2082 1641 548 1611 548 1641"/></Shape>
	    <String CONTENT="tiõis gram a deo ĩpartiri: modo ad ipſum nos cõuertamus in nobiſipſis nõ cõfidamus!"
                    HPOS="546.0"
                    VPOS="1611.0"
                    WIDTH="1538.0"
                    HEIGHT="78.0"
                    WC="0.9990828308192167"></String>
          </TextLine>
          <TextLine ID="line_34"
                    TAGREFS="LT8"
                    BASELINE="546 1683 2086 1717" 
                    HPOS="544.0"
                    VPOS="1653.0"
                    WIDTH="1542.0"
                    HEIGHT="82.0">
            <Shape><Polygon POINTS="546 1683 544 1701 2082 1735 2086 1717 2084 1679 546 1653 546 1683"/></Shape>
	    <String CONTENT="ſed in ſola eius bonitate! &amp; in dono gratiæ propoſiti &amp; bonæ voluntatis eius. Dicit eni"
                    HPOS="544.0"
                    VPOS="1653.0"
                    WIDTH="1542.0"
                    HEIGHT="82.0"
                    WC="0.9870571713337953"></String>
          </TextLine>
          <TextLine ID="line_35"
                    TAGREFS="LT8"
                    BASELINE="550 1729 1530 1755 2084 1759" 
                    HPOS="548.0"
                    VPOS="1693.0"
                    WIDTH="1536.0"
                    HEIGHT="86.0">
            <Shape><Polygon POINTS="550 1729 548 1755 2080 1779 2084 1759 2082 1733 550 1693 550 1729"/></Shape>
	    <String CONTENT="per Eſaiani. Quærite dominũ dum inueniri poteſt. Inuocate eum: dum prope eſt. De¬"
                    HPOS="548.0"
                    VPOS="1693.0"
                    WIDTH="1536.0"
                    HEIGHT="86.0"
                    WC="0.9950896581498588"></String>
          </TextLine>
          <TextLine ID="line_36"
                    TAGREFS="LT8"
                    BASELINE="550 1771 2084 1806" 
                    HPOS="548.0"
                    VPOS="1741.0"
                    WIDTH="1536.0"
                    HEIGHT="87.0">
            <Shape><Polygon POINTS="550 1771 548 1793 2080 1828 2084 1806 2082 1767 550 1741 550 1771"/></Shape>
	    <String CONTENT="relinquat impius viam fuã: &amp; vir iniquus cogitationes ſuas! &amp; reuertatur ad dominũ:"
                    HPOS="548.0"
                    VPOS="1741.0"
                    WIDTH="1536.0"
                    HEIGHT="87.0"
                    WC="0.9884476886076086"></String>
          </TextLine>
          <TextLine ID="line_37"
                    TAGREFS="LT8"
                    BASELINE="550 1818 2082 1850" 
                    HPOS="548.0"
                    VPOS="1779.0"
                    WIDTH="1534.0"
                    HEIGHT="89.0">
            <Shape><Polygon POINTS="550 1818 548 1834 1415 1864 2078 1868 2082 1850 2080 1820 550 1779 550 1818"/></Shape>
	    <String CONTENT="&amp; miſerebitur eius. &amp; ad deum noſtrum: quia multus eſt ad ignoſcendum. Or ſi deus"
                    HPOS="548.0"
                    VPOS="1779.0"
                    WIDTH="1534.0"
                    HEIGHT="89.0"
                    WC="0.9855973735267733"></String>
          </TextLine>
          <TextLine ID="line_38"
                    TAGREFS="LT8"
                    BASELINE="550 1860 1679 1892 2084 1894" 
                    HPOS="548.0"
                    VPOS="1830.0"
                    WIDTH="1536.0"
                    HEIGHT="86.0">
            <Shape><Polygon POINTS="550 1860 548 1878 2080 1916 2084 1894 2082 1868 550 1830 550 1860"/></Shape>
	    <String CONTENT="dederit aliquibus bona operari: non ſe reſpicianti ſed deumi non ſe putent ex illis ius"
                    HPOS="548.0"
                    VPOS="1830.0"
                    WIDTH="1536.0"
                    HEIGHT="86.0"
                    WC="0.9929945482604805"></String>
          </TextLine>
          <TextLine ID="line_39"
                    TAGREFS="LT8"
                    BASELINE="548 1904 1472 1932 2082 1938" 
                    HPOS="546.0"
                    VPOS="1866.0"
                    WIDTH="1536.0"
                    HEIGHT="98.0">
            <Shape><Polygon POINTS="548 1904 546 1922 2078 1964 2082 1938 2080 1912 548 1866 548 1904"/></Shape>
	    <String CONTENT="ſtificatos. ſed cũ cuncta fecerint: dicanti vt vere eſt. Serui inutiles ſumus, quod debui¬"
                    HPOS="546.0"
                    VPOS="1866.0"
                    WIDTH="1536.0"
                    HEIGHT="98.0"
                    WC="0.9970351961942819"></String>
          </TextLine>
          <TextLine ID="line_40"
                    TAGREFS="LT8"
                    BASELINE="546 1948 2080 1984" 
                    HPOS="544.0"
                    VPOS="1916.0"
                    WIDTH="1536.0"
                    HEIGHT="86.0">
            <Shape><Polygon POINTS="546 1948 544 1966 2076 2002 2080 1984 2078 1952 546 1916 546 1948"/></Shape>
	    <String CONTENT="mus facere: fecimus. Quid eſt ĩutiles ſumus: niſi imeriti? Bonitas domini eſt gratia do¬"
                    HPOS="544.0"
                    VPOS="1916.0"
                    WIDTH="1536.0"
                    HEIGHT="86.0"
                    WC="0.9936010234811333"></String>
          </TextLine>
          <TextLine ID="line_41"
                    TAGREFS="LT8"
                    BASELINE="544 1992 1831 2028 2080 2024" 
                    HPOS="542.0"
                    VPOS="1958.0"
                    WIDTH="1538.0"
                    HEIGHT="90.0">
            <Shape><Polygon POINTS="544 1992 542 2008 2076 2048 2080 2024 2076 1992 1928 1998 544 1958 544 1992"/></Shape>
	    <String CONTENT="mini eſt miſericordia eius eſt quod nobis facit: non eſt noſtrum meritumi non domini"
                    HPOS="542.0"
                    VPOS="1958.0"
                    WIDTH="1538.0"
                    HEIGHT="90.0"
                    WC="0.9907143435307911"></String>
          </TextLine>
          <TextLine ID="line_42"
                    TAGREFS="LT8"
                    BASELINE="544 2036 1614 2068 2080 2072" 
                    HPOS="542.0"
                    VPOS="2002.0"
                    WIDTH="1538.0"
                    HEIGHT="92.0">
            <Shape><Polygon POINTS="544 2036 542 2056 2076 2094 2080 2072 2080 2046 544 2002 544 2036"/></Shape>
	    <String CONTENT="debitumſſed ſuperexuberantis bonitatis eius donum! &amp; ſolũ donũ. &amp; benedicta ſit ſem"
                    HPOS="542.0"
                    VPOS="2002.0"
                    WIDTH="1538.0"
                    HEIGHT="92.0"
                    WC="0.9930555364664864"></String>
          </TextLine>
          <TextLine ID="line_43"
                    TAGREFS="LT8"
                    BASELINE="542 2082 1763 2117 2082 2117" 
                    HPOS="540.0"
                    VPOS="2044.0"
                    WIDTH="1542.0"
                    HEIGHT="93.0">
            <Shape><Polygon POINTS="1082 2096 1066 2056 542 2044 542 2082 540 2102 2078 2137 2082 2117 2080 2082 1100 2056 1082 2096"/></Shape>
	    <String CONTENT="per illa omni cogitatu inaccelſa ſupereminens bonitas: quæ tanta eſti vt nichil debere"
                    HPOS="540.0"
                    VPOS="2044.0"
                    WIDTH="1542.0"
                    HEIGHT="93.0"
                    WC="0.9795858007530833"></String>
          </TextLine>
          <TextLine ID="line_44"
                    TAGREFS="LT8"
                    BASELINE="542 2125 1584 2157 2080 2161" 
                    HPOS="540.0"
                    VPOS="2094.0"
                    WIDTH="1540.0"
                    HEIGHT="89.0">
            <Shape><Polygon POINTS="1082 2139 1066 2104 542 2094 542 2125 540 2147 2076 2183 2080 2161 2078 2127 1098 2104 1082 2139"/></Shape>
	    <String CONTENT="poſſit! ſed ſolũ dare. quid eni omnibonificũ &amp; omnibeneficũ debere poteſt! &amp; cui om¬"
                    HPOS="540.0"
                    VPOS="2094.0"
                    WIDTH="1540.0"
                    HEIGHT="89.0"
                    WC="0.998352133679664"></String>
          </TextLine>
          <TextLine ID="line_45"
                    TAGREFS="LT8"
                    BASELINE="540 2169 2080 2209" 
                    HPOS="538.0"
                    VPOS="2137.0"
                    WIDTH="1542.0"
                    HEIGHT="88.0">
            <Shape><Polygon POINTS="540 2169 538 2189 2076 2225 2080 2209 2078 2171 540 2137 540 2169"/></Shape>
	    <String CONTENT="nia debẽt? quidquid enĩ vſq habetur: ab eo habetur. nichil: a quoq̃ habet, nihil: omniũ"
                    HPOS="538.0"
                    VPOS="2137.0"
                    WIDTH="1542.0"
                    HEIGHT="88.0"
                    WC="0.9878321038352118"></String>
          </TextLine>
          <TextLine ID="line_46"
                    TAGREFS="LT8"
                    BASELINE="538 2213 1542 2245 2078 2251" 
                    HPOS="536.0"
                    VPOS="2175.0"
                    WIDTH="1542.0"
                    HEIGHT="96.0">
            <Shape><Polygon POINTS="538 2213 536 2235 2074 2271 2078 2251 2076 2217 538 2175 538 2213"/></Shape>
	    <String CONTENT="eſt. &amp; omnia: ſua ſũt. Et ſi operibus legis deberetur iuſtificatio: pauciſſimorũ eſſe poſſet."
                    HPOS="536.0"
                    VPOS="2175.0"
                    WIDTH="1542.0"
                    HEIGHT="96.0"
                    WC="0.9924215109724748"></String>
          </TextLine>
          <TextLine ID="line_47"
                    TAGREFS="LT8"
                    BASELINE="538 2255 1681 2293 2078 2297" 
                    HPOS="536.0"
                    VPOS="2215.0"
                    WIDTH="1542.0"
                    HEIGHT="104.0">
            <Shape><Polygon POINTS="1281 2237 1253 2241 1233 2245 1199 2241 1142 2233 1140 2233 1138 2233 1118 2239 1108 2241 1106 2239 1098 2231 1096 2231 1094 2231 1092 2231 1056 2237 1046 2239 1044 2237 1036 2231 1036 2229 1022 2229 881 2233 847 2233 825 2231 709 2219 706 2219 586 2225 584 2225 572 2215 570 2215 568 2215 566 2215 564 2215 538 2223 538 2255 536 2281 2074 2319 2078 2297 2078 2263 1303 2249 1295 2243 1289 2237 1281 2237"/></Shape>
	    <String CONTENT="ſed qui iuſtificationẽ gratiã dei eſſe intelligit qui nõ ex meritis iuſtificat, ſed qui cordiũ"
                    HPOS="536.0"
                    VPOS="2215.0"
                    WIDTH="1542.0"
                    HEIGHT="104.0"
                    WC="0.9820224104487166"></String>
          </TextLine>
          <TextLine ID="line_48"
                    TAGREFS="LT8"
                    BASELINE="538 2301 2078 2341" 
                    HPOS="536.0"
                    VPOS="2271.0"
                    WIDTH="1542.0"
                    HEIGHT="88.0">
            <Shape><Polygon POINTS="1683 2295 1679 2293 538 2271 538 2301 536 2321 2074 2359 2078 2341 2076 2303 1691 2295 1683 2295"/></Shape>
	    <String CONTENT="ad ſe cõuerſorum peccata dimittit (ille eni ſolus intuetur cor omniũ) videt iuſtificatio¬"
                    HPOS="536.0"
                    VPOS="2271.0"
                    WIDTH="1542.0"
                    HEIGHT="88.0"
                    WC="0.9916373792585436"></String>
          </TextLine>
          <TextLine ID="line_49"
                    TAGREFS="LT8"
                    BASELINE="538 2345 1644 2381 2078 2383" 
                    HPOS="536.0"
                    VPOS="2313.0"
                    WIDTH="1542.0"
                    HEIGHT="92.0">
            <Shape><Polygon POINTS="538 2345 536 2363 2074 2405 2078 2383 2076 2349 538 2313 538 2345"/></Shape>
	    <String CONTENT="nẽ ad q̃plurimos ſe extẽdere poſſe. Et qui ex operibo iudicat: paucos ſaluatſ multos dã¬"
                    HPOS="536.0"
                    VPOS="2313.0"
                    WIDTH="1542.0"
                    HEIGHT="92.0"
                    WC="0.9843320617308984"></String>
          </TextLine>
          <TextLine ID="line_50"
                    TAGREFS="LT8"
                    BASELINE="536 2389 2078 2432" 
                    HPOS="534.0"
                    VPOS="2355.0"
                    WIDTH="1544.0"
                    HEIGHT="95.0">
            <Shape><Polygon POINTS="536 2389 534 2408 2074 2450 2078 2432 2078 2403 536 2355 536 2389"/></Shape>
	    <String CONTENT="nat! &amp; temerarius efficitur iudex. ad ipſum eni nõ ſpectat iudiciũ: ſed ad deũ. ille enim"
                    HPOS="534.0"
                    VPOS="2355.0"
                    WIDTH="1544.0"
                    HEIGHT="95.0"
                    WC="0.9917454149412073"></String>
          </TextLine>
          <TextLine ID="line_51"
                    TAGREFS="LT8"
                    BASELINE="538 2434 1693 2472 2078 2474" 
                    HPOS="536.0"
                    VPOS="2401.0"
                    WIDTH="1542.0"
                    HEIGHT="95.0">
            <Shape><Polygon POINTS="538 2434 536 2454 2074 2496 2078 2474 2078 2446 538 2401 538 2434"/></Shape>
	    <String CONTENT="ſolus eſt qui iuſtificat: &amp; qui poteſtatẽ habet mittere in gehennã. Qui autẽ attendit gra"
                    HPOS="536.0"
                    VPOS="2401.0"
                    WIDTH="1542.0"
                    HEIGHT="95.0"
                    WC="0.9941479544276777"></String>
          </TextLine>
          <TextLine ID="line_52"
                    TAGREFS="LT8"
                    BASELINE="536 2478 1693 2516 2080 2520" 
                    HPOS="534.0"
                    VPOS="2438.0"
                    WIDTH="1546.0"
                    HEIGHT="104.0">
            <Shape><Polygon POINTS="536 2478 534 2496 2076 2542 2080 2520 2078 2484 1054 2464 1010 2458 911 2448 909 2448 753 2452 729 2452 715 2452 594 2438 592 2438 536 2446 536 2478"/></Shape>
	    <String CONTENT="tiã dei: ſilet ne iudiciũ facit. ſtultũ enim eſſet gratiã dei infinitã: humani iudicijl vel"
                    HPOS="534.0"
                    VPOS="2438.0"
                    WIDTH="1546.0"
                    HEIGHT="104.0"
                    WC="0.9847369218609997"></String>
          </TextLine>
          <TextLine ID="line_53"
                    TAGREFS="LT8"
                    BASELINE="536 2526 2078 2564" 
                    HPOS="534.0"
                    VPOS="2492.0"
                    WIDTH="1544.0"
                    HEIGHT="98.0">
            <Shape><Polygon POINTS="536 2526 534 2546 2074 2590 2078 2564 2074 2524 2008 2532 536 2492 536 2526"/></Shape>
	    <String CONTENT="potius temeritatis concludere velle anguſtijs. ergo iuſtificatio quæ tam operantibus q̃"
                    HPOS="534.0"
                    VPOS="2492.0"
                    WIDTH="1544.0"
                    HEIGHT="98.0"
                    WC="0.9852125946132616"></String>
          </TextLine>
          <TextLine ID="line_54"
                    TAGREFS="LT8"
                    BASELINE="538 2566 1650 2604 2080 2608" 
                    HPOS="536.0"
                    VPOS="2534.0"
                    WIDTH="1544.0"
                    HEIGHT="96.0">
            <Shape><Polygon POINTS="538 2566 536 2584 2076 2630 2080 2608 2078 2582 538 2534 538 2566"/></Shape>
	    <String CONTENT="non operãtibus imo etiam cõtraria operibus legis perpetrãtibus cõmunis eſt: latiſſima"
                    HPOS="536.0"
                    VPOS="2534.0"
                    WIDTH="1544.0"
                    HEIGHT="96.0"
                    WC="0.9927704816453913"></String>
          </TextLine>
          <TextLine ID="line_55"
                    TAGREFS="LT8"
                    BASELINE="538 2610 2076 2654" 
                    HPOS="536.0"
                    VPOS="2572.0"
                    WIDTH="1540.0"
                    HEIGHT="100.0">
            <Shape><Polygon POINTS="1373 2596 1371 2596 1369 2596 1301 2600 1239 2602 1223 2596 1211 2592 1209 2592 1207 2592 1191 2596 1166 2600 970 2586 887 2582 885 2582 871 2584 819 2590 538 2572 538 2610 536 2630 2072 2672 2076 2654 2076 2626 2052 2616 2050 2616 1691 2614 1586 2614 1391 2608 1383 2602 1375 2596 1373 2596"/></Shape>
	    <String CONTENT="&amp; ad q̃plurimos eſſe poteſti &amp; tam ad circũciſos q̃ incircũciſos! tam ad bonos q̃ ad ma"
                    HPOS="536.0"
                    VPOS="2572.0"
                    WIDTH="1540.0"
                    HEIGHT="100.0"
                    WC="0.9925759448094315"></String>
          </TextLine>
          <TextLine ID="line_56"
                    TAGREFS="LT8"
                    BASELINE="534 2652 1685 2694 2088 2698" 
                    HPOS="532.0"
                    VPOS="2618.0"
                    WIDTH="1556.0"
                    HEIGHT="107.0">
            <Shape><Polygon POINTS="534 2652 532 2670 2084 2725 2088 2698 2088 2664 534 2618 534 2652"/></Shape>
	    <String CONTENT="los a malitia per cordis ſuſpiria reſipiſcẽtes. Proĩde quærit Paulus. ¶ Beatitudo igitur;"
                    HPOS="532.0"
                    VPOS="2618.0"
                    WIDTH="1556.0"
                    HEIGHT="107.0"
                    WC="0.9864078557098305"></String>
          </TextLine>
          <TextLine ID="line_57"
                    TAGREFS="LT8"
                    BASELINE="522 2694 1548 2735 2076 2741" 
                    HPOS="520.0"
                    VPOS="2660.0"
                    WIDTH="1556.0"
                    HEIGHT="105.0">
            <Shape><Polygon POINTS="1082 2709 1066 2678 522 2660 522 2694 520 2715 2072 2765 2076 2741 2076 2715 1100 2680 1082 2709"/></Shape>
	    <String CONTENT="hæc: in circũciſione| an ne etiã in præputio eſt? Dicimus eni quia reputata eſt Abrahæ"
                    HPOS="520.0"
                    VPOS="2660.0"
                    WIDTH="1556.0"
                    HEIGHT="105.0"
                    WC="0.9991977289319038"></String>
          </TextLine>
          <TextLine ID="line_58"
                    TAGREFS="LT8"
                    BASELINE="514 2737 1403 2775 2076 2787" 
                    HPOS="512.0"
                    VPOS="2698.0"
                    WIDTH="1564.0"
                    HEIGHT="111.0">
            <Shape><Polygon POINTS="514 2737 512 2757 2072 2809 2076 2787 2076 2759 2062 2751 2060 2751 2058 2751 1506 2739 1227 2735 514 2698 514 2737"/></Shape>
	    <String CONTENT="» fides ad iuſtitiã. Quo modo ergo reputata eſt: cũ i circũciſione eſſet an præputio? Non"
                    HPOS="512.0"
                    VPOS="2698.0"
                    WIDTH="1564.0"
                    HEIGHT="111.0"
                    WC="0.9920174913561862"></String>
          </TextLine>
          <TextLine ID="line_59"
                    TAGREFS="LT8"
                    BASELINE="508 2783 1279 2815 2076 2831" 
                    HPOS="506.0"
                    VPOS="2755.0"
                    WIDTH="1570.0"
                    HEIGHT="96.0">
            <Shape><Polygon POINTS="508 2783 506 2807 2072 2851 2076 2831 2076 2799 508 2755 508 2783"/></Shape>
	    <String CONTENT="» in circũciſione: ſed in præputio. (J Errabãt iudæi vehementer: ſine circũciſione &amp; ope¬"
                    HPOS="506.0"
                    VPOS="2755.0"
                    WIDTH="1570.0"
                    HEIGHT="96.0"
                    WC="0.9961921592121539"></String>
          </TextLine>
          <TextLine ID="line_60"
                    TAGREFS="LT8"
                    BASELINE="526 2829 1371 2863 2072 2877" 
                    HPOS="522.0"
                    VPOS="2797.0"
                    WIDTH="1550.0"
                    HEIGHT="134.0">
            <Shape><Polygon POINTS="1086 2843 1072 2815 526 2797 526 2829 522 2893 737 2899 739 2899 751 2897 817 2881 937 2899 954 2901 956 2901 958 2901 962 2899 1006 2881 1130 2901 1211 2915 1213 2915 1265 2903 1319 2891 1339 2905 1345 2909 1347 2909 1349 2909 1446 2923 1448 2923 1450 2923 1508 2907 1522 2903 1534 2907 1556 2915 1558 2915 1560 2915 1636 2909 1659 2907 1663 2909 1693 2931 1695 2931 1697 2931 1699 2931 1701 2931 1751 2909 1755 2909 1761 2909 1809 2923 1811 2923 1813 2923 2070 2913 2072 2877 2072 2851 1102 2817 1086 2843"/></Shape>
	    <String CONTENT="Ilbus legis non credẽtes quẽqi iuſtificari poſſe. quos Paulus cõfutat: &amp; illuminat. Nam"
                    HPOS="522.0"
                    VPOS="2797.0"
                    WIDTH="1550.0"
                    HEIGHT="134.0"
                    WC="0.9860818743705749"></String>
          </TextLine>
        </TextBlock>
      </PrintSpace>
    </Page>
  </Layout>
</alto>
