<?xml version="1.0" encoding="UTF-8"?>
<alto xmlns:xsi="http://www.w3.org/2001/XMLSchema-instance"
      xmlns="http://www.loc.gov/standards/alto/ns-v4#"
      xsi:schemaLocation="http://www.loc.gov/standards/alto/ns-v4# http://www.loc.gov/standards/alto/v4/alto-4-2.xsd">
  <Description>
    <MeasurementUnit>pixel</MeasurementUnit>
    <sourceImageInformation>
      <fileName>bsb11059254_00205.jpg</fileName>
    </sourceImageInformation>
  </Description>
  <Tags>
    <OtherTag ID="BT7" LABEL="CustomZone" DESCRIPTION="block type CustomZone"/><OtherTag ID="BT8" LABEL="DamageZone" DESCRIPTION="block type DamageZone"/><OtherTag ID="BT9" LABEL="DigitizationArtefactZone" DESCRIPTION="block type DigitizationArtefactZone"/><OtherTag ID="BT10" LABEL="DropCapitalZone" DESCRIPTION="block type DropCapitalZone"/><OtherTag ID="BT11" LABEL="GraphicZone" DESCRIPTION="block type GraphicZone"/><OtherTag ID="BT12" LABEL="MainZone" DESCRIPTION="block type MainZone"/><OtherTag ID="BT13" LABEL="MarginTextZone" DESCRIPTION="block type MarginTextZone"/><OtherTag ID="BT14" LABEL="MusicZone" DESCRIPTION="block type MusicZone"/><OtherTag ID="BT15" LABEL="NumberingZone" DESCRIPTION="block type NumberingZone"/><OtherTag ID="BT17" LABEL="QuireMarksZone" DESCRIPTION="block type QuireMarksZone"/><OtherTag ID="BT18" LABEL="RunningTitleZone" DESCRIPTION="block type RunningTitleZone"/><OtherTag ID="BT19" LABEL="SealZone" DESCRIPTION="block type SealZone"/><OtherTag ID="BT20" LABEL="StampZone" DESCRIPTION="block type StampZone"/><OtherTag ID="BT21" LABEL="TableZone" DESCRIPTION="block type TableZone"/><OtherTag ID="BT22" LABEL="TitlePageZone" DESCRIPTION="block type TitlePageZone"/><OtherTag ID="BT992" LABEL="MainZone-Head" DESCRIPTION="block type MainZone-Head"/><OtherTag ID="BT993" LABEL="MainZone-P" DESCRIPTION="block type MainZone-P"/><OtherTag ID="BT994" LABEL="MainZone-P-Continued" DESCRIPTION="block type MainZone-P-Continued"/><OtherTag ID="BT995" LABEL="MarginTextZone-ManuscriptAddendum" DESCRIPTION="block type MarginTextZone-ManuscriptAddendum"/>
    <OtherTag ID="LT7" LABEL="CustomLine" DESCRIPTION="line type CustomLine"/><OtherTag ID="LT8" LABEL="DefaultLine" DESCRIPTION="line type DefaultLine"/><OtherTag ID="LT9" LABEL="DropCapitalLine" DESCRIPTION="line type DropCapitalLine"/><OtherTag ID="LT10" LABEL="HeadingLine" DESCRIPTION="line type HeadingLine"/><OtherTag ID="LT11" LABEL="InterlinearLine" DESCRIPTION="line type InterlinearLine"/><OtherTag ID="LT12" LABEL="MusicLine" DESCRIPTION="line type MusicLine"/>
  </Tags>
  <Layout>
    <Page WIDTH="2218"
          HEIGHT="3647"
          PHYSICAL_IMG_NR="2"
          ID="eSc_dummypage_">
      <PrintSpace HPOS="0"
                  VPOS="0"
                  WIDTH="2218"
                  HEIGHT="3647">
        <TextBlock HPOS="61"
                   VPOS="276"
                   WIDTH="1637"
                   HEIGHT="2699"
                   ID="block_1"
                   TAGREFS="BT994">
          <Shape><Polygon POINTS="1698 278 1698 2975 71 2975 61 276"/></Shape>
          <TextLine ID="line_1"
                    TAGREFS="LT8"
                    BASELINE="75 322 1680 316" 
                    HPOS="72"
                    VPOS="251"
                    WIDTH="1608"
                    HEIGHT="95">
            <Shape><Polygon POINTS="75 322 75 346 1678 346 1680 316 1676 275 1575 263 1573 263 1465 273 1437 255 1435 255 1433 255 1431 255 1429 255 1402 267 1346 261 1344 261 1271 273 1222 251 1220 251 1145 251 1143 251 1070 253 1068 253 1066 253 1027 277 930 277 916 265 914 265 912 265 910 265 829 273 772 253 770 253 652 253 650 253 648 253 646 253 618 271 587 265 585 265 583 265 559 277 135 261 133 261 131 261 72 279 75 322"/></Shape>
	    <String CONTENT="* grattas ago deo meo per IHESVM CHRISTVM pro omnibus vobis: quia fides ve¬"
                    HPOS="72"
                    VPOS="251"
                    WIDTH="1608"
                    HEIGHT="95"></String>
          </TextLine>
          <TextLine ID="line_2"
                    TAGREFS="LT8"
                    BASELINE="72 364 1680 364" 
                    HPOS="72"
                    VPOS="334"
                    WIDTH="1608"
                    HEIGHT="59">
            <Shape><Polygon POINTS="72 364 72 393 1678 393 1680 364 1678 336 72 334 72 364"/></Shape>
	    <String CONTENT="* ſtra annũciatur in vniuerſo mũdo. teſtis eni eſt michi deus quem colo i ſpiritu meo in"
                    HPOS="72"
                    VPOS="334"
                    WIDTH="1608"
                    HEIGHT="59"></String>
          </TextLine>
          <TextLine ID="line_3"
                    TAGREFS="LT8"
                    BASELINE="72 411 1678 405" 
                    HPOS="70"
                    VPOS="376"
                    WIDTH="1608"
                    HEIGHT="57">
            <Shape><Polygon POINTS="72 411 72 431 1674 433 1678 405 1674 376 70 376 72 411"/></Shape>
	    <String CONTENT="* euãgelio filij eius/ꝙ ſine intermiſſione memoriã veſtri facio ſẽper in orationibus meis:"
                    HPOS="70"
                    VPOS="376"
                    WIDTH="1608"
                    HEIGHT="57"></String>
          </TextLine>
          <TextLine ID="line_4"
                    TAGREFS="LT8"
                    BASELINE="75 453 1680 453" 
                    HPOS="75"
                    VPOS="421"
                    WIDTH="1605"
                    HEIGHT="63">
            <Shape><Polygon POINTS="75 453 75 484 1680 484 1680 453 1680 425 75 421 75 453"/></Shape>
	    <String CONTENT="* rogans ſi quo pacto tãdem aliquando proſperer in voluntate dei: vt veniam ad vos."
                    HPOS="75"
                    VPOS="421"
                    WIDTH="1605"
                    HEIGHT="63"></String>
          </TextLine>
          <TextLine ID="line_5"
                    TAGREFS="LT8"
                    BASELINE="72 498 1680 492" 
                    HPOS="70"
                    VPOS="466"
                    WIDTH="1610"
                    HEIGHT="60">
            <Shape><Polygon POINTS="72 498 72 526 1678 512 1680 492 1674 466 70 468 72 498"/></Shape>
	    <String CONTENT="* deſydero enim videre vos: vt aliquod ſpirituale donũ vobis impartiar ad cõfirmãdos"
                    HPOS="70"
                    VPOS="466"
                    WIDTH="1610"
                    HEIGHT="60"></String>
          </TextLine>
          <TextLine ID="line_6"
                    TAGREFS="LT8"
                    BASELINE="75 542 1678 538" 
                    HPOS="72"
                    VPOS="508"
                    WIDTH="1606"
                    HEIGHT="59">
            <Shape><Polygon POINTS="75 542 75 567 1676 559 1678 538 1672 508 72 512 75 542"/></Shape>
	    <String CONTENT="* vos hoc eſt vt cõſoler vobiſcum per mutuã fidẽ veſtrã at meã. ¶ Sed agel cũ Pau¬"
                    HPOS="72"
                    VPOS="508"
                    WIDTH="1606"
                    HEIGHT="59"></String>
          </TextLine>
          <TextLine ID="line_7"
                    TAGREFS="LT8"
                    BASELINE="101 587 1676 583" 
                    HPOS="99"
                    VPOS="551"
                    WIDTH="1577"
                    HEIGHT="60">
            <Shape><Polygon POINTS="1660 563 1640 563 1619 563 1599 563 1579 563 1559 563 1538 563 1518 563 1498 563 1477 563 1457 563 1437 563 1417 563 1396 563 1376 563 1356 563 1336 563 1315 563 1295 563 1275 563 1254 563 1234 563 1214 563 1194 563 1173 563 1153 563 1133 563 1113 563 1092 563 1072 563 1052 563 1031 563 1011 563 991 563 971 563 950 563 930 563 910 563 890 563 869 563 849 563 829 563 808 563 788 563 768 563 748 563 727 563 707 563 687 563 667 563 646 563 626 563 606 563 585 563 565 563 545 563 525 563 504 563 484 563 464 563 444 563 423 563 403 563 383 563 362 563 342 563 322 563 302 563 281 563 261 563 241 563 220 563 200 563 180 563 160 563 139 561 127 551 99 551 101 587 101 607 1672 611 1676 583 1672 563 1660 563"/></Shape>
	    <String CONTENT="lus dicit teſtis eni eſt michi deus: iurantis ne affectus eſt? Non arbitror: ſed aſſerentis."
                    HPOS="99"
                    VPOS="551"
                    WIDTH="1577"
                    HEIGHT="60"
                    WC="0.9893548909736716"></String>
          </TextLine>
          <TextLine ID="line_8"
                    TAGREFS="LT8"
                    BASELINE="101 632 1678 626" 
                    HPOS="99"
                    VPOS="597"
                    WIDTH="1579"
                    HEIGHT="55">
            <Shape><Polygon POINTS="101 632 101 652 1676 646 1678 626 1672 597 99 601 101 632"/></Shape>
	    <String CONTENT="Quid eſt enim teſtis michi eſt deus: niſi teſtimoniũ michi præbet deus? Nunquid pu¬"
                    HPOS="99"
                    VPOS="597"
                    WIDTH="1579"
                    HEIGHT="55"
                    WC="0.9900575869140171"></String>
          </TextLine>
          <TextLine ID="line_9"
                    TAGREFS="LT8"
                    BASELINE="101 676 1678 670" 
                    HPOS="99"
                    VPOS="638"
                    WIDTH="1579"
                    HEIGHT="61">
            <Shape><Polygon POINTS="101 676 101 696 1674 699 1678 670 1674 642 119 638 117 638 115 638 113 638 99 646 101 676"/></Shape>
	    <String CONTENT="tas dominũ iuraſſe cum dixit iudæis: teſtimonium perhibet de me qui miſit me pater?"
                    HPOS="99"
                    VPOS="638"
                    WIDTH="1579"
                    HEIGHT="61"
                    WC="0.9867087105909983"></String>
          </TextLine>
          <TextLine ID="line_10"
                    TAGREFS="LT8"
                    BASELINE="101 721 1678 713" 
                    HPOS="99"
                    VPOS="684"
                    WIDTH="1579"
                    HEIGHT="59">
            <Shape><Polygon POINTS="101 721 101 743 1676 735 1678 713 1674 686 99 684 101 721"/></Shape>
	    <String CONTENT="Nequaq. ſed ſancte affirmauit. ita &amp; Paulus ſancte affirmat cum dicit: teſtis eni eſt mi¬"
                    HPOS="99"
                    VPOS="684"
                    WIDTH="1579"
                    HEIGHT="59"
                    WC="0.9922860452298368"></String>
          </TextLine>
          <TextLine ID="line_11"
                    TAGREFS="LT8"
                    BASELINE="101 761 1684 757" 
                    HPOS="99"
                    VPOS="733"
                    WIDTH="1585"
                    HEIGHT="53">
            <Shape><Polygon POINTS="101 761 101 786 1682 780 1684 757 1678 733 99 733 101 761"/></Shape>
	    <String CONTENT="chi deus. Et quid ſãcte affirmat? Qy iintermiſſe orat pro Romanis &amp; precatur: vt eos vi¬"
                    HPOS="99"
                    VPOS="733"
                    WIDTH="1585"
                    HEIGHT="53"
                    WC="0.9902510388513629"></String>
          </TextLine>
          <TextLine ID="line_12"
                    TAGREFS="LT8"
                    BASELINE="122 817 1682 804" 
                    HPOS="118"
                    VPOS="759"
                    WIDTH="1561"
                    HEIGHT="76">
            <Shape><Polygon POINTS="121 814 121 835 1676 832 1679 802 1670 759 118 765 121 814"/></Shape>
	    <String CONTENT="3 dere poſſit &amp; ꝙ eos quidẽ videre poſſit ad ĩpartiẽdũ aliquod ſpirituale donũ. Sed ſubdit"
                    HPOS="118"
                    VPOS="759"
                    WIDTH="1561"
                    HEIGHT="76"
                    WC="0.9892279279859443"></String>
          </TextLine>
          <TextLine ID="line_13"
                    TAGREFS="LT8"
                    BASELINE="79 852 1682 846" 
                    HPOS="77"
                    VPOS="820"
                    WIDTH="1605"
                    HEIGHT="55">
            <Shape><Polygon POINTS="79 875 1680 871 1682 846 1676 820 77 820 79 852"/></Shape>
	    <String CONTENT="* quid cauſe eſt: cur adhuc eos nõ viderit dicẽs. (J Non velim autẽ vos latere fratres! ꝙ"
                    HPOS="77"
                    VPOS="820"
                    WIDTH="1605"
                    HEIGHT="55"
                    WC="0.9898204557273699"></String>
          </TextLine>
          <TextLine ID="line_14"
                    TAGREFS="LT8"
                    BASELINE="77 897 1682 891" 
                    HPOS="75"
                    VPOS="857"
                    WIDTH="1607"
                    HEIGHT="62">
            <Shape><Polygon POINTS="77 897 77 919 1680 913 1682 891 1676 857 75 869 77 897"/></Shape>
	    <String CONTENT="* frequenter propoſui proficiſci ad vos: &amp; hucuſ; prohibitus ſum. proficiſci inquam ad"
                    HPOS="75"
                    VPOS="857"
                    WIDTH="1607"
                    HEIGHT="62"></String>
          </TextLine>
          <TextLine ID="line_15"
                    TAGREFS="LT8"
                    BASELINE="75 942 1684 938" 
                    HPOS="72"
                    VPOS="903"
                    WIDTH="1612"
                    HEIGHT="65">
            <Shape><Polygon POINTS="75 942 75 968 1682 966 1684 938 1678 903 72 913 75 942"/></Shape>
	    <String CONTENT="* vos: vt aliquem etiam fructũ habeam in vobis quẽadmodum &amp; in cæteris gentibus/ &amp;"
                    HPOS="72"
                    VPOS="903"
                    WIDTH="1612"
                    HEIGHT="65"></String>
          </TextLine>
          <TextLine ID="line_16"
                    TAGREFS="LT8"
                    BASELINE="79 984 1682 980" 
                    HPOS="77"
                    VPOS="954"
                    WIDTH="1605"
                    HEIGHT="52">
            <Shape><Polygon POINTS="79 984 79 1006 1680 1002 1682 980 1676 954 77 956 79 984"/></Shape>
	    <String CONTENT="* græcis. &amp; barbaris. tam ſapientibus q̃ inſipientibus debitor ſum: adeo vt &amp; in me prõ¬"
                    HPOS="77"
                    VPOS="954"
                    WIDTH="1605"
                    HEIGHT="52"></String>
          </TextLine>
          <TextLine ID="line_17"
                    TAGREFS="LT8"
                    BASELINE="81 1031 1682 1025" 
                    HPOS="79"
                    VPOS="990"
                    WIDTH="1603"
                    HEIGHT="65">
            <Shape><Polygon POINTS="81 1031 81 1053 1678 1055 1682 1025 1678 998 673 990 671 990 610 1000 152 992 150 992 79 1002 81 1031"/></Shape>
	    <String CONTENT="* ptitudo ſit vobis qui Romæ eſtis euãgelizare. ¶ In quibus prohibitus fuerit id eſt im¬"
                    HPOS="79"
                    VPOS="990"
                    WIDTH="1603"
                    HEIGHT="65"></String>
          </TextLine>
          <TextLine ID="line_18"
                    TAGREFS="LT8"
                    BASELINE="107 1075 1680 1069" 
                    HPOS="105"
                    VPOS="1043"
                    WIDTH="1575"
                    HEIGHT="61">
            <Shape><Polygon POINTS="107 1075 107 1104 1678 1098 1680 1069 1674 1043 105 1043 107 1075"/></Shape>
	    <String CONTENT="pedimento detentus: circa finem huius epiſtolæ amplius declarat: in prędicando vide¬"
                    HPOS="105"
                    VPOS="1043"
                    WIDTH="1575"
                    HEIGHT="61"
                    WC="0.9986057709245121"></String>
          </TextLine>
          <TextLine ID="line_19"
                    TAGREFS="LT8"
                    BASELINE="109 1118 1682 1118" 
                    HPOS="109"
                    VPOS="1090"
                    WIDTH="1573"
                    HEIGHT="54">
            <Shape><Polygon POINTS="109 1118 109 1138 1678 1144 1682 1118 1680 1090 109 1090 109 1118"/></Shape>
	    <String CONTENT="licet euãgelio ijs! qui de Chriſto ſaluatore mundil nondũ audierãt! per circuitũ ab Hie"
                    HPOS="109"
                    VPOS="1090"
                    WIDTH="1573"
                    HEIGHT="54"
                    WC="0.9879001883360056"></String>
          </TextLine>
          <TextLine ID="line_20"
                    TAGREFS="LT8"
                    BASELINE="107 1165 1678 1158" 
                    HPOS="105"
                    VPOS="1122"
                    WIDTH="1573"
                    HEIGHT="63">
            <Shape><Polygon POINTS="107 1165 107 1185 1676 1183 1678 1158 1674 1132 1230 1122 1228 1122 1137 1132 1131 1132 1117 1132 879 1124 877 1124 105 1134 107 1165"/></Shape>
	    <String CONTENT="ruſalem ad Ilyricum vſ. Propterea inquit impeditus fui multis: venire ad vos. Et ꝙ"
                    HPOS="105"
                    VPOS="1122"
                    WIDTH="1573"
                    HEIGHT="63"
                    WC="0.9964712786387249"></String>
          </TextLine>
          <TextLine ID="line_21"
                    TAGREFS="LT8"
                    BASELINE="109 1207 1680 1201" 
                    HPOS="107"
                    VPOS="1169"
                    WIDTH="1573"
                    HEIGHT="62">
            <Shape><Polygon POINTS="109 1207 109 1227 1676 1231 1680 1201 1676 1177 642 1169 640 1169 638 1169 636 1169 624 1179 162 1171 160 1171 107 1181 109 1207"/></Shape>
	    <String CONTENT="vult in Romanis aliquem habere fructũ vt in cæteris gentibus cum græcis tũ barba¬"
                    HPOS="107"
                    VPOS="1169"
                    WIDTH="1573"
                    HEIGHT="62"
                    WC="0.9941188240625772"></String>
          </TextLine>
          <TextLine ID="line_22"
                    TAGREFS="LT8"
                    BASELINE="109 1252 1678 1246" 
                    HPOS="107"
                    VPOS="1219"
                    WIDTH="1571"
                    HEIGHT="55">
            <Shape><Polygon POINTS="109 1252 109 1274 1676 1268 1678 1246 1672 1219 107 1223 109 1252"/></Shape>
	    <String CONTENT="ris: hoc non ſibi vult ſed Chriſto domino cuius eſt ſeruus. ſeruus enim nõ ſibil ſed dño"
                    HPOS="107"
                    VPOS="1219"
                    WIDTH="1571"
                    HEIGHT="55"
                    WC="0.9852548102537791"></String>
          </TextLine>
          <TextLine ID="line_23"
                    TAGREFS="LT8"
                    BASELINE="123 1311 1680 1292" 
                    HPOS="118"
                    VPOS="1246"
                    WIDTH="1561"
                    HEIGHT="79">
            <Shape><Polygon POINTS="121 1309 121 1325 1676 1318 1679 1291 1670 1246 118 1258 121 1309"/></Shape>
	    <String CONTENT="4 ſuo fructificat. quod &amp; in toto mundo faciebat Paulus. At quo modo fructificabat Chri"
                    HPOS="118"
                    VPOS="1246"
                    WIDTH="1561"
                    HEIGHT="79"
                    WC="0.9902097240261648"></String>
          </TextLine>
          <TextLine ID="line_24"
                    TAGREFS="LT8"
                    BASELINE="85 1341 1678 1335" 
                    HPOS="83"
                    VPOS="1306"
                    WIDTH="1595"
                    HEIGHT="57">
            <Shape><Polygon POINTS="85 1341 85 1363 1676 1357 1678 1335 1672 1306 83 1312 85 1341"/></Shape>
	    <String CONTENT="* ſto: Euã gelizãdo. Ideo oſtendit: quid euangeliũ ſit dicens. ¶ Non eni erubeſco euãge¬"
                    HPOS="83"
                    VPOS="1306"
                    WIDTH="1595"
                    HEIGHT="57"></String>
          </TextLine>
          <TextLine ID="line_25"
                    TAGREFS="LT8"
                    BASELINE="85 1383 1678 1379" 
                    HPOS="83"
                    VPOS="1345"
                    WIDTH="1595"
                    HEIGHT="61">
            <Shape><Polygon POINTS="85 1383 85 1406 1676 1402 1678 1379 1672 1345 83 1355 85 1383"/></Shape>
	    <String CONTENT="* liũ CHRISTI. Poteſtas eni dei eſt: ad ſalutem omni credẽtil Iudæo primũ at genti¬"
                    HPOS="83"
                    VPOS="1345"
                    WIDTH="1595"
                    HEIGHT="61"></String>
          </TextLine>
          <TextLine ID="line_26"
                    TAGREFS="LT8"
                    BASELINE="89 1430 1682 1424" 
                    HPOS="87"
                    VPOS="1395"
                    WIDTH="1595"
                    HEIGHT="55">
            <Shape><Polygon POINTS="89 1430 89 1450 1680 1444 1682 1424 1676 1395 87 1400 89 1430"/></Shape>
	    <String CONTENT="* li. Iuſtitia enim dei in eo reuelatur ex fide in fidẽ: ſicut ſcriptũ eſt. Iuſtus autem ex fide"
                    HPOS="87"
                    VPOS="1395"
                    WIDTH="1595"
                    HEIGHT="55"></String>
          </TextLine>
          <TextLine ID="line_27"
                    TAGREFS="LT8"
                    BASELINE="87 1475 1682 1468" 
                    HPOS="85"
                    VPOS="1432"
                    WIDTH="1597"
                    HEIGHT="63">
            <Shape><Polygon POINTS="87 1475 87 1495 1680 1491 1682 1468 1676 1432 85 1444 87 1475"/></Shape>
	    <String CONTENT="* viuet. (I Euangelium primo euãgelizatum eſt Iudæis: vt ex euangelij fide ſalutẽ id eſt"
                    HPOS="85"
                    VPOS="1432"
                    WIDTH="1597"
                    HEIGHT="63"></String>
          </TextLine>
          <TextLine ID="line_28"
                    TAGREFS="LT8"
                    BASELINE="111 1521 1680 1513" 
                    HPOS="109"
                    VPOS="1477"
                    WIDTH="1571"
                    HEIGHT="66">
            <Shape><Polygon POINTS="111 1521 111 1539 1285 1543 1287 1543 1678 1531 1680 1513 1674 1477 109 1491 111 1521"/></Shape>
	    <String CONTENT="vitam æternã conſequerẽtur. ſecundo autem loco prædicatũ eſt gentibus. quẽadmodũ"
                    HPOS="109"
                    VPOS="1477"
                    WIDTH="1571"
                    HEIGHT="66"
                    WC="0.9940163121503942"></String>
          </TextLine>
          <TextLine ID="line_29"
                    TAGREFS="LT8"
                    BASELINE="111 1564 1680 1554" 
                    HPOS="109"
                    VPOS="1527"
                    WIDTH="1571"
                    HEIGHT="59">
            <Shape><Polygon POINTS="111 1564 111 1586 1678 1576 1680 1554 1674 1527 109 1531 111 1564"/></Shape>
	    <String CONTENT="&amp; alio loco de Iudæis dicitur. vobis oportebat primũ loqui verbum dei: ſed quoniã re¬"
                    HPOS="109"
                    VPOS="1527"
                    WIDTH="1571"
                    HEIGHT="59"
                    WC="0.986065578186649"></String>
          </TextLine>
          <TextLine ID="line_30"
                    TAGREFS="LT8"
                    BASELINE="111 1612 1682 1602" 
                    HPOS="109"
                    VPOS="1564"
                    WIDTH="1573"
                    HEIGHT="71">
            <Shape><Polygon POINTS="111 1612 111 1635 1680 1622 1682 1602 1676 1564 677 1578 598 1578 125 1572 123 1572 121 1572 119 1572 109 1578 111 1612"/></Shape>
	    <String CONTENT="pellitis illud/ &amp; indignos vos iudicatis æternæ vitæ/ ecce cõuertimur ad gentes. hac de"
                    HPOS="109"
                    VPOS="1564"
                    WIDTH="1573"
                    HEIGHT="71"></String>
          </TextLine>
          <TextLine ID="line_31"
                    TAGREFS="LT8"
                    BASELINE="111 1653 1682 1645" 
                    HPOS="109"
                    VPOS="1616"
                    WIDTH="1573"
                    HEIGHT="57">
            <Shape><Polygon POINTS="111 1653 111 1673 1680 1667 1682 1645 1676 1616 109 1620 111 1653"/></Shape>
	    <String CONTENT="re non abſone dictum eſt euangelium diuinam eſſe poteſlatem ad ſalutẽ omni creden¬"
                    HPOS="109"
                    VPOS="1616"
                    WIDTH="1573"
                    HEIGHT="57"
                    WC="0.996025728892131"></String>
          </TextLine>
          <TextLine ID="line_32"
                    TAGREFS="LT8"
                    BASELINE="109 1699 1682 1689" 
                    HPOS="107"
                    VPOS="1661"
                    WIDTH="1575"
                    HEIGHT="59">
            <Shape><Polygon POINTS="109 1699 109 1720 1680 1718 1682 1689 1676 1661 107 1669 109 1699"/></Shape>
	    <String CONTENT="til ludæo primum at gentili. Et ad quid iuſtitia dei in euangelio reuelatur ex fide in"
                    HPOS="107"
                    VPOS="1661"
                    WIDTH="1575"
                    HEIGHT="59"
                    WC="0.9942204671344538"></String>
          </TextLine>
          <TextLine ID="line_33"
                    TAGREFS="LT8"
                    BASELINE="111 1740 1680 1732" 
                    HPOS="109"
                    VPOS="1705"
                    WIDTH="1571"
                    HEIGHT="57">
            <Shape><Polygon POINTS="111 1740 111 1762 1678 1760 1680 1732 1676 1705 109 1705 111 1740"/></Shape>
	    <String CONTENT="fidem? Ad ſalutem/ id eſt vitam æternã omni credenti. Ideo bene ſubiungitur cõfirma¬"
                    HPOS="109"
                    VPOS="1705"
                    WIDTH="1571"
                    HEIGHT="57"></String>
          </TextLine>
          <TextLine ID="line_34"
                    TAGREFS="LT8"
                    BASELINE="111 1787 1682 1776" 
                    HPOS="109"
                    VPOS="1746"
                    WIDTH="1573"
                    HEIGHT="61">
            <Shape><Polygon POINTS="111 1787 111 1807 1680 1797 1682 1776 1676 1746 109 1758 111 1787"/></Shape>
	    <String CONTENT="tio huius: iuſtus autem ex fide viuet. Qui enim adhuc fide ambulat nondum vitam il¬"
                    HPOS="109"
                    VPOS="1746"
                    WIDTH="1573"
                    HEIGHT="61"
                    WC="0.9805749051542167"></String>
          </TextLine>
          <TextLine ID="line_35"
                    TAGREFS="LT8"
                    BASELINE="109 1829 1682 1821" 
                    HPOS="107"
                    VPOS="1787"
                    WIDTH="1575"
                    HEIGHT="64">
            <Shape><Polygon POINTS="109 1829 109 1851 1682 1847 1682 1821 1676 1787 107 1801 109 1829"/></Shape>
	    <String CONTENT="lam appræhendit/ nondum vitam æterñam viuit: ſed viuet. ſicut dominus ait. Nemo"
                    HPOS="107"
                    VPOS="1787"
                    WIDTH="1575"
                    HEIGHT="64"></String>
          </TextLine>
          <TextLine ID="line_36"
                    TAGREFS="LT8"
                    BASELINE="113 1876 1682 1866" 
                    HPOS="111"
                    VPOS="1839"
                    WIDTH="1571"
                    HEIGHT="57">
            <Shape><Polygon POINTS="113 1876 113 1896 1680 1890 1682 1866 1676 1839 111 1841 113 1876"/></Shape>
	    <String CONTENT="eſt relinquens domũ aut parentes aut fratres/aut vxorem/ aut filium propter regnum"
                    HPOS="111"
                    VPOS="1839"
                    WIDTH="1571"
                    HEIGHT="57"></String>
          </TextLine>
          <TextLine ID="line_37"
                    TAGREFS="LT8"
                    BASELINE="113 1918 1684 1908" 
                    HPOS="111"
                    VPOS="1882"
                    WIDTH="1573"
                    HEIGHT="59">
            <Shape><Polygon POINTS="113 1918 113 1941 1682 1934 1684 1908 1678 1882 111 1886 113 1918"/></Shape>
	    <String CONTENT="dei: qui non recipiat multo plura in hoc tempore / &amp; in ſæculo futuro vitam æter¬"
                    HPOS="111"
                    VPOS="1882"
                    WIDTH="1573"
                    HEIGHT="59"></String>
          </TextLine>
          <TextLine ID="line_38"
                    TAGREFS="LT8"
                    BASELINE="113 1963 1682 1955" 
                    HPOS="111"
                    VPOS="1926"
                    WIDTH="1571"
                    HEIGHT="59">
            <Shape><Polygon POINTS="113 1963 113 1985 1680 1977 1682 1955 1676 1926 111 1934 113 1963"/></Shape>
	    <String CONTENT="nam. conſumata igitur ex fide vita: in futuro ſęculo expectatur. At quæret quiſpiã: quo"
                    HPOS="111"
                    VPOS="1926"
                    WIDTH="1571"
                    HEIGHT="59"
                    WC="0.9931352774748642"></String>
          </TextLine>
          <TextLine ID="line_39"
                    TAGREFS="LT8"
                    BASELINE="113 2009 1684 1997" 
                    HPOS="111"
                    VPOS="1961"
                    WIDTH="1573"
                    HEIGHT="71">
            <Shape><Polygon POINTS="113 2009 113 2032 1682 2018 1684 1997 1680 1971 1423 1961 1421 1961 1143 1973 924 1965 922 1965 920 1965 894 1975 133 1971 131 1971 129 1971 111 1979 113 2009"/></Shape>
	    <String CONTENT="modo iuſtitia dei in euangelio reuelatur ex fide in fidem? Iuſtitia dei: Chriſtus domi¬"
                    HPOS="111"
                    VPOS="1961"
                    WIDTH="1573"
                    HEIGHT="71"></String>
          </TextLine>
          <TextLine ID="line_40"
                    TAGREFS="LT8"
                    BASELINE="113 2052 1682 2044" 
                    HPOS="111"
                    VPOS="2015"
                    WIDTH="1571"
                    HEIGHT="59">
            <Shape><Polygon POINTS="113 2052 113 2074 1680 2070 1682 2044 1676 2015 111 2015 113 2052"/></Shape>
	    <String CONTENT="nus eſt. qui ex fide i fidem: in euãgelio reuelatur. Nam patrem omnia poſſe: illic legis."
                    HPOS="111"
                    VPOS="2015"
                    WIDTH="1571"
                    HEIGHT="59"
                    WC="0.9964574350251092"></String>
          </TextLine>
          <TextLine ID="line_41"
                    TAGREFS="LT8"
                    BASELINE="113 2097 1686 2088" 
                    HPOS="111"
                    VPOS="2056"
                    WIDTH="1575"
                    HEIGHT="63">
            <Shape><Polygon POINTS="113 2097 113 2119 1684 2111 1686 2088 1680 2056 111 2060 113 2097"/></Shape>
	    <String CONTENT="Abba pater (inquit) omnia tibi poiſibilia ſunt. Creatorem cœli &amp; terræ. Nam quid hoc"
                    HPOS="111"
                    VPOS="2056"
                    WIDTH="1575"
                    HEIGHT="63"
                    WC="0.9980668908073789"></String>
          </TextLine>
          <TextLine ID="line_42"
                    TAGREFS="LT8"
                    BASELINE="115 2141 1686 2133" 
                    HPOS="113"
                    VPOS="2101"
                    WIDTH="1573"
                    HEIGHT="60">
            <Shape><Polygon POINTS="115 2141 115 2161 1684 2153 1686 2133 1682 2101 628 2101 626 2101 514 2111 502 2111 476 2111 141 2103 139 2103 137 2103 113 2111 115 2141"/></Shape>
	    <String CONTENT="aliud: confitebor tibi pater domine cœli &amp; terræ? Iheſum Chriſtum filium dei cõceptũ"
                    HPOS="113"
                    VPOS="2101"
                    WIDTH="1573"
                    HEIGHT="60"
                    WC="0.9975243910800579"></String>
          </TextLine>
          <TextLine ID="line_43"
                    TAGREFS="LT8"
                    BASELINE="115 2186 1682 2174" 
                    HPOS="113"
                    VPOS="2139"
                    WIDTH="1569"
                    HEIGHT="69">
            <Shape><Polygon POINTS="115 2186 115 2208 1680 2204 1682 2174 1676 2139 113 2149 115 2186"/></Shape>
	    <String CONTENT="de ſpiritu ſancto/natum ex Maria virgine: leges apud Lucam. Sed &amp; filium dei vnicũ/"
                    HPOS="113"
                    VPOS="2139"
                    WIDTH="1569"
                    HEIGHT="69"></String>
          </TextLine>
          <TextLine ID="line_44"
                    TAGREFS="LT8"
                    BASELINE="115 2226 656 2232 1684 2220" 
                    HPOS="113"
                    VPOS="2192"
                    WIDTH="1571"
                    HEIGHT="61">
            <Shape><Polygon POINTS="115 2226 115 2253 1682 2248 1684 2220 1678 2192 113 2192 115 2226"/></Shape>
	    <String CONTENT="id eſt vnigenitum: apud Ioannem. &amp; vidimus inquit gloriam eius tanq̃ vnigeniti a pa"
                    HPOS="113"
                    VPOS="2192"
                    WIDTH="1571"
                    HEIGHT="61"
                    WC="0.983267192380974"></String>
          </TextLine>
          <TextLine ID="line_45"
                    TAGREFS="LT8"
                    BASELINE="115 2275 1690 2263" 
                    HPOS="113"
                    VPOS="2236"
                    WIDTH="1577"
                    HEIGHT="61">
            <Shape><Polygon POINTS="115 2275 115 2297 1688 2285 1690 2263 1684 2236 113 2244 115 2275"/></Shape>
	    <String CONTENT="tre/ plenum gratiæ &amp; veritatis. Paſſum ſub pontio Pilato/crucifixum/ mortuũ &amp; ſepul¬"
                    HPOS="113"
                    VPOS="2236"
                    WIDTH="1577"
                    HEIGHT="61"></String>
          </TextLine>
          <TextLine ID="line_46"
                    TAGREFS="LT8"
                    BASELINE="115 2317 1692 2309" 
                    HPOS="113"
                    VPOS="2275"
                    WIDTH="1579"
                    HEIGHT="69">
            <Shape><Polygon POINTS="115 2317 115 2344 1690 2332 1692 2309 1686 2275 113 2289 115 2317"/></Shape>
	    <String CONTENT="tum: apud quatuor euangeliſtas. Deſcendiſſe ad inferos: apud Matthæum in parabola"
                    HPOS="113"
                    VPOS="2275"
                    WIDTH="1579"
                    HEIGHT="69"
                    WC="0.991435350459299"></String>
          </TextLine>
          <TextLine ID="line_47"
                    TAGREFS="LT8"
                    BASELINE="119 2364 1692 2354" 
                    HPOS="117"
                    VPOS="2321"
                    WIDTH="1575"
                    HEIGHT="63">
            <Shape><Polygon POINTS="119 2364 119 2384 1690 2374 1692 2354 1686 2321 117 2328 119 2364"/></Shape>
	    <String CONTENT="ceti lonæ. ſicut enim (inquit) fuit Ionas in ventre ceti tribus diebus &amp; tribus noctibꝯ:"
                    HPOS="117"
                    VPOS="2321"
                    WIDTH="1575"
                    HEIGHT="63"></String>
          </TextLine>
          <TextLine ID="line_48"
                    TAGREFS="LT8"
                    BASELINE="115 2404 760 2409 1694 2394" 
                    HPOS="113"
                    VPOS="2360"
                    WIDTH="1581"
                    HEIGHT="67">
            <Shape><Polygon POINTS="115 2404 115 2427 1694 2417 1694 2394 1688 2360 113 2372 115 2404"/></Shape>
	    <String CONTENT="ſic erit filius hominis in corde terræ/tribus diebus &amp; tribus noctibus. Quid enim per"
                    HPOS="113"
                    VPOS="2360"
                    WIDTH="1581"
                    HEIGHT="67"></String>
          </TextLine>
          <TextLine ID="line_49"
                    TAGREFS="LT8"
                    BASELINE="115 2451 1692 2441" 
                    HPOS="113"
                    VPOS="2409"
                    WIDTH="1579"
                    HEIGHT="64">
            <Shape><Polygon POINTS="115 2451 115 2473 1690 2463 1692 2441 1686 2409 113 2417 115 2451"/></Shape>
	    <String CONTENT="cetum qui &amp; leuiathan dicitur: niſi infernus intelligitur? Quod &amp; Paulus per ſpiritum"
                    HPOS="113"
                    VPOS="2409"
                    WIDTH="1579"
                    HEIGHT="64"></String>
          </TextLine>
          <TextLine ID="line_50"
                    TAGREFS="LT8"
                    BASELINE="117 2496 1690 2486" 
                    HPOS="115"
                    VPOS="2457"
                    WIDTH="1575"
                    HEIGHT="57">
            <Shape><Polygon POINTS="117 2496 117 2514 1690 2506 1690 2486 1684 2457 115 2459 117 2496"/></Shape>
	    <String CONTENT="intelligens: ait. ꝙ autem aſcendit: quid eſt niſi quia &amp; deſcendit/ primum in inferiores"
                    HPOS="115"
                    VPOS="2457"
                    WIDTH="1575"
                    HEIGHT="57"></String>
          </TextLine>
          <TextLine ID="line_51"
                    TAGREFS="LT8"
                    BASELINE="121 2540 1692 2528" 
                    HPOS="119"
                    VPOS="2494"
                    WIDTH="1573"
                    HEIGHT="75">
            <Shape><Polygon POINTS="121 2540 121 2569 1692 2548 1692 2528 1686 2494 119 2504 121 2540"/></Shape>
	    <String CONTENT="partes terræ. Tertia die ſurrexiſſe a mortuis: apud Matthæum/ Marcũ/ &amp; Lucam. Ad"
                    HPOS="119"
                    VPOS="2494"
                    WIDTH="1573"
                    HEIGHT="75"></String>
          </TextLine>
          <TextLine ID="line_52"
                    TAGREFS="LT8"
                    BASELINE="125 2585 1694 2575" 
                    HPOS="123"
                    VPOS="2544"
                    WIDTH="1571"
                    HEIGHT="61">
            <Shape><Polygon POINTS="125 2585 125 2605 1692 2597 1694 2575 1688 2544 123 2556 125 2585"/></Shape>
	    <String CONTENT="cœlos aſcendiſſe &amp; ſedere ad dexteram patris: apud Marcum. aſſumptus eſt inquit in"
                    HPOS="123"
                    VPOS="2544"
                    WIDTH="1571"
                    HEIGHT="61"
                    WC="0.9980382614019441"></String>
          </TextLine>
          <TextLine ID="line_53"
                    TAGREFS="LT8"
                    BASELINE="125 2623 871 2629 1692 2617" 
                    HPOS="123"
                    VPOS="2591"
                    WIDTH="1569"
                    HEIGHT="61">
            <Shape><Polygon POINTS="125 2623 125 2648 1392 2652 1394 2652 1690 2640 1692 2617 1686 2591 123 2593 125 2623"/></Shape>
	    <String CONTENT="cœlum: &amp; ſedet a dextris dei. Venturum iudicare viuos &amp; mortuos: apud Matthæum."
                    HPOS="123"
                    VPOS="2591"
                    WIDTH="1569"
                    HEIGHT="61"
                    WC="0.9986871428127531"></String>
          </TextLine>
          <TextLine ID="line_54"
                    TAGREFS="LT8"
                    BASELINE="125 2672 1696 2662" 
                    HPOS="123"
                    VPOS="2631"
                    WIDTH="1573"
                    HEIGHT="63">
            <Shape><Polygon POINTS="125 2672 125 2694 1694 2684 1696 2662 1690 2631 123 2640 125 2672"/></Shape>
	    <String CONTENT="Cum autẽ venerit (inquit) filius hominis in maieſtate ſua /&amp; omnes angeli cum eo:tũc"
                    HPOS="123"
                    VPOS="2631"
                    WIDTH="1573"
                    HEIGHT="63"></String>
          </TextLine>
          <TextLine ID="line_55"
                    TAGREFS="LT8"
                    BASELINE="121 2712 869 2719 1696 2706" 
                    HPOS="119"
                    VPOS="2678"
                    WIDTH="1577"
                    HEIGHT="63">
            <Shape><Polygon POINTS="121 2712 121 2737 1423 2741 1425 2741 1694 2729 1696 2706 1690 2678 119 2678 121 2712"/></Shape>
	    <String CONTENT="ſedebit ſuper ſedẽ maieſtatis ſuæ/ &amp; cõgregabũtur ante eũ omnes gẽtes. &amp; ſubdit. tunc"
                    HPOS="119"
                    VPOS="2678"
                    WIDTH="1577"
                    HEIGHT="63"></String>
          </TextLine>
          <TextLine ID="line_56"
                    TAGREFS="LT8"
                    BASELINE="123 2755 770 2763 1696 2749" 
                    HPOS="121"
                    VPOS="2717"
                    WIDTH="1575"
                    HEIGHT="64">
            <Shape><Polygon POINTS="123 2755 123 2781 1694 2771 1696 2749 1690 2717 121 2725 123 2755"/></Shape>
	    <String CONTENT="dicet rex ijs qui a dextris eius erũt: venite benedicti patris mei/poſſidete regnũ paratũ"
                    HPOS="121"
                    VPOS="2717"
                    WIDTH="1575"
                    HEIGHT="64"></String>
          </TextLine>
          <TextLine ID="line_57"
                    TAGREFS="LT8"
                    BASELINE="123 2802 735 2808 1698 2796" 
                    HPOS="121"
                    VPOS="2759"
                    WIDTH="1577"
                    HEIGHT="69">
            <Shape><Polygon POINTS="123 2802 123 2828 1696 2820 1698 2796 1694 2769 1443 2759 1441 2759 1439 2759 1437 2759 1423 2769 1421 2769 1400 2769 1151 2761 1149 2761 1147 2761 1117 2771 1111 2771 1090 2771 981 2763 979 2763 121 2773 123 2802"/></Shape>
	    <String CONTENT="vobis a cõſtitutione mũdi. &amp; deinde. &amp; ijs ꝗ a finiſtris erũt: diſcedite a me maledicti in"
                    HPOS="121"
                    VPOS="2759"
                    WIDTH="1577"
                    HEIGHT="69"
                    WC="0.9824171764876253"></String>
          </TextLine>
          <TextLine ID="line_58"
                    TAGREFS="LT8"
                    BASELINE="123 2846 709 2852 1696 2838" 
                    HPOS="121"
                    VPOS="2804"
                    WIDTH="1575"
                    HEIGHT="69">
            <Shape><Polygon POINTS="123 2846 123 2873 1694 2858 1696 2838 1690 2804 121 2810 123 2846"/></Shape>
	    <String CONTENT="ignẽ æternũ qui paratus eſt diabolo &amp; angelis eius. Spiritũ ſanctũ/ ſanctã eccleſiã vno"
                    HPOS="121"
                    VPOS="2804"
                    WIDTH="1575"
                    HEIGHT="69"></String>
          </TextLine>
          <TextLine ID="line_59"
                    TAGREFS="LT8"
                    BASELINE="121 2891 776 2897 1705 2881" 
                    HPOS="121"
                    VPOS="2846"
                    WIDTH="1584"
                    HEIGHT="101">
            <Shape><Polygon POINTS="121 2929 156 2929 174 2943 176 2943 178 2943 180 2943 182 2943 227 2927 231 2925 466 2925 470 2925 519 2947 521 2947 523 2947 525 2947 549 2937 790 2947 792 2947 794 2947 865 2925 904 2925 930 2945 932 2945 934 2945 936 2947 1054 2947 1054 2945 1056 2945 1096 2923 1139 2943 1141 2943 1143 2945 1206 2945 1206 2943 1366 2923 1433 2937 1435 2937 1437 2937 1490 2919 1498 2915 1581 2915 1589 2919 1603 2927 1605 2927 1607 2927 1609 2927 1705 2917 1705 2881 1698 2846 1295 2858 1137 2850 1121 2850 1119 2850 1115 2850 1068 2860 121 2860 121 2891 121 2929"/></Shape>
	    <String CONTENT="baptiſmate ablutã/ ex hoc apud Mattheu: eũtes ergo docete oës gẽtes baptizãtes eos/ i"
                    HPOS="121"
                    VPOS="2846"
                    WIDTH="1584"
                    HEIGHT="101"></String>
          </TextLine>
        </TextBlock>
        <TextBlock HPOS="49"
                   VPOS="775"
                   WIDTH="59"
                   HEIGHT="57"
                   ID="eSc_textblock_725a5c46"
                   TAGREFS="BT15">
          <Shape><Polygon POINTS="49 775 49 832 108 832 108 775"/></Shape>
          <TextLine ID="eSc_line_74640508"
                    TAGREFS="LT8"
                    BASELINE="75 825 99 825" 
                    HPOS="73"
                    VPOS="778"
                    WIDTH="24"
                    HEIGHT="63">
            <Shape><Polygon POINTS="73 778 73 823 73 835 94 841 97 823 97 778 73 778"/></Shape>
	    <String CONTENT=""
                    HPOS="73"
                    VPOS="778"
                    WIDTH="24"
                    HEIGHT="63"></String>
          </TextLine>
        </TextBlock>
        <TextBlock HPOS="781"
                   VPOS="210"
                   WIDTH="97"
                   HEIGHT="71"
                   ID="eSc_textblock_cecc944e"
                   TAGREFS="BT18">
          <Shape><Polygon POINTS="781 210 781 281 878 281 878 210"/></Shape>
          <TextLine ID="eSc_line_1ec2d34b"
                    TAGREFS="LT10"
                    BASELINE="798 273 861 273" 
                    HPOS="797"
                    VPOS="182"
                    WIDTH="60"
                    HEIGHT="112">
            <Shape><Polygon POINTS="797 294 857 288 857 270 854 182 797 194 797 270"/></Shape>
	    <String CONTENT="1"
                    HPOS="797"
                    VPOS="182"
                    WIDTH="60"
                    HEIGHT="112"
                    WC="0.999968409538269"></String>
          </TextLine>
        </TextBlock>
        <TextBlock HPOS="55"
                   VPOS="1260"
                   WIDTH="56"
                   HEIGHT="61"
                   ID="eSc_textblock_a4bf9c0b"
                   TAGREFS="BT15">
          <Shape><Polygon POINTS="55 1260 55 1321 111 1321 111 1260"/></Shape>
          <TextLine ID="eSc_line_4ef9a220"
                    TAGREFS="LT8"
                    BASELINE="67 1308 100 1308" 
                    HPOS="66"
                    VPOS="1261"
                    WIDTH="31"
                    HEIGHT="79">
            <Shape><Polygon POINTS="66 1261 66 1306 69 1340 97 1325 97 1306 97 1261 66 1261"/></Shape>
	    <String CONTENT=""
                    HPOS="66"
                    VPOS="1261"
                    WIDTH="31"
                    HEIGHT="79"></String>
          </TextLine>
        </TextBlock>
        <TextBlock HPOS="1576"
                   VPOS="221"
                   WIDTH="73"
                   HEIGHT="60"
                   ID="block_3"
                   TAGREFS="BT15">
          <Shape><Polygon POINTS="1649 221 1649 281 1576 281 1576 221"/></Shape>
          <TextLine ID="line_0"
                    TAGREFS="LT8"
                    BASELINE="1575 255 1646 255" 
                    HPOS="1575"
                    VPOS="218"
                    WIDTH="71"
                    HEIGHT="69">
            <Shape><Polygon POINTS="1575 277 1644 287 1646 255 1646 218 1575 218 1575 255"/></Shape>
	    <String CONTENT="68"
                    HPOS="1575"
                    VPOS="218"
                    WIDTH="71"
                    HEIGHT="69"
                    WC="0.9999964237213135"></String>
          </TextLine>
        </TextBlock>
        <TextBlock HPOS="1795"
                   VPOS="161"
                   WIDTH="91"
                   HEIGHT="63"
                   ID="block_2"
                   TAGREFS="BT15">
          <Shape><Polygon POINTS="1886 161 1886 224 1795 224 1795 161"/></Shape>
          <TextLine ID="line_61"
                    TAGREFS="LT8"
                    BASELINE="1788 202 1883 198" 
                    HPOS="1784"
                    VPOS="147"
                    WIDTH="99"
                    HEIGHT="124">
            <Shape><Polygon POINTS="1790 253 1883 271 1883 198 1877 162 1846 162 1844 160 1832 149 1832 147 1830 147 1828 147 1826 147 1824 147 1784 158 1788 202"/></Shape>
	    <String CONTENT="Ro."
                    HPOS="1784"
                    VPOS="147"
                    WIDTH="99"
                    HEIGHT="124"
                    WC="0.998299221197764"></String>
          </TextLine>
        </TextBlock>
        <TextBlock HPOS="1488"
                   VPOS="2908"
                   WIDTH="129"
                   HEIGHT="64"
                   ID="block_0"
                   TAGREFS="BT17">
          <Shape><Polygon POINTS="1617 2908 1617 2972 1488 2972 1488 2908"/></Shape>
          <TextLine ID="line_60"
                    TAGREFS="LT8"
                    BASELINE="1486 2939 1611 2943" 
                    HPOS="1484"
                    VPOS="2895"
                    WIDTH="127"
                    HEIGHT="113">
            <Shape><Polygon POINTS="1486 2939 1484 2984 1553 3008 1555 3008 1557 3008 1609 2998 1611 2943 1611 2907 1581 2895 1579 2895 1577 2895 1486 2903 1486 2939"/></Shape>
	    <String CONTENT="i.iij."
                    HPOS="1484"
                    VPOS="2895"
                    WIDTH="127"
                    HEIGHT="113"
                    WC="0.9655311008294424"></String>
          </TextLine>
        </TextBlock>
      </PrintSpace>
    </Page>
  </Layout>
</alto>
