<?xml version="1.0" encoding="UTF-8"?>
<alto xmlns:xsi="http://www.w3.org/2001/XMLSchema-instance"
      xmlns="http://www.loc.gov/standards/alto/ns-v4#"
      xsi:schemaLocation="http://www.loc.gov/standards/alto/ns-v4# http://www.loc.gov/standards/alto/v4/alto-4-2.xsd">
  <Description>
    <MeasurementUnit>pixel</MeasurementUnit>
    <sourceImageInformation>
      <fileName>bsb11059254_00209.jpg</fileName>
    </sourceImageInformation>
  </Description>
  <Tags>
    <OtherTag ID="BT7" LABEL="CustomZone" DESCRIPTION="block type CustomZone"/><OtherTag ID="BT8" LABEL="DamageZone" DESCRIPTION="block type DamageZone"/><OtherTag ID="BT9" LABEL="DigitizationArtefactZone" DESCRIPTION="block type DigitizationArtefactZone"/><OtherTag ID="BT10" LABEL="DropCapitalZone" DESCRIPTION="block type DropCapitalZone"/><OtherTag ID="BT11" LABEL="GraphicZone" DESCRIPTION="block type GraphicZone"/><OtherTag ID="BT12" LABEL="MainZone" DESCRIPTION="block type MainZone"/><OtherTag ID="BT13" LABEL="MarginTextZone" DESCRIPTION="block type MarginTextZone"/><OtherTag ID="BT14" LABEL="MusicZone" DESCRIPTION="block type MusicZone"/><OtherTag ID="BT15" LABEL="NumberingZone" DESCRIPTION="block type NumberingZone"/><OtherTag ID="BT17" LABEL="QuireMarksZone" DESCRIPTION="block type QuireMarksZone"/><OtherTag ID="BT18" LABEL="RunningTitleZone" DESCRIPTION="block type RunningTitleZone"/><OtherTag ID="BT19" LABEL="SealZone" DESCRIPTION="block type SealZone"/><OtherTag ID="BT20" LABEL="StampZone" DESCRIPTION="block type StampZone"/><OtherTag ID="BT21" LABEL="TableZone" DESCRIPTION="block type TableZone"/><OtherTag ID="BT22" LABEL="TitlePageZone" DESCRIPTION="block type TitlePageZone"/><OtherTag ID="BT992" LABEL="MainZone-Head" DESCRIPTION="block type MainZone-Head"/><OtherTag ID="BT993" LABEL="MainZone-P" DESCRIPTION="block type MainZone-P"/><OtherTag ID="BT994" LABEL="MainZone-P-Continued" DESCRIPTION="block type MainZone-P-Continued"/><OtherTag ID="BT995" LABEL="MarginTextZone-ManuscriptAddendum" DESCRIPTION="block type MarginTextZone-ManuscriptAddendum"/>
    <OtherTag ID="LT7" LABEL="CustomLine" DESCRIPTION="line type CustomLine"/><OtherTag ID="LT8" LABEL="DefaultLine" DESCRIPTION="line type DefaultLine"/><OtherTag ID="LT9" LABEL="DropCapitalLine" DESCRIPTION="line type DropCapitalLine"/><OtherTag ID="LT10" LABEL="HeadingLine" DESCRIPTION="line type HeadingLine"/><OtherTag ID="LT11" LABEL="InterlinearLine" DESCRIPTION="line type InterlinearLine"/><OtherTag ID="LT12" LABEL="MusicLine" DESCRIPTION="line type MusicLine"/>
  </Tags>
  <Layout>
    <Page WIDTH="2286"
          HEIGHT="3642"
          PHYSICAL_IMG_NR="6"
          ID="eSc_dummypage_">
      <PrintSpace HPOS="0"
                  VPOS="0"
                  WIDTH="2286"
                  HEIGHT="3642">
        <TextBlock HPOS="58"
                   VPOS="255"
                   WIDTH="1730"
                   HEIGHT="2692"
                   ID="block_0"
                   TAGREFS="BT994">
          <Shape><Polygon POINTS="1788 255 1774 2947 76 2942 68 445 58 256"/></Shape>
          <TextLine ID="line_2"
                    TAGREFS="LT8"
                    BASELINE="159 287 1753 311" 
                    HPOS="157.0"
                    VPOS="208.0"
                    WIDTH="1596.0"
                    HEIGHT="119.0">
            <Shape><Polygon POINTS="157 307 1749 327 1753 311 1751 248 1623 254 1585 244 1561 236 1559 236 1557 236 1555 236 1553 236 1544 242 1530 254 1490 254 1459 240 1423 226 1421 226 1354 224 1257 224 1255 224 1253 224 1251 224 1233 236 1214 246 1040 234 1038 234 965 244 919 228 917 228 915 228 913 228 911 228 909 228 858 240 803 234 791 226 779 216 777 216 775 216 773 216 771 216 743 224 706 236 660 224 658 224 656 224 573 230 560 220 550 212 548 212 546 212 544 212 542 212 516 220 504 222 467 218 388 210 386 210 384 210 370 216 358 222 328 216 293 208 291 208 289 208 267 214 208 232 161 212 159 287 157 307"/></Shape>
	    <String CONTENT="vbi Paulus tã ſæpe reſumit vocatus vocati vocatis nome eſte eλurὸσ (vt &amp; iã preta"
                    HPOS="157.0"
                    VPOS="208.0"
                    WIDTH="1596.0"
                    HEIGHT="119.0"
                    WC="0.9666224217840603"></String>
          </TextLine>
          <TextLine ID="line_3"
                    TAGREFS="LT8"
                    BASELINE="145 331 1757 354" 
                    HPOS="143.0"
                    VPOS="295.0"
                    WIDTH="1614.0"
                    HEIGHT="83.0">
            <Shape><Polygon POINTS="145 331 143 348 1753 378 1757 354 1757 315 145 295 145 331"/></Shape>
	    <String CONTENT="ctũ eſt) nõ participiũ deſignat id vocabulũ accitos accerſitos at inuiratos. ¶] Vul"
                    HPOS="143.0"
                    VPOS="295.0"
                    WIDTH="1614.0"
                    HEIGHT="83.0"
                    WC="0.9827208331461703"></String>
          </TextLine>
          <TextLine ID="line_4"
                    TAGREFS="LT8"
                    BASELINE="106 380 1749 398" 
                    HPOS="100"
                    VPOS="333"
                    WIDTH="1648"
                    HEIGHT="82">
            <Shape><Polygon POINTS="103 379 100 397 1742 415 1748 397 1745 355 112 333 103 379"/></Shape>
	    <String CONTENT="gata æditio. Gr̃a vobis &amp; pax a deo patre &amp; dño noſtro IHESV CHRISTO. (LLegẽ¬"
                    HPOS="100"
                    VPOS="333"
                    WIDTH="1648"
                    HEIGHT="82"
                    WC="0.9782099059865444"></String>
          </TextLine>
          <TextLine ID="line_5"
                    TAGREFS="LT8"
                    BASELINE="143 418 1753 443" 
                    HPOS="141.0"
                    VPOS="388.0"
                    WIDTH="1612.0"
                    HEIGHT="73.0">
            <Shape><Polygon POINTS="143 418 141 437 1749 461 1753 443 1751 408 143 388 143 418"/></Shape>
	    <String CONTENT="dum ex Paulo a deo patre noſtro &amp; domino Iheſu Chriſto. Paulus. γάρισ ὐμῖμ καὶ"
                    HPOS="141.0"
                    VPOS="388.0"
                    WIDTH="1612.0"
                    HEIGHT="73.0"
                    WC="0.9815247836636334"></String>
          </TextLine>
          <TextLine ID="line_6"
                    TAGREFS="LT8"
                    BASELINE="141 467 1024 483 1745 483" 
                    HPOS="139.0"
                    VPOS="428.0"
                    WIDTH="1606.0"
                    HEIGHT="75.0">
            <Shape><Polygon POINTS="141 467 139 487 1741 503 1745 483 1743 447 141 428 141 467"/></Shape>
	    <String CONTENT="Ε t ou pu ἀττὸ θεοὺ πατρὸσ υμῶμ κυρίoυ luσoϋ xρισοῦ. At hic addubitãt: an potio"
                    HPOS="139.0"
                    VPOS="428.0"
                    WIDTH="1606.0"
                    HEIGHT="75.0"
                    WC="0.9602233957160603"></String>
          </TextLine>
          <TextLine ID="line_7"
                    TAGREFS="LT8"
                    BASELINE="143 509 1741 528" 
                    HPOS="141"
                    VPOS="483"
                    WIDTH="1600"
                    HEIGHT="63">
            <Shape><Polygon POINTS="1702 509 1682 509 1662 509 1642 509 1621 509 1601 509 1581 509 1561 509 1540 509 1520 509 1500 509 1480 509 1459 509 1439 509 1419 509 1399 509 1378 509 1358 509 1338 509 1318 509 1297 509 1277 509 1257 509 1237 509 1216 509 1196 509 1176 509 1156 509 1135 509 1115 509 1095 509 1075 509 1054 509 1034 509 1014 509 994 509 973 509 953 509 933 509 913 509 892 509 872 509 852 509 832 509 811 509 791 509 771 509 751 509 730 509 710 509 690 509 670 509 649 509 629 509 609 509 589 509 568 509 548 509 528 509 508 509 487 509 467 509 447 509 427 509 406 509 386 509 366 509 346 509 323 509 303 509 283 509 263 509 242 509 222 509 210 483 143 483 143 509 141 528 1737 546 1741 528 1739 509 1723 509"/></Shape>
	    <String CONTENT="diccuui a deo patre noitro &amp; domino Inelu Chriſtot an &amp; domini Iheſu Chriſti, per¬"
                    HPOS="141"
                    VPOS="483"
                    WIDTH="1600"
                    HEIGHT="63"
                    WC="0.9735775662631523"></String>
          </TextLine>
          <TextLine ID="line_8"
                    TAGREFS="LT8"
                    BASELINE="137 554 1741 574" 
                    HPOS="135.0"
                    VPOS="515.0"
                    WIDTH="1606.0"
                    HEIGHT="77.0">
            <Shape><Polygon POINTS="218 546 200 517 137 515 137 554 135 574 1737 592 1741 574 1739 536 1113 536 963 526 935 524 933 524 913 524 811 532 730 522 720 522 718 522 710 522 645 530 603 519 595 519 593 519 573 519 453 528 232 517 218 546"/></Shape>
	    <String CONTENT="inde ac diceremus: gratia vobis &amp; pax a deo patre noſtro &amp; patre dñi Iheſu Chriſti."
                    HPOS="135.0"
                    VPOS="515.0"
                    WIDTH="1606.0"
                    HEIGHT="77.0"
                    WC="0.9978726924884886"></String>
          </TextLine>
          <TextLine ID="line_9"
                    TAGREFS="LT8"
                    BASELINE="141 598 1743 617" 
                    HPOS="139.0"
                    VPOS="562.0"
                    WIDTH="1604.0"
                    HEIGHT="79.0">
            <Shape><Polygon POINTS="222 590 204 562 141 562 141 598 139 617 1739 641 1743 617 1741 578 236 562 222 590"/></Shape>
	    <String CONTENT="Verum Chriſti nomẽ ad bonæ imprecationis ſubintellectum verbum &amp; præpoſitionẽ"
                    HPOS="139.0"
                    VPOS="562.0"
                    WIDTH="1604.0"
                    HEIGHT="79.0"
                    WC="0.995840990090672"></String>
          </TextLine>
          <TextLine ID="line_10"
                    TAGREFS="LT8"
                    BASELINE="135 643 1745 663" 
                    HPOS="133.0"
                    VPOS="611.0"
                    WIDTH="1612.0"
                    HEIGHT="76.0">
            <Shape><Polygon POINTS="135 643 133 659 1741 687 1745 663 1745 631 135 611 135 643"/></Shape>
	    <String CONTENT="eſſe hic referendum nõ ad patrem! &amp; dicẽdum eſſe &amp; domino Iheſu Chriſto: intelligere"
                    HPOS="133.0"
                    VPOS="611.0"
                    WIDTH="1612.0"
                    HEIGHT="76.0"
                    WC="0.9963431593983673"></String>
          </TextLine>
          <TextLine ID="line_11"
                    TAGREFS="LT8"
                    BASELINE="135 687 1737 706" 
                    HPOS="133.0"
                    VPOS="649.0"
                    WIDTH="1604.0"
                    HEIGHT="81.0">
            <Shape><Polygon POINTS="135 687 133 712 1733 730 1737 706 1735 675 135 649 135 687"/></Shape>
	    <String CONTENT="debuerunt ex epiſtola prima ad Timotheum. vbi dicitur gratia &amp; miſericordia &amp; pax"
                    HPOS="133.0"
                    VPOS="649.0"
                    WIDTH="1604.0"
                    HEIGHT="81.0"
                    WC="0.986894561920637"></String>
          </TextLine>
          <TextLine ID="line_12"
                    TAGREFS="LT8"
                    BASELINE="133 734 1737 750" 
                    HPOS="131.0"
                    VPOS="702.0"
                    WIDTH="1606.0"
                    HEIGHT="68.0">
            <Shape><Polygon POINTS="133 734 131 758 1733 770 1737 750 1735 718 133 702 133 734"/></Shape>
	    <String CONTENT="a deo patre &amp; Chriſto Iheſu domino noſtro. &amp; ex epiſtola ad Titũ. gratia &amp; pax a deo"
                    HPOS="131.0"
                    VPOS="702.0"
                    WIDTH="1606.0"
                    HEIGHT="68.0"
                    WC="0.994581644675311"></String>
          </TextLine>
          <TextLine ID="line_13"
                    TAGREFS="LT8"
                    BASELINE="92 797 1731 795" 
                    HPOS="88"
                    VPOS="743"
                    WIDTH="1642"
                    HEIGHT="73">
            <Shape><Polygon POINTS="91 795 91 813 1724 816 1730 792 1724 752 88 743 91 795"/></Shape>
	    <String CONTENT="patre &amp; Chriſto Iheſu ſaluatore noſtro. ¶ Vulgata æditio. Teſtis enim michi eſt deus:"
                    HPOS="88"
                    VPOS="743"
                    WIDTH="1642"
                    HEIGHT="73"
                    WC="0.9945640002979952"></String>
          </TextLine>
          <TextLine ID="line_14"
                    TAGREFS="LT8"
                    BASELINE="100 839 1733 843" 
                    HPOS="94"
                    VPOS="792"
                    WIDTH="1636"
                    HEIGHT="69">
            <Shape><Polygon POINTS="1703 792 1672 792 1642 792 1612 792 1581 792 1551 792 1520 792 1490 792 1460 792 1429 792 1399 792 1369 792 1338 792 97 792 97 837 94 861 1727 861 1730 840 1727 792 1703 792"/></Shape>
	    <String CONTENT="cui ſeruio in ſpiritu meo. ¶Potius quẽ colo in ſpiritu meo. Paulus.μάρτυσ τάρ μoυ"
                    HPOS="94"
                    VPOS="792"
                    WIDTH="1636"
                    HEIGHT="69"
                    WC="0.9765803416570028"></String>
          </TextLine>
          <TextLine ID="line_15"
                    TAGREFS="LT8"
                    BASELINE="137 870 1731 884" 
                    HPOS="135.0"
                    VPOS="829.0"
                    WIDTH="1596.0"
                    HEIGHT="71.0">
            <Shape><Polygon POINTS="1496 841 1494 841 1492 841 1366 847 1301 849 1275 845 1235 839 1233 839 967 841 615 843 599 835 597 833 595 833 593 833 591 833 546 835 396 841 358 831 354 831 352 831 350 831 334 831 230 837 218 857 204 837 202 839 137 829 137 870 135 886 1727 900 1731 884 1729 853 1508 853 1504 849 1498 843 1498 841 1496 841"/></Shape>
	    <String CONTENT="οsινõ θεὸσ ῶ̃ λαrρέυω ἐντῷ πυéυμαT ι μoU. Vnde latreuo &amp; latria potius colo"
                    HPOS="135.0"
                    VPOS="829.0"
                    WIDTH="1596.0"
                    HEIGHT="71.0"
                    WC="0.9648319619247713"></String>
          </TextLine>
          <TextLine ID="line_16"
                    TAGREFS="LT8"
                    BASELINE="135 912 1735 926" 
                    HPOS="133.0"
                    VPOS="880.0"
                    WIDTH="1602.0"
                    HEIGHT="70.0">
            <Shape><Polygon POINTS="135 912 133 930 1731 950 1735 926 1735 890 135 880 135 912"/></Shape>
	    <String CONTENT="&amp; cultus ſiue cultura interpretãtur. &amp; in ſacris literis ferme ſoli deo tribuũtur: vt apud"
                    HPOS="133.0"
                    VPOS="880.0"
                    WIDTH="1602.0"
                    HEIGHT="70.0"
                    WC="0.9916951993237371"></String>
          </TextLine>
          <TextLine ID="line_17"
                    TAGREFS="LT8"
                    BASELINE="137 957 1733 973" 
                    HPOS="135.0"
                    VPOS="916.0"
                    WIDTH="1598.0"
                    HEIGHT="73.0">
            <Shape><Polygon POINTS="218 946 198 916 137 916 137 957 135 977 1729 989 1733 973 1731 938 234 916 218 946"/></Shape>
	    <String CONTENT="Lucam. Adorabis dominũ deum tuum: &amp; illi ſoli ſeruies. vbi habetur idem verbum"
                    HPOS="135.0"
                    VPOS="916.0"
                    WIDTH="1598.0"
                    HEIGHT="73.0"
                    WC="0.9933894570869736"></String>
          </TextLine>
          <TextLine ID="line_18"
                    TAGREFS="LT8"
                    BASELINE="137 1001 1735 1015" 
                    HPOS="135.0"
                    VPOS="965.0"
                    WIDTH="1600.0"
                    HEIGHT="70.0">
            <Shape><Polygon POINTS="218 991 202 965 137 965 137 1001 135 1019 1731 1035 1735 1015 1733 975 232 965 218 991"/></Shape>
	    <String CONTENT="λατρέυσεισ. Quod ſi nõ peculiarem deo ſed cõmunem ſeruitutem ſignificaret: nõ di"
                    HPOS="135.0"
                    VPOS="965.0"
                    WIDTH="1600.0"
                    HEIGHT="70.0"
                    WC="0.9840884492510841"></String>
          </TextLine>
          <TextLine ID="line_19"
                    TAGREFS="LT8"
                    BASELINE="135 1044 1735 1062" 
                    HPOS="133.0"
                    VPOS="1009.0"
                    WIDTH="1602.0"
                    HEIGHT="77.0">
            <Shape><Polygon POINTS="135 1044 133 1062 1731 1086 1735 1062 1733 1023 135 1009 135 1044"/></Shape>
	    <String CONTENT="ceret &amp; illi ſoli ſeruies. quod perinde eſt: &amp; illum ſolum coles. Quoties igitur Paulus"
                    HPOS="133.0"
                    VPOS="1009.0"
                    WIDTH="1602.0"
                    HEIGHT="77.0"
                    WC="0.9860030289353996"></String>
          </TextLine>
          <TextLine ID="line_20"
                    TAGREFS="LT8"
                    BASELINE="131 1088 1731 1104" 
                    HPOS="129.0"
                    VPOS="1050.0"
                    WIDTH="1602.0"
                    HEIGHT="76.0">
            <Shape><Polygon POINTS="131 1088 129 1106 1727 1126 1731 1104 1731 1074 131 1050 131 1088"/></Shape>
	    <String CONTENT="his vocabulis latreuo &amp; latria vtetur quæ deo peculiaria eſſe debent: latine ponemus"
                    HPOS="129.0"
                    VPOS="1050.0"
                    WIDTH="1602.0"
                    HEIGHT="76.0"
                    WC="0.9936268244470868"></String>
          </TextLine>
          <TextLine ID="line_21"
                    TAGREFS="LT8"
                    BASELINE="131 1131 1733 1147" 
                    HPOS="129.0"
                    VPOS="1098.0"
                    WIDTH="1604.0"
                    HEIGHT="69.0">
            <Shape><Polygon POINTS="131 1131 129 1151 1729 1167 1733 1147 1731 1112 131 1098 131 1131"/></Shape>
	    <String CONTENT="colo! cultus aut cultura ne ſeruitus quædam cõmunis intelligatur. cõmunis dico &amp; ad"
                    HPOS="129.0"
                    VPOS="1098.0"
                    WIDTH="1604.0"
                    HEIGHT="69.0"
                    WC="0.9984813136212966"></String>
          </TextLine>
          <TextLine ID="line_22"
                    TAGREFS="LT8"
                    BASELINE="131 1177 1737 1193" 
                    HPOS="129.0"
                    VPOS="1145.0"
                    WIDTH="1608.0"
                    HEIGHT="66.0">
            <Shape><Polygon POINTS="131 1177 129 1195 1733 1211 1737 1193 1735 1155 131 1145 131 1177"/></Shape>
	    <String CONTENT="deum &amp; ad homines: quæ in ſacris literis his vocabulis Xo vλéυω &amp; λόυ λoς, id eſt"
                    HPOS="129.0"
                    VPOS="1145.0"
                    WIDTH="1608.0"
                    HEIGHT="66.0"
                    WC="0.988041843276426"></String>
          </TextLine>
          <TextLine ID="line_23"
                    TAGREFS="LT8"
                    BASELINE="133 1222 1735 1238" 
                    HPOS="131.0"
                    VPOS="1191.0"
                    WIDTH="1604.0"
                    HEIGHT="65.0">
            <Shape><Polygon POINTS="133 1222 131 1240 1731 1256 1735 1238 1733 1205 133 1191 133 1222"/></Shape>
	    <String CONTENT="duleuo &amp; dulos ſignificatur. Hæc enim de deo &amp; de hominibus dicuntur. de deo Ser¬"
                    HPOS="131.0"
                    VPOS="1191.0"
                    WIDTH="1604.0"
                    HEIGHT="65.0"
                    WC="0.9947532216707865"></String>
          </TextLine>
          <TextLine ID="line_24"
                    TAGREFS="LT8"
                    BASELINE="135 1266 1731 1282" 
                    HPOS="133.0"
                    VPOS="1228.0"
                    WIDTH="1598.0"
                    HEIGHT="73.0">
            <Shape><Polygon POINTS="135 1266 133 1284 1727 1301 1731 1282 1729 1244 135 1228 135 1266"/></Shape>
	    <String CONTENT="uite dño in timore Aou λéυσαre. Eteni ſeruus tuus cuſtodit ea ο λουλος. &amp; Pau¬"
                    HPOS="133.0"
                    VPOS="1228.0"
                    WIDTH="1598.0"
                    HEIGHT="73.0"
                    WC="0.9749668873846531"></String>
          </TextLine>
          <TextLine ID="line_25"
                    TAGREFS="LT8"
                    BASELINE="137 1311 917 1325 1731 1325" 
                    HPOS="135.0"
                    VPOS="1274.0"
                    WIDTH="1596.0"
                    HEIGHT="73.0">
            <Shape><Polygon POINTS="218 1298 202 1274 137 1274 137 1311 135 1337 1727 1347 1731 1325 1729 1294 232 1274 218 1298"/></Shape>
	    <String CONTENT="lus ifra, qui enim ſeruit Chriſto: placet deo. õ Aoυλéυωp. Paulus ſeruus Ihefu Chri¬"
                    HPOS="135.0"
                    VPOS="1274.0"
                    WIDTH="1596.0"
                    HEIGHT="73.0"
                    WC="0.9717542792475501"></String>
          </TextLine>
          <TextLine ID="line_26"
                    TAGREFS="LT8"
                    BASELINE="131 1357 1729 1367" 
                    HPOS="129.0"
                    VPOS="1327.0"
                    WIDTH="1600.0"
                    HEIGHT="67.0">
            <Shape><Polygon POINTS="131 1357 129 1377 1725 1394 1729 1367 1727 1331 131 1327 131 1357"/></Shape>
	    <String CONTENT="ſti. Aoυλoσ. De hominibus vero ad Timotheum. qui autem fideles habent dominos"
                    HPOS="129.0"
                    VPOS="1327.0"
                    WIDTH="1600.0"
                    HEIGHT="67.0"
                    WC="0.9804123237535551"></String>
          </TextLine>
          <TextLine ID="line_27"
                    TAGREFS="LT8"
                    BASELINE="131 1402 1733 1414" 
                    HPOS="129.0"
                    VPOS="1363.0"
                    WIDTH="1604.0"
                    HEIGHT="69.0">
            <Shape><Polygon POINTS="131 1402 129 1420 1729 1432 1733 1414 1731 1381 131 1363 131 1402"/></Shape>
	    <String CONTENT="non contẽnant quia fratres ſunt ſed magis ſeruiant. Aoυλευέτ ωσ αν. Serui obedite"
                    HPOS="129.0"
                    VPOS="1363.0"
                    WIDTH="1604.0"
                    HEIGHT="69.0"
                    WC="0.9879791614520981"></String>
          </TextLine>
          <TextLine ID="line_28"
                    TAGREFS="LT8"
                    BASELINE="129 1444 1729 1458" 
                    HPOS="127.0"
                    VPOS="1412.0"
                    WIDTH="1602.0"
                    HEIGHT="69.0">
            <Shape><Polygon POINTS="129 1444 127 1462 1725 1481 1729 1458 1727 1424 129 1412 129 1444"/></Shape>
	    <String CONTENT="dominis carnalibus. oi AóvλoI. Sic enim etiam interpretãdo λατρέυω &amp; λάτpεια"
                    HPOS="127.0"
                    VPOS="1412.0"
                    WIDTH="1602.0"
                    HEIGHT="69.0"
                    WC="0.977008692547679"></String>
          </TextLine>
          <TextLine ID="line_29"
                    TAGREFS="LT8"
                    BASELINE="131 1487 775 1501 1727 1503" 
                    HPOS="129.0"
                    VPOS="1460.0"
                    WIDTH="1598.0"
                    HEIGHT="61.0">
            <Shape><Polygon POINTS="131 1487 129 1515 1723 1521 1727 1503 1725 1464 131 1460 131 1487"/></Shape>
	    <String CONTENT="colo &amp; cultus &amp; Aoυλέυω &amp; λόυλος ſeruio &amp; ſeruꝰ: euitatur equiuocationis phã¬"
                    HPOS="129.0"
                    VPOS="1460.0"
                    WIDTH="1598.0"
                    HEIGHT="61.0"
                    WC="0.9840078577399254"></String>
          </TextLine>
          <TextLine ID="line_30"
                    TAGREFS="LT8"
                    BASELINE="129 1535 1727 1543" 
                    HPOS="127.0"
                    VPOS="1503.0"
                    WIDTH="1600.0"
                    HEIGHT="59.0">
            <Shape><Polygon POINTS="129 1535 127 1553 1723 1562 1727 1543 1725 1507 129 1503 129 1535"/></Shape>
	    <String CONTENT="taſia! quæ in græco nulla eſt. Sed hæc vetus interpres plerũ confundit: ex vno vo¬"
                    HPOS="127.0"
                    VPOS="1503.0"
                    WIDTH="1600.0"
                    HEIGHT="59.0"
                    WC="0.9876961892559415"></String>
          </TextLine>
          <TextLine ID="line_31"
                    TAGREFS="LT8"
                    BASELINE="131 1578 1725 1588" 
                    HPOS="129.0"
                    VPOS="1547.0"
                    WIDTH="1596.0"
                    HEIGHT="61.0">
            <Shape><Polygon POINTS="131 1578 129 1598 1721 1608 1725 1588 1723 1549 131 1547 131 1578"/></Shape>
	    <String CONTENT="cabulo apud Paulũſ multa faciens apud latinos! &amp; ex multis Pauli vnicũ latinis red¬"
                    HPOS="129.0"
                    VPOS="1547.0"
                    WIDTH="1596.0"
                    HEIGHT="61.0"
                    WC="0.9934482357081245"></String>
          </TextLine>
          <TextLine ID="line_32"
                    TAGREFS="LT8"
                    BASELINE="129 1622 1725 1634" 
                    HPOS="127.0"
                    VPOS="1586.0"
                    WIDTH="1598.0"
                    HEIGHT="71.0">
            <Shape><Polygon POINTS="129 1622 127 1640 1721 1657 1725 1634 1723 1596 129 1586 129 1622"/></Shape>
	    <String CONTENT="dens, attamen multa multis &amp; vnũ vnil quoad fieri poteſt reddere ſtudere debuit. Non"
                    HPOS="127.0"
                    VPOS="1586.0"
                    WIDTH="1598.0"
                    HEIGHT="71.0"
                    WC="0.990686937640695"></String>
          </TextLine>
          <TextLine ID="line_33"
                    TAGREFS="LT8"
                    BASELINE="129 1671 1721 1677" 
                    HPOS="127.0"
                    VPOS="1640.0"
                    WIDTH="1594.0"
                    HEIGHT="59.0">
            <Shape><Polygon POINTS="129 1671 127 1689 1717 1699 1721 1677 1719 1644 129 1640 129 1671"/></Shape>
	    <String CONTENT="tamen culpandi ſtudio aut carpendi id dictum putari velim. Arbitror enim veterẽ in¬"
                    HPOS="127.0"
                    VPOS="1640.0"
                    WIDTH="1594.0"
                    HEIGHT="59.0"
                    WC="0.9950156871761594"></String>
          </TextLine>
          <TextLine ID="line_34"
                    TAGREFS="LT8"
                    BASELINE="129 1713 1721 1721" 
                    HPOS="127.0"
                    VPOS="1677.0"
                    WIDTH="1594.0"
                    HEIGHT="67.0">
            <Shape><Polygon POINTS="129 1713 127 1733 1717 1744 1721 1721 1719 1691 129 1677 129 1713"/></Shape>
	    <String CONTENT="terpretem ſanctum quendam virum in eccleſia fuiſſe, aut forte Chriſti martyrem: cuius"
                    HPOS="127.0"
                    VPOS="1677.0"
                    WIDTH="1594.0"
                    HEIGHT="67.0"
                    WC="0.9898460093666526"></String>
          </TextLine>
          <TextLine ID="line_35"
                    TAGREFS="LT8"
                    BASELINE="131 1758 1721 1768" 
                    HPOS="129.0"
                    VPOS="1721.0"
                    WIDTH="1592.0"
                    HEIGHT="65.0">
            <Shape><Polygon POINTS="131 1758 129 1776 1717 1786 1721 1768 1719 1731 131 1721 131 1758"/></Shape>
	    <String CONTENT="authoritas tantum potuit vt ne Hieronymum quidem aut alium quẽq̃ illi præpoſuerit"
                    HPOS="129.0"
                    VPOS="1721.0"
                    WIDTH="1592.0"
                    HEIGHT="65.0"
                    WC="0.9859619656713997"></String>
          </TextLine>
          <TextLine ID="line_36"
                    TAGREFS="LT8"
                    BASELINE="127 1804 1721 1810" 
                    HPOS="125.0"
                    VPOS="1768.0"
                    WIDTH="1596.0"
                    HEIGHT="67.0">
            <Shape><Polygon POINTS="127 1804 125 1823 1717 1835 1721 1810 1719 1778 127 1768 127 1804"/></Shape>
	    <String CONTENT="eccleſia. ¶ Vulgata æditio. Obſecrans ſi quomodo tandem aliquando proſperum iter"
                    HPOS="125.0"
                    VPOS="1768.0"
                    WIDTH="1596.0"
                    HEIGHT="67.0"
                    WC="0.9819933384656906"></String>
          </TextLine>
          <TextLine ID="line_37"
                    TAGREFS="LT8"
                    BASELINE="100 1847 1721 1855" 
                    HPOS="94"
                    VPOS="1802"
                    WIDTH="1624"
                    HEIGHT="76">
            <Shape><Polygon POINTS="400 1805 370 1805 340 1805 309 1805 279 1805 248 1805 218 1805 188 1805 157 1805 127 1805 124 1802 97 1802 97 1845 94 1878 1715 1878 1718 1854 1718 1817 418 1805 400 1805"/></Shape>
	    <String CONTENT="habeam. ¶ In Paulo non proſperum iter habetur: ſed potius proſperabor aut proſpere"
                    HPOS="94"
                    VPOS="1802"
                    WIDTH="1624"
                    HEIGHT="76"
                    WC="0.9962924130079223"></String>
          </TextLine>
          <TextLine ID="line_38"
                    TAGREFS="LT8"
                    BASELINE="94 1886 1721 1899" 
                    HPOS="88"
                    VPOS="1845"
                    WIDTH="1630"
                    HEIGHT="76">
            <Shape><Polygon POINTS="1305 1854 1275 1854 1244 1854 1214 1854 1183 1854 1153 1854 1123 1854 1092 1854 1062 1854 1032 1854 1001 1854 971 1854 941 1854 910 1851 904 1851 880 1851 850 1851 819 1851 789 1851 758 1851 728 1851 698 1851 667 1851 637 1851 607 1851 576 1851 546 1851 516 1851 485 1851 455 1851 425 1851 394 1851 364 1851 333 1851 303 1851 273 1851 242 1851 212 1851 182 1851 151 1851 121 1848 118 1845 91 1845 91 1884 88 1909 1712 1921 1718 1896 1718 1857 1311 1854 1305 1854"/></Shape>
	    <String CONTENT="cędet vel ſi mauis conſuetudine latina ad ſubiũctiuũ reducere! proſperertaut proſpere"
                    HPOS="88"
                    VPOS="1845"
                    WIDTH="1630"
                    HEIGHT="76"
                    WC="0.9921312352473085"></String>
          </TextLine>
          <TextLine ID="line_39"
                    TAGREFS="LT8"
                    BASELINE="131 1936 1719 1946" 
                    HPOS="129.0"
                    VPOS="1901.0"
                    WIDTH="1590.0"
                    HEIGHT="63.0">
            <Shape><Polygon POINTS="131 1936 129 1954 1715 1964 1719 1946 1717 1914 131 1901 131 1936"/></Shape>
	    <String CONTENT="cedat. ſic eni ἐυολῷ ἐυολῶμαι interpretari ſolent. Paulus. λεόμεμοσ έ ι τωσ ηAu"
                    HPOS="129.0"
                    VPOS="1901.0"
                    WIDTH="1590.0"
                    HEIGHT="63.0"
                    WC="0.976057558558708"></String>
          </TextLine>
          <TextLine ID="line_40"
                    TAGREFS="LT8"
                    BASELINE="125 1988 1717 1984" 
                    HPOS="123.0"
                    VPOS="1946.0"
                    WIDTH="1594.0"
                    HEIGHT="59.0">
            <Shape><Polygon POINTS="125 1988 125 2005 1715 2003 1717 1984 1712 1952 123 1946 125 1988"/></Shape>
	    <String CONTENT="ττοτὲ ἐυολωοήσομαι (¶Vulgata æditio. Vt aliquid impartiar vobis gratiæ ſpiritua¬"
                    HPOS="123.0"
                    VPOS="1946.0"
                    WIDTH="1594.0"
                    HEIGHT="59.0"
                    WC="0.9666393718805658"></String>
          </TextLine>
          <TextLine ID="line_41"
                    TAGREFS="LT8"
                    BASELINE="107 2029 1717 2031" 
                    HPOS="103"
                    VPOS="1981"
                    WIDTH="1612"
                    HEIGHT="67">
            <Shape><Polygon POINTS="895 1987 865 1987 834 1987 804 1987 774 1987 743 1987 713 1987 683 1987 652 1987 622 1987 591 1987 561 1987 531 1987 500 1987 470 1987 440 1987 409 1987 379 1987 349 1987 318 1987 288 1987 258 1987 227 1987 197 1987 166 1987 136 1987 133 1981 106 1981 106 2027 103 2045 1709 2048 1715 2030 1715 1990 910 1984 895 1987"/></Shape>
	    <String CONTENT="lis ad cõfirmãdos vos id eſt ſimul cõſolari in vobis. ¶ Potius ex Paulo le gẽdũ vt ali¬"
                    HPOS="103"
                    VPOS="1981"
                    WIDTH="1612"
                    HEIGHT="67"
                    WC="0.9915619123241176"></String>
          </TextLine>
          <TextLine ID="line_42"
                    TAGREFS="LT8"
                    BASELINE="102 2069 1712 2075" 
                    HPOS="97"
                    VPOS="2024"
                    WIDTH="1612"
                    HEIGHT="73">
            <Shape><Polygon POINTS="1678 2033 130 2033 127 2024 100 2024 97 2088 1703 2097 1709 2072 1706 2033 1678 2033"/></Shape>
	    <String CONTENT="qd̃ impartiar vobis donũ ſpirituale. Et ratio latinę locutionis potius exigit dicendũ!"
                    HPOS="97"
                    VPOS="2024"
                    WIDTH="1612"
                    HEIGHT="73"
                    WC="0.9930552157123437"></String>
          </TextLine>
          <TextLine ID="line_43"
                    TAGREFS="LT8"
                    BASELINE="127 2116 1717 2120" 
                    HPOS="125.0"
                    VPOS="2079.0"
                    WIDTH="1592.0"
                    HEIGHT="65.0">
            <Shape><Polygon POINTS="127 2116 125 2132 1712 2144 1717 2120 1715 2088 127 2079 127 2116"/></Shape>
	    <String CONTENT="id eſt ad ſimul cõſolãdũ in vobis reſoluẽdo infinitiuũ cõſolari in gerũdiuũ! quatenus"
                    HPOS="125.0"
                    VPOS="2079.0"
                    WIDTH="1592.0"
                    HEIGHT="65.0"
                    WC="0.9948311377597111"></String>
          </TextLine>
          <TextLine ID="line_44"
                    TAGREFS="LT8"
                    BASELINE="129 2158 1717 2164" 
                    HPOS="127.0"
                    VPOS="2120.0"
                    WIDTH="1590.0"
                    HEIGHT="71.0">
            <Shape><Polygon POINTS="129 2158 127 2177 1712 2191 1717 2164 1715 2132 129 2120 129 2158"/></Shape>
	    <String CONTENT="videat apte id exponere particulã ad cõfirmãdos vos. &amp; cũ dicit ad ſimul conſolãdũ"
                    HPOS="127.0"
                    VPOS="2120.0"
                    WIDTH="1590.0"
                    HEIGHT="71.0"
                    WC="0.9644352109594778"></String>
          </TextLine>
          <TextLine ID="line_45"
                    TAGREFS="LT8"
                    BASELINE="127 2203 1717 2209" 
                    HPOS="125.0"
                    VPOS="2164.0"
                    WIDTH="1592.0"
                    HEIGHT="63.0">
            <Shape><Polygon POINTS="127 2203 125 2221 1712 2227 1717 2209 1715 2179 127 2164 127 2203"/></Shape>
	    <String CONTENT="in vobis pinde ẽ ac ſi dicamus vt ſimul cõſoler vobiſcũ. ſed hoc vltimũ: magis latinis"
                    HPOS="125.0"
                    VPOS="2164.0"
                    WIDTH="1592.0"
                    HEIGHT="63.0"
                    WC="0.9987437221739027"></String>
          </TextLine>
          <TextLine ID="line_46"
                    TAGREFS="LT8"
                    BASELINE="125 2247 1717 2256" 
                    HPOS="123.0"
                    VPOS="2207.0"
                    WIDTH="1594.0"
                    HEIGHT="69.0">
            <Shape><Polygon POINTS="125 2247 123 2266 1712 2276 1717 2256 1715 2223 125 2207 125 2247"/></Shape>
	    <String CONTENT="cõſuetũ. proinde hac expoſitione vſi ſumus. Paulus.ipα τι μεταλῷ χάρισμα ὐμῖμ"
                    HPOS="123.0"
                    VPOS="2207.0"
                    WIDTH="1594.0"
                    HEIGHT="69.0"
                    WC="0.9842636854875655"></String>
          </TextLine>
          <TextLine ID="line_47"
                    TAGREFS="LT8"
                    BASELINE="127 2296 1710 2304" 
                    HPOS="125.0"
                    VPOS="2260.0"
                    WIDTH="1585.0"
                    HEIGHT="64.0">
            <Shape><Polygon POINTS="127 2296 125 2310 1706 2324 1710 2304 1708 2272 127 2260 127 2296"/></Shape>
	    <String CONTENT="ττρευματιkὸp, ἐισ τὸσηρι χοῆμαι ὐμα̃ς, τουτο λὲ ἐςὶ συμταραRAuou͂pαι εμ"
                    HPOS="125.0"
                    VPOS="2260.0"
                    WIDTH="1585.0"
                    HEIGHT="64.0"
                    WC="0.9491999749141403"></String>
          </TextLine>
          <TextLine ID="line_48"
                    TAGREFS="LT8"
                    BASELINE="111 2349 1712 2340" 
                    HPOS="109.0"
                    VPOS="2304.0"
                    WIDTH="1603.0"
                    HEIGHT="63.0">
            <Shape><Polygon POINTS="111 2349 111 2367 1712 2363 1712 2340 1708 2306 109 2304 111 2349"/></Shape>
	    <String CONTENT="ὑμῖp. ¶Vulgata æditio. Sæpe ꝓpoſui venire ad vos ſed prohibitus ſum vſ modo:"
                    HPOS="109.0"
                    VPOS="2304.0"
                    WIDTH="1603.0"
                    HEIGHT="63.0"
                    WC="0.9840543488912945"></String>
          </TextLine>
          <TextLine ID="line_49"
                    TAGREFS="LT8"
                    BASELINE="97 2400 1712 2383" 
                    HPOS="91"
                    VPOS="2343"
                    WIDTH="1618"
                    HEIGHT="75">
            <Shape><Polygon POINTS="94 2397 94 2418 1709 2406 1709 2382 1700 2343 91 2349 94 2397"/></Shape>
	    <String CONTENT="vt aliquem fructum habeam in vobis. ¶ Hic hyperbaton eſt. &amp; particula vt aliquem"
                    HPOS="91"
                    VPOS="2343"
                    WIDTH="1618"
                    HEIGHT="75"
                    WC="0.9894231118261814"></String>
          </TextLine>
          <TextLine ID="line_50"
                    TAGREFS="LT8"
                    BASELINE="125 2428 1715 2432" 
                    HPOS="123.0"
                    VPOS="2389.0"
                    WIDTH="1592.0"
                    HEIGHT="67.0">
            <Shape><Polygon POINTS="510 2389 490 2389 469 2389 449 2389 429 2389 409 2389 388 2389 368 2389 348 2389 328 2389 307 2389 287 2389 267 2389 247 2389 226 2389 206 2389 186 2389 166 2389 145 2389 125 2389 125 2428 123 2444 1710 2456 1715 2432 1712 2395 522 2389 510 2389"/></Shape>
	    <String CONTENT="fructum habeam in vobis: referri debet in priorem particulam propoſui venire ad"
                    HPOS="123.0"
                    VPOS="2389.0"
                    WIDTH="1592.0"
                    HEIGHT="67.0"
                    WC="0.9863081944139698"></String>
          </TextLine>
          <TextLine ID="line_51"
                    TAGREFS="LT8"
                    BASELINE="125 2474 1715 2470" 
                    HPOS="123.0"
                    VPOS="2432.0"
                    WIDTH="1592.0"
                    HEIGHT="66.0">
            <Shape><Polygon POINTS="1004 2432 915 2442 240 2434 238 2434 123 2444 125 2474 125 2492 1710 2498 1715 2470 1710 2442 1006 2432 1004 2432"/></Shape>
	    <String CONTENT="vos. ad quod intelligẽdũ in itelligẽtia gręca illius prioris particulæ vltima verba re¬"
                    HPOS="123.0"
                    VPOS="2432.0"
                    WIDTH="1592.0"
                    HEIGHT="66.0"
                    WC="0.9834791611839127"></String>
          </TextLine>
          <TextLine ID="line_52"
                    TAGREFS="LT8"
                    BASELINE="121 2515 1712 2521" 
                    HPOS="119.0"
                    VPOS="2474.0"
                    WIDTH="1593.0"
                    HEIGHT="65.0">
            <Shape><Polygon POINTS="222 2490 212 2482 188 2484 121 2474 121 2515 119 2533 1708 2539 1712 2521 1710 2488 692 2488 660 2478 651 2476 649 2476 647 2476 558 2476 230 2482 222 2490"/></Shape>
	    <String CONTENT="ſũpſi. vbi autẽ non reſumũt: poteſt particula &amp; prohibitus ſum vſ modoſ legi per pa"
                    HPOS="119.0"
                    VPOS="2474.0"
                    WIDTH="1593.0"
                    HEIGHT="65.0"
                    WC="0.9914722977013424"></String>
          </TextLine>
          <TextLine ID="line_53"
                    TAGREFS="LT8"
                    BASELINE="121 2559 1710 2565" 
                    HPOS="119.0"
                    VPOS="2521.0"
                    WIDTH="1591.0"
                    HEIGHT="64.0">
            <Shape><Polygon POINTS="222 2535 206 2521 121 2521 121 2559 119 2577 1706 2585 1710 2565 1708 2527 236 2521 222 2535"/></Shape>
	    <String CONTENT="rentheſin. τολλάΚισ τροεθέμuν ἐλοςἴμπτοὸσ υμᾶσ και ἐκολύδuν ἀχρι τoῦ"
                    HPOS="119.0"
                    VPOS="2521.0"
                    WIDTH="1591.0"
                    HEIGHT="64.0"
                    WC="0.9545689172382597"></String>
          </TextLine>
          <TextLine ID="line_54"
                    TAGREFS="LT8"
                    BASELINE="92 2627 1715 2604" 
                    HPOS="88"
                    VPOS="2564"
                    WIDTH="1624"
                    HEIGHT="85">
            <Shape><Polygon POINTS="1697 2564 1666 2564 1636 2564 1605 2564 1596 2564 1593 2564 1575 2564 1548 2564 1545 2567 1278 2570 88 2567 91 2625 91 2649 1709 2625 1712 2600 1703 2564 1697 2564"/></Shape>
	    <String CONTENT="λεῦρο, ἰμα τιμὰ kαgτòp ἐxῷ. ¶ Vulgata æditio. Ita ꝙ &amp; in me prõptum eſt: &amp; vo¬"
                    HPOS="88"
                    VPOS="2564"
                    WIDTH="1624"
                    HEIGHT="85"
                    WC="0.9792754830316056"></String>
          </TextLine>
          <TextLine ID="line_55"
                    TAGREFS="LT8"
                    BASELINE="89 2669 1712 2652" 
                    HPOS="85"
                    VPOS="2604"
                    WIDTH="1624"
                    HEIGHT="78">
            <Shape><Polygon POINTS="88 2667 88 2682 1709 2673 1709 2649 1700 2604 85 2622 88 2667"/></Shape>
	    <String CONTENT="bis qui Romæ eſtis euangelizare. (J Od̃ vetus interpres per concretũ vertit prõptũ eſt:"
                    HPOS="85"
                    VPOS="2604"
                    WIDTH="1624"
                    HEIGHT="78"
                    WC="0.993522584438324"></String>
          </TextLine>
          <TextLine ID="line_56"
                    TAGREFS="LT8"
                    BASELINE="117 2695 1715 2695" 
                    HPOS="117.0"
                    VPOS="2662.0"
                    WIDTH="1598.0"
                    HEIGHT="53.0">
            <Shape><Polygon POINTS="117 2695 117 2715 1715 2715 1715 2695 1715 2664 117 2662 117 2695"/></Shape>
	    <String CONTENT="vertimus per abſtractum. ꝙ græci vt &amp; Paulus frequenter concretis ſubſtantiuis neu¬"
                    HPOS="117.0"
                    VPOS="2662.0"
                    WIDTH="1598.0"
                    HEIGHT="53.0"
                    WC="0.9986371491328779"></String>
          </TextLine>
          <TextLine ID="line_57"
                    TAGREFS="LT8"
                    BASELINE="113 2733 779 2743 1710 2737" 
                    HPOS="113.0"
                    VPOS="2701.0"
                    WIDTH="1597.0"
                    HEIGHT="62.0">
            <Shape><Polygon POINTS="113 2733 113 2763 1708 2761 1710 2737 1706 2707 113 2701 113 2733"/></Shape>
	    <String CONTENT="tris  vtantur: loco quorum accõmodatius latini abſtractis vti ſolẽt. vt ſequenti capite."
                    HPOS="113.0"
                    VPOS="2701.0"
                    WIDTH="1597.0"
                    HEIGHT="62.0"
                    WC="0.9945807741747962"></String>
          </TextLine>
          <TextLine ID="line_58"
                    TAGREFS="LT8"
                    BASELINE="113 2782 1715 2782" 
                    HPOS="113.0"
                    VPOS="2749.0"
                    WIDTH="1602.0"
                    HEIGHT="55.0">
            <Shape><Polygon POINTS="113 2782 113 2804 1715 2804 1715 2782 1712 2749 113 2749 113 2782"/></Shape>
	    <String CONTENT="ignorãs quoniam benignitas dei ad pœnitẽtiam te adducit: vbi Tò xouc ròp cõcre¬"
                    HPOS="113.0"
                    VPOS="2749.0"
                    WIDTH="1602.0"
                    HEIGHT="55.0"
                    WC="0.9869453204529626"></String>
          </TextLine>
          <TextLine ID="line_59"
                    TAGREFS="LT8"
                    BASELINE="111 2826 1719 2826" 
                    HPOS="111.0"
                    VPOS="2796.0"
                    WIDTH="1608.0"
                    HEIGHT="52.0">
            <Shape><Polygon POINTS="111 2826 111 2846 1717 2848 1719 2826 1719 2798 111 2796 111 2826"/></Shape>
	    <String CONTENT="tum eſt ſubſtantiuũ neutrum ac ſi dicas benignum! &amp; pleriſ alijs in locis. ſic hoc loco"
                    HPOS="111.0"
                    VPOS="2796.0"
                    WIDTH="1608.0"
                    HEIGHT="52.0"
                    WC="0.9808655474962813"></String>
          </TextLine>
          <TextLine ID="line_60"
                    TAGREFS="LT8"
                    BASELINE="113 2871 1725 2871" 
                    HPOS="113.0"
                    VPOS="2834.0"
                    WIDTH="1612.0"
                    HEIGHT="91.0">
            <Shape><Polygon POINTS="113 2871 113 2923 192 2905 285 2905 305 2919 307 2919 309 2919 311 2919 313 2919 315 2919 334 2905 479 2905 502 2917 504 2917 506 2917 508 2917 599 2905 656 2921 662 2923 664 2923 666 2925 1127 2925 1127 2923 1129 2923 1131 2923 1133 2921 1152 2907 1206 2919 1214 2921 1216 2921 1218 2921 1222 2919 1249 2905 1723 2917 1725 2871 1723 2834 113 2836 113 2871"/></Shape>
	    <String CONTENT="το πρόουμον concretum ſubſtantiuũ eſt at neutrum quod in abſtractum iuxta lati¬"
                    HPOS="113.0"
                    VPOS="2834.0"
                    WIDTH="1612.0"
                    HEIGHT="91.0"
                    WC="0.971749491807891"></String>
          </TextLine>
          <TextLine ID="line_61"
                    TAGREFS="LT8"
                    BASELINE="1791 793 1856 789" 
                    HPOS="1787.0"
                    VPOS="718.0"
                    WIDTH="69.0"
                    HEIGHT="93.0">
            <Shape><Polygon POINTS="1791 793 1791 811 1856 811 1856 789 1846 718 1787 740 1791 793"/></Shape>
	    <String CONTENT="A"
                    HPOS="1787.0"
                    VPOS="718.0"
                    WIDTH="69.0"
                    HEIGHT="93.0"
                    WC="0.9980108141899109"></String>
          </TextLine>
          <TextLine ID="line_62"
                    TAGREFS="LT8"
                    BASELINE="1789 847 1828 847" 
                    HPOS="1789.0"
                    VPOS="809.0"
                    WIDTH="39.0"
                    HEIGHT="63.0">
            <Shape><Polygon POINTS="1789 847 1789 872 1828 872 1828 847 1826 809 1789 815 1789 847"/></Shape>
	    <String CONTENT="2"
                    HPOS="1789.0"
                    VPOS="809.0"
                    WIDTH="39.0"
                    HEIGHT="63.0"
                    WC="0.9999524354934692"></String>
          </TextLine>
          <TextLine ID="line_63"
                    TAGREFS="LT8"
                    BASELINE="1773 1988 1830 1988" 
                    HPOS="1773.0"
                    VPOS="1916.0"
                    WIDTH="57.0"
                    HEIGHT="95.0">
            <Shape><Polygon POINTS="1773 1988 1773 2011 1830 2005 1830 1988 1830 1928 1773 1916 1773 1988"/></Shape>
	    <String CONTENT="B"
                    HPOS="1773.0"
                    VPOS="1916.0"
                    WIDTH="57.0"
                    HEIGHT="95.0"
                    WC="0.9999769926071167"></String>
          </TextLine>
          <TextLine ID="line_64"
                    TAGREFS="LT8"
                    BASELINE="1783 2045 1822 2045" 
                    HPOS="1783.0"
                    VPOS="2009.0"
                    WIDTH="39.0"
                    HEIGHT="68.0">
            <Shape><Polygon POINTS="1783 2045 1783 2077 1822 2077 1822 2045 1822 2013 1783 2009 1783 2045"/></Shape>
	    <String CONTENT="2"
                    HPOS="1783.0"
                    VPOS="2009.0"
                    WIDTH="39.0"
                    HEIGHT="68.0"
                    WC="0.9998939037322998"></String>
          </TextLine>
          <TextLine ID="line_65"
                    TAGREFS="LT8"
                    BASELINE="1775 2361 1820 2365" 
                    HPOS="1773.0"
                    VPOS="2312.0"
                    WIDTH="47.0"
                    HEIGHT="79.0">
            <Shape><Polygon POINTS="1775 2361 1773 2381 1816 2391 1820 2365 1820 2316 1779 2312 1775 2361"/></Shape>
	    <String CONTENT="B"
                    HPOS="1773.0"
                    VPOS="2312.0"
                    WIDTH="47.0"
                    HEIGHT="79.0"
                    WC="0.9999986886978149"></String>
          </TextLine>
          <TextLine ID="line_66"
                    TAGREFS="LT8"
                    BASELINE="1781 2434 1816 2430" 
                    HPOS="1775.0"
                    VPOS="2391.0"
                    WIDTH="45.0"
                    HEIGHT="87.0">
            <Shape><Polygon POINTS="1781 2434 1785 2478 1820 2478 1816 2430 1810 2391 1775 2393 1781 2434"/></Shape>
	    <String CONTENT="3"
                    HPOS="1775.0"
                    VPOS="2391.0"
                    WIDTH="45.0"
                    HEIGHT="87.0"
                    WC="0.9995355606079102"></String>
          </TextLine>
        </TextBlock>
        <TextBlock HPOS="949"
                   VPOS="180"
                   WIDTH="55"
                   HEIGHT="74"
                   ID="block_3"
                   TAGREFS="BT18">
          <Shape><Polygon POINTS="1004 180 1004 254 949 254 949 180"/></Shape>
          <TextLine ID="line_1"
                    TAGREFS="LT10"
                    BASELINE="955 234 998 230" 
                    HPOS="947"
                    VPOS="153"
                    WIDTH="51"
                    HEIGHT="97">
            <Shape><Polygon POINTS="955 250 998 250 998 230 986 153 947 169 955 234"/></Shape>
	    <String CONTENT="I"
                    HPOS="947"
                    VPOS="153"
                    WIDTH="51"
                    HEIGHT="97"
                    WC="0.9999933242797852"></String>
          </TextLine>
        </TextBlock>
        <TextBlock HPOS="1596"
                   VPOS="207"
                   WIDTH="82"
                   HEIGHT="58"
                   ID="block_1"
                   TAGREFS="BT15">
          <Shape><Polygon POINTS="1678 207 1678 265 1596 265 1596 207"/></Shape>
          <TextLine ID="line_0"
                    TAGREFS="LT8"
                    BASELINE="1599 242 1676 236" 
                    HPOS="1593.0"
                    VPOS="188.0"
                    WIDTH="83.0"
                    HEIGHT="68.0">
            <Shape><Polygon POINTS="1599 242 1599 256 1676 254 1676 236 1668 188 1593 192 1599 242"/></Shape>
	    <String CONTENT="70"
                    HPOS="1593.0"
                    VPOS="188.0"
                    WIDTH="83.0"
                    HEIGHT="68.0"
                    WC="0.9988943338394165"></String>
          </TextLine>
        </TextBlock>
        <TextBlock HPOS="1868"
                   VPOS="161"
                   WIDTH="94"
                   HEIGHT="64"
                   ID="block_2"
                   TAGREFS="BT15">
          <Shape><Polygon POINTS="1962 161 1962 225 1868 225 1868 161"/></Shape>
          <TextLine ID="line_69"
                    TAGREFS="LT8"
                    BASELINE="1866 202 1960 198" 
                    HPOS="1862.0"
                    VPOS="129.0"
                    WIDTH="98.0"
                    HEIGHT="105.0">
            <Shape><Polygon POINTS="1866 202 1866 234 1960 224 1960 198 1955 145 1911 129 1909 129 1907 129 1905 129 1903 129 1903 131 1881 153 1881 155 1862 155 1866 202"/></Shape>
	    <String CONTENT="Ro."
                    HPOS="1862.0"
                    VPOS="129.0"
                    WIDTH="98.0"
                    HEIGHT="105.0"
                    WC="0.9995585083961487"></String>
          </TextLine>
        </TextBlock>
        <TextBlock HPOS="1786"
                   VPOS="1922"
                   WIDTH="57"
                   HEIGHT="168"
                   ID="eSc_textblock_c88053bb"
                   TAGREFS="BT15">
          <Shape><Polygon POINTS="1786 1922 1786 2090 1843 2090 1843 1922"/></Shape>
        </TextBlock>
        <TextBlock HPOS="1782"
                   VPOS="2312"
                   WIDTH="67"
                   HEIGHT="153"
                   ID="eSc_textblock_5c7a8869"
                   TAGREFS="BT15">
          <Shape><Polygon POINTS="1782 2312 1782 2465 1849 2465 1849 2312"/></Shape>
        </TextBlock>
        <TextBlock HPOS="1783"
                   VPOS="705"
                   WIDTH="123"
                   HEIGHT="207"
                   ID="eSc_textblock_8a56bc46"
                   TAGREFS="BT15">
          <Shape><Polygon POINTS="1783 710 1788 912 1906 912 1906 705"/></Shape>
        </TextBlock>
      </PrintSpace>
    </Page>
  </Layout>
</alto>
