<?xml version="1.0" encoding="UTF-8"?>
<alto xmlns:xsi="http://www.w3.org/2001/XMLSchema-instance"
      xmlns="http://www.loc.gov/standards/alto/ns-v4#"
      xsi:schemaLocation="http://www.loc.gov/standards/alto/ns-v4# http://www.loc.gov/standards/alto/v4/alto-4-2.xsd">
  <Description>
    <MeasurementUnit>pixel</MeasurementUnit>
    <sourceImageInformation>
      <fileName>bsb11059254_00207.jpg</fileName>
    </sourceImageInformation>
  </Description>
  <Tags>
    <OtherTag ID="BT7" LABEL="CustomZone" DESCRIPTION="block type CustomZone"/><OtherTag ID="BT8" LABEL="DamageZone" DESCRIPTION="block type DamageZone"/><OtherTag ID="BT9" LABEL="DigitizationArtefactZone" DESCRIPTION="block type DigitizationArtefactZone"/><OtherTag ID="BT10" LABEL="DropCapitalZone" DESCRIPTION="block type DropCapitalZone"/><OtherTag ID="BT11" LABEL="GraphicZone" DESCRIPTION="block type GraphicZone"/><OtherTag ID="BT12" LABEL="MainZone" DESCRIPTION="block type MainZone"/><OtherTag ID="BT13" LABEL="MarginTextZone" DESCRIPTION="block type MarginTextZone"/><OtherTag ID="BT14" LABEL="MusicZone" DESCRIPTION="block type MusicZone"/><OtherTag ID="BT15" LABEL="NumberingZone" DESCRIPTION="block type NumberingZone"/><OtherTag ID="BT17" LABEL="QuireMarksZone" DESCRIPTION="block type QuireMarksZone"/><OtherTag ID="BT18" LABEL="RunningTitleZone" DESCRIPTION="block type RunningTitleZone"/><OtherTag ID="BT19" LABEL="SealZone" DESCRIPTION="block type SealZone"/><OtherTag ID="BT20" LABEL="StampZone" DESCRIPTION="block type StampZone"/><OtherTag ID="BT21" LABEL="TableZone" DESCRIPTION="block type TableZone"/><OtherTag ID="BT22" LABEL="TitlePageZone" DESCRIPTION="block type TitlePageZone"/><OtherTag ID="BT992" LABEL="MainZone-Head" DESCRIPTION="block type MainZone-Head"/><OtherTag ID="BT993" LABEL="MainZone-P" DESCRIPTION="block type MainZone-P"/><OtherTag ID="BT994" LABEL="MainZone-P-Continued" DESCRIPTION="block type MainZone-P-Continued"/><OtherTag ID="BT995" LABEL="MarginTextZone-ManuscriptAddendum" DESCRIPTION="block type MarginTextZone-ManuscriptAddendum"/>
    <OtherTag ID="LT7" LABEL="CustomLine" DESCRIPTION="line type CustomLine"/><OtherTag ID="LT8" LABEL="DefaultLine" DESCRIPTION="line type DefaultLine"/><OtherTag ID="LT9" LABEL="DropCapitalLine" DESCRIPTION="line type DropCapitalLine"/><OtherTag ID="LT10" LABEL="HeadingLine" DESCRIPTION="line type HeadingLine"/><OtherTag ID="LT11" LABEL="InterlinearLine" DESCRIPTION="line type InterlinearLine"/><OtherTag ID="LT12" LABEL="MusicLine" DESCRIPTION="line type MusicLine"/>
  </Tags>
  <Layout>
    <Page WIDTH="2228"
          HEIGHT="3648"
          PHYSICAL_IMG_NR="4"
          ID="eSc_dummypage_">
      <PrintSpace HPOS="0"
                  VPOS="0"
                  WIDTH="2228"
                  HEIGHT="3648">
        <TextBlock HPOS="54"
                   VPOS="280"
                   WIDTH="1641"
                   HEIGHT="2736"
                   ID="block_0"
                   TAGREFS="BT994">
          <Shape><Polygon POINTS="1695 280 1695 3016 54 3016 54 280"/></Shape>
          <TextLine ID="line_2"
                    TAGREFS="LT8"
                    BASELINE="72 324 1684 336" 
                    HPOS="70.0"
                    VPOS="249.0"
                    WIDTH="1614.0"
                    HEIGHT="105.0">
            <Shape><Polygon POINTS="72 324 70 348 1680 354 1684 336 1684 265 1617 259 1615 259 1613 259 1611 259 1603 265 1569 285 1520 285 1473 265 1453 257 1451 257 1449 257 1402 265 1370 271 1340 265 1311 261 1309 261 1307 261 1297 265 1281 275 1267 267 1248 257 1246 257 1187 255 1185 255 1183 255 1181 255 1167 267 1163 269 1155 267 1127 257 1125 257 1123 257 1121 257 1084 267 1040 281 881 281 829 269 758 253 608 249 606 249 512 265 490 249 488 249 486 249 370 249 368 249 366 249 364 249 344 261 306 249 304 249 302 249 300 249 223 271 212 273 72 273 72 324"/></Shape>
	    <String CONTENT="At qui hoc pado deum dimittunt: nunquid æquũ eſt vt a deo dimittanturevt proprijs"
                    HPOS="70.0"
                    VPOS="249.0"
                    WIDTH="1614.0"
                    HEIGHT="105.0"
                    WC="0.9863372735860871"></String>
          </TextLine>
          <TextLine ID="line_3"
                    TAGREFS="LT8"
                    BASELINE="75 370 1684 383" 
                    HPOS="72.0"
                    VPOS="338.0"
                    WIDTH="1612.0"
                    HEIGHT="69.0">
            <Shape><Polygon POINTS="75 370 72 387 1680 407 1684 383 1682 350 75 338 75 370"/></Shape>
	    <String CONTENT="cõcupiſcentijs inſeruientes: ludibrijs dęmonũ quibus in huiuſmodi figmẽtis derelicto"
                    HPOS="72.0"
                    VPOS="338.0"
                    WIDTH="1612.0"
                    HEIGHT="69.0"
                    WC="0.9880134930664842"></String>
          </TextLine>
          <TextLine ID="line_4"
                    TAGREFS="LT8"
                    BASELINE="38 415 1680 427" 
                    HPOS="36.0"
                    VPOS="374.0"
                    WIDTH="1644.0"
                    HEIGHT="73.0">
            <Shape><Polygon POINTS="38 415 36 431 1676 447 1680 427 1678 393 38 374 38 415"/></Shape>
	    <String CONTENT="8 deo famulabãtur! dementarẽtur? propter hoc certe a deo derelinquũtur: vt &amp; ſic aperit"
                    HPOS="36.0"
                    VPOS="374.0"
                    WIDTH="1644.0"
                    HEIGHT="73.0"
                    WC="0.983541088965204"></String>
          </TextLine>
          <TextLine ID="line_5"
                    TAGREFS="LT8"
                    BASELINE="44 456 1680 472" 
                    HPOS="42.0"
                    VPOS="425.0"
                    WIDTH="1638.0"
                    HEIGHT="73.0">
            <Shape><Polygon POINTS="44 456 42 480 1676 498 1680 472 1678 441 44 425 44 456"/></Shape>
	    <String CONTENT="* Paulus. ¶ Propter qd &amp; tradidit eos deus in deſyderijs cordiũ eorũ in imũdiciam: vt"
                    HPOS="42.0"
                    VPOS="425.0"
                    WIDTH="1638.0"
                    HEIGHT="73.0"
                    WC="0.9874680401249365"></String>
          </TextLine>
          <TextLine ID="line_6"
                    TAGREFS="LT8"
                    BASELINE="48 502 1684 516" 
                    HPOS="46.0"
                    VPOS="470.0"
                    WIDTH="1638.0"
                    HEIGHT="71.0">
            <Shape><Polygon POINTS="48 502 46 520 1680 541 1684 516 1682 484 48 470 48 502"/></Shape>
	    <String CONTENT="„ ignominia afficiãt corpora ſua in ſeipſis qui cõmutauerũt veritatẽ dei ĩ mẽdaciũ! &amp; ve"
                    HPOS="46.0"
                    VPOS="470.0"
                    WIDTH="1638.0"
                    HEIGHT="71.0"
                    WC="0.9930043245616712"></String>
          </TextLine>
          <TextLine ID="line_7"
                    TAGREFS="LT8"
                    BASELINE="46 547 1682 561" 
                    HPOS="44.0"
                    VPOS="514.0"
                    WIDTH="1638.0"
                    HEIGHT="71.0">
            <Shape><Polygon POINTS="46 547 44 565 1678 585 1682 561 1680 530 46 514 46 547"/></Shape>
	    <String CONTENT="„ nerati ſunt! &amp; coluerũt creaturã p̃termiſſo creatore qui eſt benedictus in ſęcula. Amen."
                    HPOS="44.0"
                    VPOS="514.0"
                    WIDTH="1638.0"
                    HEIGHT="71.0"
                    WC="0.9891060039561282"></String>
          </TextLine>
          <TextLine ID="line_8"
                    TAGREFS="LT8"
                    BASELINE="81 597 1682 605" 
                    HPOS="79.0"
                    VPOS="557.0"
                    WIDTH="1603.0"
                    HEIGHT="71.0">
            <Shape><Polygon POINTS="1662 573 1642 573 1621 573 1601 573 1581 573 1561 573 1540 573 1520 573 1500 573 1479 573 1459 573 1439 573 1419 573 1398 573 1378 573 1358 573 1338 573 1317 573 1297 573 1277 573 1256 573 1236 573 1216 573 1196 573 1175 573 1155 573 1135 573 1115 573 1094 573 1074 573 1054 573 1033 573 1013 573 993 573 973 573 952 573 932 573 912 573 892 573 871 573 851 573 831 573 810 573 790 573 770 573 750 573 729 573 709 573 689 573 669 573 648 573 628 573 608 573 587 573 567 573 547 573 527 573 506 573 486 573 466 573 446 573 425 573 405 573 385 573 364 573 344 573 324 573 304 573 283 573 263 573 243 573 223 573 202 573 182 573 162 573 141 573 121 573 107 557 81 557 81 597 79 618 1678 628 1682 605 1680 573 1662 573"/></Shape>
	    <String CONTENT="¶ Quid eſt &amp; tradidit eos deus: niſi dimiſit &amp; pmiſit eos deus? Et cũ deus ſãctitas ſit &amp;"
                    HPOS="79.0"
                    VPOS="557.0"
                    WIDTH="1603.0"
                    HEIGHT="71.0"
                    WC="0.9854724793643742"></String>
          </TextLine>
          <TextLine ID="line_9"
                    TAGREFS="LT8"
                    BASELINE="72 640 1678 648" 
                    HPOS="70.0"
                    VPOS="610.0"
                    WIDTH="1608.0"
                    HEIGHT="64.0">
            <Shape><Polygon POINTS="72 640 70 658 1674 674 1678 648 1676 616 72 610 72 640"/></Shape>
	    <String CONTENT="ſũma puritas: quid reſtat niſi qui eũ dimittunt ſimpuri ſint &amp; imundi? &amp; quanto magis"
                    HPOS="70.0"
                    VPOS="610.0"
                    WIDTH="1608.0"
                    HEIGHT="64.0"
                    WC="0.9976989435053419"></String>
          </TextLine>
          <TextLine ID="line_10"
                    TAGREFS="LT8"
                    BASELINE="72 687 1684 693" 
                    HPOS="72.0"
                    VPOS="656.0"
                    WIDTH="1612.0"
                    HEIGHT="55.0">
            <Shape><Polygon POINTS="72 687 72 711 1682 711 1684 693 1682 662 72 656 72 687"/></Shape>
	    <String CONTENT="dimittunt: magis impuri &amp; imundi ſint &amp; immũdiciam affectantes. quam quia natura"
                    HPOS="72.0"
                    VPOS="656.0"
                    WIDTH="1612.0"
                    HEIGHT="55.0"
                    WC="0.9982235946773012"></String>
          </TextLine>
          <TextLine ID="line_11"
                    TAGREFS="LT8"
                    BASELINE="72 731 1680 737" 
                    HPOS="70"
                    VPOS="701"
                    WIDTH="1610"
                    HEIGHT="52">
            <Shape><Polygon POINTS="70 747 1676 753 1680 737 1678 707 72 701 72 731"/></Shape>
	    <String CONTENT="non preſtat (eſt eni deus ſanctus in omnibus operibus ſuis) eã in ijs quæ preter natu¬"
                    HPOS="70"
                    VPOS="701"
                    WIDTH="1610"
                    HEIGHT="52"
                    WC="0.9845125044899425"></String>
          </TextLine>
          <TextLine ID="line_12"
                    TAGREFS="LT8"
                    BASELINE="72 776 1680 782" 
                    HPOS="70.0"
                    VPOS="743.0"
                    WIDTH="1610.0"
                    HEIGHT="61.0">
            <Shape><Polygon POINTS="72 776 70 792 198 804 200 804 1678 800 1680 782 1678 747 72 743 72 776"/></Shape>
	    <String CONTENT="rã ſunt maxime q̃runt. Et quia dæmones magis deũ dimiſerũt ideo inſũdi magis &amp; ma"
                    HPOS="70.0"
                    VPOS="743.0"
                    WIDTH="1610.0"
                    HEIGHT="61.0"
                    WC="0.9949084106613608"></String>
          </TextLine>
          <TextLine ID="line_13"
                    TAGREFS="LT8"
                    BASELINE="79 826 1680 826" 
                    HPOS="79.0"
                    VPOS="784.0"
                    WIDTH="1601.0"
                    HEIGHT="67.0">
            <Shape><Polygon POINTS="79 826 79 851 1680 841 1680 826 1680 796 109 784 107 784 105 784 79 794 79 826"/></Shape>
	    <String CONTENT="gis immundiciã affectãtes eã quidẽ maxime quam diximus eſſe pręter naturam. Non¬"
                    HPOS="79.0"
                    VPOS="784.0"
                    WIDTH="1601.0"
                    HEIGHT="67.0"
                    WC="0.9935838776476243"></String>
          </TextLine>
          <TextLine ID="line_14"
                    TAGREFS="LT8"
                    BASELINE="77 865 1682 871" 
                    HPOS="75.0"
                    VPOS="826.0"
                    WIDTH="1607.0"
                    HEIGHT="65.0">
            <Shape><Polygon POINTS="867 828 847 828 827 828 806 828 786 828 766 828 746 828 725 828 705 828 685 828 664 828 644 828 624 828 604 828 583 828 563 828 543 828 523 828 502 828 482 828 462 828 441 828 421 828 401 828 381 828 360 828 340 828 320 828 300 828 279 828 259 828 239 828 218 828 198 828 178 828 158 828 137 828 135 826 97 826 97 828 77 826 77 865 75 881 1678 891 1682 871 1680 830 877 828 867 828"/></Shape>
	    <String CONTENT="ne igitur qui deum deſerunt &amp; ſimiles dæmonibus ſunt ĩmundi erunt &amp; immũdiciam"
                    HPOS="75.0"
                    VPOS="826.0"
                    WIDTH="1607.0"
                    HEIGHT="65.0"
                    WC="0.9899217143654824"></String>
          </TextLine>
          <TextLine ID="line_15"
                    TAGREFS="LT8"
                    BASELINE="44 916 1680 916" 
                    HPOS="44.0"
                    VPOS="877.0"
                    WIDTH="1636.0"
                    HEIGHT="65.0">
            <Shape><Polygon POINTS="44 916 44 942 1680 938 1680 916 1680 883 44 877 44 916"/></Shape>
	    <String CONTENT="9 eam amabunt quę præter naturam eſt? Profecto. Et hoc eſt certiſſimũ ſignum:ꝙ deum"
                    HPOS="44.0"
                    VPOS="877.0"
                    WIDTH="1636.0"
                    HEIGHT="65.0"
                    WC="0.9920503279742072"></String>
          </TextLine>
          <TextLine ID="line_16"
                    TAGREFS="LT8"
                    BASELINE="48 954 1676 960" 
                    HPOS="46.0"
                    VPOS="918.0"
                    WIDTH="1630.0"
                    HEIGHT="64.0">
            <Shape><Polygon POINTS="1129 918 705 926 689 926 685 926 600 918 596 918 575 918 555 918 535 918 514 918 494 918 474 918 470 918 48 924 48 954 46 970 127 982 129 982 1674 980 1676 960 1676 930 1183 930 1177 928 1131 918 1129 918"/></Shape>
	    <String CONTENT=" deſeruerunt! &amp; a deo derelicti ſunt. Quod apertiſſime inſinuat Paulus dicens. ¶ Pro¬"
                    HPOS="46.0"
                    VPOS="918.0"
                    WIDTH="1630.0"
                    HEIGHT="64.0"
                    WC="0.9812092823140761"></String>
          </TextLine>
          <TextLine ID="line_17"
                    TAGREFS="LT8"
                    BASELINE="48 997 1678 1003" 
                    HPOS="46.0"
                    VPOS="968.0"
                    WIDTH="1632.0"
                    HEIGHT="59.0">
            <Shape><Polygon POINTS="48 997 46 1015 81 1027 83 1027 85 1027 1676 1021 1678 1003 1678 974 48 968 48 997"/></Shape>
	    <String CONTENT=" pter hoc tradidit eos deus in affectus ignominiæ. Nam &amp; fœminæ eorum mutauerunt"
                    HPOS="46.0"
                    VPOS="968.0"
                    WIDTH="1632.0"
                    HEIGHT="59.0"
                    WC="0.9919767498970031"></String>
          </TextLine>
          <TextLine ID="line_18"
                    TAGREFS="LT8"
                    BASELINE="52 1043 1676 1049" 
                    HPOS="50.0"
                    VPOS="1009.0"
                    WIDTH="1626.0"
                    HEIGHT="65.0">
            <Shape><Polygon POINTS="52 1043 50 1068 1672 1074 1676 1049 1672 1009 52 1011 52 1043"/></Shape>
	    <String CONTENT=" naturalẽ vſum: in eum qui eſt contra naturam. Similiter autem &amp; mares dimittentes"
                    HPOS="50.0"
                    VPOS="1009.0"
                    WIDTH="1626.0"
                    HEIGHT="65.0"
                    WC="0.9944048495177763"></String>
          </TextLine>
          <TextLine ID="line_19"
                    TAGREFS="LT8"
                    BASELINE="50 1088 1676 1092" 
                    HPOS="48.0"
                    VPOS="1057.0"
                    WIDTH="1628.0"
                    HEIGHT="53.0">
            <Shape><Polygon POINTS="50 1088 48 1106 1672 1110 1676 1092 1674 1061 50 1057 50 1088"/></Shape>
	    <String CONTENT="» naturalẽ vſum fœminæ: exarſerunt in cõcupiſcentia ſua in ſe inuicem(maſculi in ma¬"
                    HPOS="48.0"
                    VPOS="1057.0"
                    WIDTH="1628.0"
                    HEIGHT="53.0"
                    WC="0.9772351023762725"></String>
          </TextLine>
          <TextLine ID="line_20"
                    TAGREFS="LT8"
                    BASELINE="50 1132 1682 1136" 
                    HPOS="48.0"
                    VPOS="1098.0"
                    WIDTH="1634.0"
                    HEIGHT="63.0">
            <Shape><Polygon POINTS="50 1132 48 1149 83 1161 85 1161 87 1161 1680 1157 1682 1136 1678 1098 50 1100 50 1132"/></Shape>
	    <String CONTENT="» ſculos turpitudinem operantes &amp; mercedem erroris ſut quam oportuit! in ſeipſis reci¬"
                    HPOS="48.0"
                    VPOS="1098.0"
                    WIDTH="1634.0"
                    HEIGHT="63.0"
                    WC="0.9841384898091472"></String>
          </TextLine>
          <TextLine ID="line_21"
                    TAGREFS="LT8"
                    BASELINE="56 1177 1684 1181" 
                    HPOS="54.0"
                    VPOS="1147.0"
                    WIDTH="1630.0"
                    HEIGHT="60.0">
            <Shape><Polygon POINTS="56 1177 54 1193 125 1205 127 1205 804 1197 922 1207 924 1207 1682 1197 1684 1181 1684 1151 56 1147 56 1177"/></Shape>
	    <String CONTENT="„ pientes. ¶Vide præcipitia &amp; imundicias in quas incidunt deum relinquentes: immo &amp;"
                    HPOS="54.0"
                    VPOS="1147.0"
                    WIDTH="1630.0"
                    HEIGHT="60.0"
                    WC="0.9924361712961312"></String>
          </TextLine>
          <TextLine ID="line_22"
                    TAGREFS="LT8"
                    BASELINE="83 1226 1684 1226" 
                    HPOS="83.0"
                    VPOS="1187.0"
                    WIDTH="1601.0"
                    HEIGHT="65.0">
            <Shape><Polygon POINTS="83 1226 83 1246 1682 1252 1684 1226 1682 1187 83 1189 83 1226"/></Shape>
	    <String CONTENT="Ionge maiores quas ſcite apoſtolus reticuit. ſciebat enim inter quos verſabantur ſancti"
                    HPOS="83.0"
                    VPOS="1187.0"
                    WIDTH="1601.0"
                    HEIGHT="65.0"
                    WC="0.9927707314491272"></String>
          </TextLine>
          <TextLine ID="line_23"
                    TAGREFS="LT8"
                    BASELINE="81 1270 1680 1266" 
                    HPOS="79.0"
                    VPOS="1228.0"
                    WIDTH="1601.0"
                    HEIGHT="71.0">
            <Shape><Polygon POINTS="881 1228 831 1238 827 1240 79 1240 81 1270 81 1299 150 1286 166 1297 168 1297 170 1297 172 1297 255 1286 865 1297 867 1297 869 1297 871 1297 900 1284 956 1295 958 1295 1027 1284 1676 1295 1680 1266 1676 1238 883 1228 881 1228"/></Shape>
	    <String CONTENT="ad quos ſcribebat. Et quid eſt: ꝙ dæ mon huius immundiciæ dico quę pręter naturam"
                    HPOS="79.0"
                    VPOS="1228.0"
                    WIDTH="1601.0"
                    HEIGHT="71.0"
                    WC="0.9895285597766739"></String>
          </TextLine>
          <TextLine ID="line_24"
                    TAGREFS="LT8"
                    BASELINE="85 1313 1684 1313" 
                    HPOS="85.0"
                    VPOS="1282.0"
                    WIDTH="1599.0"
                    HEIGHT="55.0">
            <Shape><Polygon POINTS="85 1313 85 1331 1682 1337 1684 1313 1684 1282 85 1282 85 1313"/></Shape>
	    <String CONTENT="eſt præcipuus &amp; autor &amp; inuentor ſe ſuccubum viris! &amp; incubum fœminis interdum"
                    HPOS="85.0"
                    VPOS="1282.0"
                    WIDTH="1599.0"
                    HEIGHT="55.0"
                    WC="0.9965976423177964"></String>
          </TextLine>
          <TextLine ID="line_25"
                    TAGREFS="LT8"
                    BASELINE="85 1359 1684 1359" 
                    HPOS="85.0"
                    VPOS="1327.0"
                    WIDTH="1599.0"
                    HEIGHT="51.0">
            <Shape><Polygon POINTS="85 1359 85 1378 1684 1378 1684 1359 1684 1327 85 1327 85 1359"/></Shape>
	    <String CONTENT="miſcet? Eſt ne id præter naturam? Et magis quidem q̃ ſi homo miſceatur bruto. Et"
                    HPOS="85.0"
                    VPOS="1327.0"
                    WIDTH="1599.0"
                    HEIGHT="51.0"
                    WC="0.9756316997110843"></String>
          </TextLine>
          <TextLine ID="line_26"
                    TAGREFS="LT8"
                    BASELINE="83 1402 1686 1402" 
                    HPOS="83.0"
                    VPOS="1363.0"
                    WIDTH="1603.0"
                    HEIGHT="65.0">
            <Shape><Polygon POINTS="83 1402 83 1428 1686 1420 1686 1402 1686 1372 83 1363 83 1402"/></Shape>
	    <String CONTENT="propter admiſſionem incubi: temporibus noſtris permiſit deus omnes vnius clauſtri"
                    HPOS="83.0"
                    VPOS="1363.0"
                    WIDTH="1603.0"
                    HEIGHT="65.0"
                    WC="0.9925536969561636"></String>
          </TextLine>
          <TextLine ID="line_27"
                    TAGREFS="LT8"
                    BASELINE="85 1449 1682 1442" 
                    HPOS="83.0"
                    VPOS="1412.0"
                    WIDTH="1599.0"
                    HEIGHT="57.0">
            <Shape><Polygon POINTS="85 1449 85 1469 1680 1467 1682 1442 1676 1412 83 1416 85 1449"/></Shape>
	    <String CONTENT="virgines manifeſte a dȩmonibus torqueri. &amp; id propter vnius delictum! cũ &amp; ipſe pro¬"
                    HPOS="83.0"
                    VPOS="1412.0"
                    WIDTH="1599.0"
                    HEIGHT="57.0"
                    WC="0.9921161421509677"></String>
          </TextLine>
          <TextLine ID="line_28"
                    TAGREFS="LT8"
                    BASELINE="83 1491 1682 1487" 
                    HPOS="81.0"
                    VPOS="1459.0"
                    WIDTH="1601.0"
                    HEIGHT="56.0">
            <Shape><Polygon POINTS="83 1491 83 1511 1678 1515 1682 1487 1678 1459 81 1459 83 1491"/></Shape>
	    <String CONTENT="bę eſſent &amp; illius ſceleris prorſus ignarę: oſtendens deus melius eſſe a dęmonibus tor¬"
                    HPOS="81.0"
                    VPOS="1459.0"
                    WIDTH="1601.0"
                    HEIGHT="56.0"
                    WC="0.9985287262333764"></String>
          </TextLine>
          <TextLine ID="line_29"
                    TAGREFS="LT8"
                    BASELINE="87 1538 1680 1532" 
                    HPOS="85.0"
                    VPOS="1501.0"
                    WIDTH="1595.0"
                    HEIGHT="57.0">
            <Shape><Polygon POINTS="87 1538 87 1558 1680 1558 1680 1532 1674 1501 85 1505 87 1538"/></Shape>
	    <String CONTENT="queril q̃ peccato contra naturã conſentire. oſtendens pręterea de talibus arctiſſimam"
                    HPOS="85.0"
                    VPOS="1501.0"
                    WIDTH="1595.0"
                    HEIGHT="57.0"
                    WC="0.9987843927295729"></String>
          </TextLine>
          <TextLine ID="line_30"
                    TAGREFS="LT8"
                    BASELINE="85 1580 1678 1576" 
                    HPOS="83.0"
                    VPOS="1544.0"
                    WIDTH="1595.0"
                    HEIGHT="57.0">
            <Shape><Polygon POINTS="85 1580 85 1601 1676 1597 1678 1576 1674 1548 83 1544 85 1580"/></Shape>
	    <String CONTENT="&amp; ſeueriſſimam faciendam eſſe iuſtitiam: propter quos etiam inſontes tum cõmunita¬"
                    HPOS="83.0"
                    VPOS="1544.0"
                    WIDTH="1595.0"
                    HEIGHT="57.0"
                    WC="0.9870830566050058"></String>
          </TextLine>
          <TextLine ID="line_31"
                    TAGREFS="LT8"
                    BASELINE="85 1627 1678 1623" 
                    HPOS="83.0"
                    VPOS="1590.0"
                    WIDTH="1595.0"
                    HEIGHT="55.0">
            <Shape><Polygon POINTS="85 1627 85 1645 1676 1643 1678 1623 1674 1592 83 1590 85 1627"/></Shape>
	    <String CONTENT="tes tum regiones puniunturlaut etiam funditus euertuntur. propter hoc: terrę motus"
                    HPOS="83.0"
                    VPOS="1590.0"
                    WIDTH="1595.0"
                    HEIGHT="55.0"
                    WC="0.995799711669784"></String>
          </TextLine>
          <TextLine ID="line_32"
                    TAGREFS="LT8"
                    BASELINE="87 1669 1678 1665" 
                    HPOS="85.0"
                    VPOS="1629.0"
                    WIDTH="1593.0"
                    HEIGHT="63.0">
            <Shape><Polygon POINTS="87 1669 87 1688 1674 1692 1678 1665 1672 1629 85 1639 87 1669"/></Shape>
	    <String CONTENT="vrbes diruunt flãmę erumpunt omnia populantes jaut ignis de cœlo deſcenditi fruges"
                    HPOS="85.0"
                    VPOS="1629.0"
                    WIDTH="1593.0"
                    HEIGHT="63.0"
                    WC="0.9869073920306706"></String>
          </TextLine>
          <TextLine ID="line_33"
                    TAGREFS="LT8"
                    BASELINE="85 1714 1678 1710" 
                    HPOS="83.0"
                    VPOS="1680.0"
                    WIDTH="1595.0"
                    HEIGHT="58.0">
            <Shape><Polygon POINTS="85 1714 85 1734 1674 1738 1678 1710 1674 1680 83 1680 85 1714"/></Shape>
	    <String CONTENT="terrę pereũt &amp; pecora &amp; omnis labor colonorũ perit irritꝰ! &amp; poſt hęc aię ſuppliciũ ſu"
                    HPOS="83.0"
                    VPOS="1680.0"
                    WIDTH="1595.0"
                    HEIGHT="58.0"
                    WC="0.9933816887762236"></String>
          </TextLine>
          <TextLine ID="line_34"
                    TAGREFS="LT8"
                    BASELINE="85 1759 1672 1753" 
                    HPOS="83.0"
                    VPOS="1724.0"
                    WIDTH="1589.0"
                    HEIGHT="53.0">
            <Shape><Polygon POINTS="85 1759 85 1775 1668 1777 1672 1753 1668 1724 83 1724 85 1759"/></Shape>
	    <String CONTENT="beũt ſempiternũ. O iudices vrbiũ vigilatei ne hoc inſerpat malũ: maxime hoc tẽporet"
                    HPOS="83.0"
                    VPOS="1724.0"
                    WIDTH="1589.0"
                    HEIGHT="53.0"
                    WC="0.9938245490193367"></String>
          </TextLine>
          <TextLine ID="line_35"
                    TAGREFS="LT8"
                    BASELINE="87 1803 1670 1797" 
                    HPOS="85.0"
                    VPOS="1763.0"
                    WIDTH="1585.0"
                    HEIGHT="58.0">
            <Shape><Polygon POINTS="87 1803 87 1821 1668 1817 1670 1797 1664 1763 85 1771 87 1803"/></Shape>
	    <String CONTENT="vbi tot &amp; tanta monſtra contingunti quę portendũt neſcio quid dirumi &amp; vbi diabolus"
                    HPOS="85.0"
                    VPOS="1763.0"
                    WIDTH="1585.0"
                    HEIGHT="58.0"
                    WC="0.9875053749364965"></String>
          </TextLine>
          <TextLine ID="line_36"
                    TAGREFS="LT8"
                    BASELINE="87 1846 1670 1842" 
                    HPOS="85.0"
                    VPOS="1805.0"
                    WIDTH="1585.0"
                    HEIGHT="63.0">
            <Shape><Polygon POINTS="87 1846 87 1866 1666 1868 1670 1842 1664 1805 85 1815 87 1846"/></Shape>
	    <String CONTENT="videtur aliquid habere virium ad tã infandum &amp; tam immanc ſeminandum venenũ."
                    HPOS="85.0"
                    VPOS="1805.0"
                    WIDTH="1585.0"
                    HEIGHT="63.0"
                    WC="0.9929026472262847"></String>
          </TextLine>
          <TextLine ID="line_37"
                    TAGREFS="LT8"
                    BASELINE="85 1890 1670 1886" 
                    HPOS="83.0"
                    VPOS="1856.0"
                    WIDTH="1587.0"
                    HEIGHT="55.0">
            <Shape><Polygon POINTS="85 1890 85 1911 1668 1909 1670 1886 1664 1856 83 1858 85 1890"/></Shape>
	    <String CONTENT="reſecate dum nouum eſt: dum vires debiles ſunt ad nocẽdum. Hydra eſt Echidna eſt."
                    HPOS="83.0"
                    VPOS="1856.0"
                    WIDTH="1587.0"
                    HEIGHT="55.0"
                    WC="0.9879940057673106"></String>
          </TextLine>
          <TextLine ID="line_38"
                    TAGREFS="LT8"
                    BASELINE="85 1935 1670 1929" 
                    HPOS="83.0"
                    VPOS="1898.0"
                    WIDTH="1587.0"
                    HEIGHT="61.0">
            <Shape><Polygon POINTS="85 1935 85 1959 1668 1947 1670 1929 1664 1898 83 1903 85 1935"/></Shape>
	    <String CONTENT="Hydram Hercules ſuſtulit flãmis: ne creuiſſet in imenſum. Videte ſi iuſtitiã non feceri¬"
                    HPOS="83.0"
                    VPOS="1898.0"
                    WIDTH="1587.0"
                    HEIGHT="61.0"
                    WC="0.9838094366921319"></String>
          </TextLine>
          <TextLine ID="line_39"
                    TAGREFS="LT8"
                    BASELINE="85 1980 1670 1973" 
                    HPOS="83.0"
                    VPOS="1943.0"
                    WIDTH="1587.0"
                    HEIGHT="57.0">
            <Shape><Polygon POINTS="85 1980 85 2000 1668 1996 1670 1973 1664 1943 83 1947 85 1980"/></Shape>
	    <String CONTENT="tis: ne iuſtitia dei deſuperl vos perdat quod in vniuerſum perit ſaluare nolẽtes. deum"
                    HPOS="83.0"
                    VPOS="1943.0"
                    WIDTH="1587.0"
                    HEIGHT="57.0"
                    WC="0.9877645147257837"></String>
          </TextLine>
          <TextLine ID="line_40"
                    TAGREFS="LT8"
                    BASELINE="81 2026 1668 2016" 
                    HPOS="79.0"
                    VPOS="1984.0"
                    WIDTH="1589.0"
                    HEIGHT="60.0">
            <Shape><Polygon POINTS="81 2026 81 2044 1666 2038 1668 2016 1664 1984 79 1984 81 2026"/></Shape>
	    <String CONTENT="habete ante conſpectum: alioqui ſi non habueritis fiet de vobis quod &amp; de ijs factum"
                    HPOS="79.0"
                    VPOS="1984.0"
                    WIDTH="1589.0"
                    HEIGHT="60.0"
                    WC="0.9969206338837033"></String>
          </TextLine>
          <TextLine ID="line_41"
                    TAGREFS="LT8"
                    BASELINE="83 2069 1668 2063" 
                    HPOS="81.0"
                    VPOS="2032.0"
                    WIDTH="1587.0"
                    HEIGHT="55.0">
            <Shape><Polygon POINTS="83 2069 83 2087 1666 2081 1668 2063 1662 2032 81 2036 83 2069"/></Shape>
	    <String CONTENT="eſt qui dei prę ſe iugẽ memoriam habere noluerunt. Quid nam? Certe ſicut dei obliti"
                    HPOS="81.0"
                    VPOS="2032.0"
                    WIDTH="1587.0"
                    HEIGHT="55.0"
                    WC="0.9966624344096464"></String>
          </TextLine>
          <TextLine ID="line_42"
                    TAGREFS="LT8"
                    BASELINE="36 2119 1670 2105" 
                    HPOS="34.0"
                    VPOS="2065.0"
                    WIDTH="1636.0"
                    HEIGHT="75.0">
            <Shape><Polygon POINTS="36 2119 36 2140 1670 2121 1670 2105 1664 2065 34 2075 36 2119"/></Shape>
	    <String CONTENT="10 ſunt: ita deus oblitus eſt eorũ. Quod ſatis ex ſubſequẽtibus ijs verbis Pauli intellectui"
                    HPOS="34.0"
                    VPOS="2065.0"
                    WIDTH="1636.0"
                    HEIGHT="75.0"
                    WC="0.9812126571827746"></String>
          </TextLine>
          <TextLine ID="line_43"
                    TAGREFS="LT8"
                    BASELINE="58 2162 1670 2150" 
                    HPOS="56.0"
                    VPOS="2109.0"
                    WIDTH="1614.0"
                    HEIGHT="77.0">
            <Shape><Polygon POINTS="180 2119 56 2130 58 2162 58 2186 1668 2174 1670 2150 1664 2109 841 2123 634 2123 182 2119 180 2119"/></Shape>
	    <String CONTENT=", peruiũ eſt dicentis. ¶Et ſicut non probaucrunt deum habere in notitia: tradidit eos"
                    HPOS="56.0"
                    VPOS="2109.0"
                    WIDTH="1614.0"
                    HEIGHT="77.0"
                    WC="0.9921437501907349"></String>
          </TextLine>
          <TextLine ID="line_44"
                    TAGREFS="LT8"
                    BASELINE="60 2207 1666 2192" 
                    HPOS="58.0"
                    VPOS="2162.0"
                    WIDTH="1608.0"
                    HEIGHT="67.0">
            <Shape><Polygon POINTS="60 2207 60 2229 1664 2215 1666 2192 1660 2162 58 2170 60 2207"/></Shape>
	    <String CONTENT=",deus in iprobam mentẽ faciendi quę non decẽt repletos omni iniuſtitia ſfornicationel"
                    HPOS="58.0"
                    VPOS="2162.0"
                    WIDTH="1608.0"
                    HEIGHT="67.0"
                    WC="0.9884538264437155"></String>
          </TextLine>
          <TextLine ID="line_45"
                    TAGREFS="LT8"
                    BASELINE="58 2251 1668 2237" 
                    HPOS="56.0"
                    VPOS="2205.0"
                    WIDTH="1612.0"
                    HEIGHT="66.0">
            <Shape><Polygon POINTS="58 2251 58 2271 1666 2253 1668 2237 1664 2207 516 2205 514 2205 56 2219 58 2251"/></Shape>
	    <String CONTENT=",nęquitia auaritia malignitatel plenos iuidia cędeſ cõtẽtione! dolo! deprauata cõſuetu¬"
                    HPOS="56.0"
                    VPOS="2205.0"
                    WIDTH="1612.0"
                    HEIGHT="66.0"
                    WC="0.9875294410664103"></String>
          </TextLine>
          <TextLine ID="line_46"
                    TAGREFS="LT8"
                    BASELINE="60 2296 1668 2284" 
                    HPOS="58.0"
                    VPOS="2245.0"
                    WIDTH="1610.0"
                    HEIGHT="71.0">
            <Shape><Polygon POINTS="60 2296 60 2316 1668 2298 1668 2284 1662 2245 58 2263 60 2296"/></Shape>
	    <String CONTENT=",dine! murmuratores detractores! deo odibiles! iniurioſos! ſuperbos ſarrogãtes) inuẽ¬"
                    HPOS="58.0"
                    VPOS="2245.0"
                    WIDTH="1610.0"
                    HEIGHT="71.0"
                    WC="0.978047636733658"></String>
          </TextLine>
          <TextLine ID="line_47"
                    TAGREFS="LT8"
                    BASELINE="70 2338 1668 2328" 
                    HPOS="68.0"
                    VPOS="2294.0"
                    WIDTH="1600.0"
                    HEIGHT="69.0">
            <Shape><Polygon POINTS="70 2338 70 2363 1666 2350 1668 2328 1662 2294 68 2304 70 2338"/></Shape>
	    <String CONTENT=",tores malorũl parentibus rebelles linſipientes incõpoſitos ſine dilectionel infidos imi¬"
                    HPOS="68.0"
                    VPOS="2294.0"
                    WIDTH="1600.0"
                    HEIGHT="69.0"
                    WC="0.9865480753091666"></String>
          </TextLine>
          <TextLine ID="line_48"
                    TAGREFS="LT8"
                    BASELINE="66 2383 1668 2371" 
                    HPOS="64.0"
                    VPOS="2336.0"
                    WIDTH="1604.0"
                    HEIGHT="73.0">
            <Shape><Polygon POINTS="66 2383 66 2409 1666 2393 1668 2371 1664 2336 695 2336 693 2336 596 2346 589 2346 579 2346 375 2338 373 2338 370 2338 328 2348 87 2340 85 2340 83 2340 64 2348 66 2383"/></Shape>
	    <String CONTENT=", ſericordes. qui iuſtitiã dei cognoſcentes  ꝙ qui talia agunt digni ſunt morte: non ſolũ"
                    HPOS="64.0"
                    VPOS="2336.0"
                    WIDTH="1604.0"
                    HEIGHT="73.0"
                    WC="0.9951992336210314"></String>
          </TextLine>
          <TextLine ID="line_49"
                    TAGREFS="LT8"
                    BASELINE="68 2427 1668 2415" 
                    HPOS="66.0"
                    VPOS="2383.0"
                    WIDTH="1602.0"
                    HEIGHT="69.0">
            <Shape><Polygon POINTS="68 2427 68 2452 1668 2440 1668 2415 1662 2383 66 2395 68 2427"/></Shape>
	    <String CONTENT="hęc aguntiſed etiã conſentiunt agentibus. (LQuid eſt nõ probauerunt deũ habere in"
                    HPOS="66.0"
                    VPOS="2383.0"
                    WIDTH="1602.0"
                    HEIGHT="69.0"
                    WC="0.9921875056098489"></String>
          </TextLine>
          <TextLine ID="line_50"
                    TAGREFS="LT8"
                    BASELINE="81 2472 1666 2458" 
                    HPOS="79.0"
                    VPOS="2427.0"
                    WIDTH="1587.0"
                    HEIGHT="65.0">
            <Shape><Polygon POINTS="81 2472 81 2492 1664 2474 1666 2458 1660 2427 79 2436 81 2472"/></Shape>
	    <String CONTENT="notitiã: niſi nõ tentauerũt nõ ſtuducrunt dei retinere notitiã &amp; deũ i oibus ſuis agẽ¬"
                    HPOS="79.0"
                    VPOS="2427.0"
                    WIDTH="1587.0"
                    HEIGHT="65.0"
                    WC="0.9933742169410952"></String>
          </TextLine>
          <TextLine ID="line_51"
                    TAGREFS="LT8"
                    BASELINE="77 2511 1664 2502" 
                    HPOS="75.0"
                    VPOS="2474.0"
                    WIDTH="1589.0"
                    HEIGHT="57.0">
            <Shape><Polygon POINTS="77 2511 77 2531 1662 2523 1664 2502 1658 2474 75 2480 77 2511"/></Shape>
	    <String CONTENT="dis: habere p̃ſentẽ? Ideo quaſi ex oppoſito eorũ oblitus deus| dimiſit eis mentẽ ĩprobã"
                    HPOS="75.0"
                    VPOS="2474.0"
                    WIDTH="1589.0"
                    HEIGHT="57.0"
                    WC="0.9895338234694108"></String>
          </TextLine>
          <TextLine ID="line_52"
                    TAGREFS="LT8"
                    BASELINE="81 2559 1666 2547" 
                    HPOS="79.0"
                    VPOS="2515.0"
                    WIDTH="1587.0"
                    HEIGHT="62.0">
            <Shape><Polygon POINTS="81 2559 81 2577 1664 2569 1666 2547 1660 2515 79 2527 81 2559"/></Shape>
	    <String CONTENT="id ẽ nichil recte tẽtantẽt nichil experientẽ ꝗd bonũ ſit, cũ id experiri noluiſſent: qd ſũ¬"
                    HPOS="79.0"
                    VPOS="2515.0"
                    WIDTH="1587.0"
                    HEIGHT="62.0"
                    WC="0.9823750433873157"></String>
          </TextLine>
          <TextLine ID="line_53"
                    TAGREFS="LT8"
                    BASELINE="79 2602 1662 2592" 
                    HPOS="77.0"
                    VPOS="2555.0"
                    WIDTH="1585.0"
                    HEIGHT="67.0">
            <Shape><Polygon POINTS="79 2602 79 2622 1660 2610 1662 2592 1656 2555 77 2569 79 2602"/></Shape>
	    <String CONTENT="me erat eis bonũ, ergo ex oppoſitoſ qui ĩ oibus ſuis agẽdis ſtudẽt dei retinere notitiãl"
                    HPOS="77.0"
                    VPOS="2555.0"
                    WIDTH="1585.0"
                    HEIGHT="67.0"
                    WC="0.9682416685165898"></String>
          </TextLine>
          <TextLine ID="line_54"
                    TAGREFS="LT8"
                    BASELINE="79 2646 1666 2634" 
                    HPOS="77.0"
                    VPOS="2602.0"
                    WIDTH="1589.0"
                    HEIGHT="65.0">
            <Shape><Polygon POINTS="79 2646 79 2667 1664 2654 1666 2634 1660 2602 77 2606 79 2646"/></Shape>
	    <String CONTENT="ipſã ſẽper prę oculis haberet faciũt q̃ decent iuſtitia pleni ſuntſ fornicationẽ fugiunt"
                    HPOS="77.0"
                    VPOS="2602.0"
                    WIDTH="1589.0"
                    HEIGHT="65.0"
                    WC="0.9937759079831712"></String>
          </TextLine>
          <TextLine ID="line_55"
                    TAGREFS="LT8"
                    BASELINE="81 2689 1666 2679" 
                    HPOS="79.0"
                    VPOS="2646.0"
                    WIDTH="1587.0"
                    HEIGHT="63.0">
            <Shape><Polygon POINTS="81 2689 81 2709 1664 2699 1666 2679 1660 2646 79 2650 81 2689"/></Shape>
	    <String CONTENT="&amp; omnẽ nęquitiã mũdi &amp; boni liberales ſunt! beniuolil amici inſontes pacificil ſim¬"
                    HPOS="79.0"
                    VPOS="2646.0"
                    WIDTH="1587.0"
                    HEIGHT="63.0"
                    WC="0.9814693605762789"></String>
          </TextLine>
          <TextLine ID="line_56"
                    TAGREFS="LT8"
                    BASELINE="81 2738 1662 2721" 
                    HPOS="79.0"
                    VPOS="2683.0"
                    WIDTH="1583.0"
                    HEIGHT="83.0">
            <Shape><Polygon POINTS="81 2738 81 2766 1660 2746 1662 2721 1656 2683 1064 2699 79 2699 81 2738"/></Shape>
	    <String CONTENT="plices bonorũ morũ patientes (nemini detrahẽtes! pij deo amabiles iuſti humiles!"
                    HPOS="79.0"
                    VPOS="2683.0"
                    WIDTH="1583.0"
                    HEIGHT="83.0"
                    WC="0.9848982117005757"></String>
          </TextLine>
          <TextLine ID="line_57"
                    TAGREFS="LT8"
                    BASELINE="81 2780 1670 2768" 
                    HPOS="79.0"
                    VPOS="2729.0"
                    WIDTH="1591.0"
                    HEIGHT="71.0">
            <Shape><Polygon POINTS="81 2780 81 2800 1404 2800 1404 2798 1668 2786 1670 2768 1664 2729 606 2746 502 2746 123 2740 121 2740 119 2740 79 2750 81 2780"/></Shape>
	    <String CONTENT="nõ ambitioſi bona procurantes parẽtibus obſequentes ſapientes modeſti dilectionẽ"
                    HPOS="79.0"
                    VPOS="2729.0"
                    WIDTH="1591.0"
                    HEIGHT="71.0"
                    WC="0.9821009018334997"></String>
          </TextLine>
          <TextLine ID="line_58"
                    TAGREFS="LT8"
                    BASELINE="77 2827 1668 2813" 
                    HPOS="75.0"
                    VPOS="2782.0"
                    WIDTH="1593.0"
                    HEIGHT="69.0">
            <Shape><Polygon POINTS="77 2827 77 2851 1666 2831 1668 2813 1662 2782 75 2792 77 2827"/></Shape>
	    <String CONTENT="habentes fidil miſericordes deũ bonorũ retributorem! &amp; malorũ vindicem agnoſcen¬"
                    HPOS="75.0"
                    VPOS="2782.0"
                    WIDTH="1593.0"
                    HEIGHT="69.0"
                    WC="0.9928139412259481"></String>
          </TextLine>
          <TextLine ID="line_59"
                    TAGREFS="LT8"
                    BASELINE="72 2867 1670 2857" 
                    HPOS="70.0"
                    VPOS="2819.0"
                    WIDTH="1600.0"
                    HEIGHT="73.0">
            <Shape><Polygon POINTS="72 2867 72 2892 1668 2877 1670 2857 1664 2819 70 2833 72 2867"/></Shape>
	    <String CONTENT="tes ac bonis &amp; non malis acquieſcentes. Signum igitur eſt ꝙ quis a deo non eſt ſibi"
                    HPOS="70.0"
                    VPOS="2819.0"
                    WIDTH="1600.0"
                    HEIGHT="73.0"
                    WC="0.9834461599947458"></String>
          </TextLine>
          <TextLine ID="line_60"
                    TAGREFS="LT8"
                    BASELINE="75 2910 1670 2900" 
                    HPOS="72.0"
                    VPOS="2865.0"
                    WIDTH="1598.0"
                    HEIGHT="112.0">
            <Shape><Polygon POINTS="75 2910 75 2952 267 2952 277 2956 295 2969 298 2969 300 2969 381 2977 383 2977 502 2965 504 2965 506 2965 514 2958 527 2950 707 2950 733 2960 770 2973 772 2973 774 2975 985 2975 985 2973 987 2973 989 2973 1005 2960 1009 2958 1019 2960 1042 2969 1044 2969 1046 2969 1048 2969 1050 2969 1058 2962 1068 2954 1141 2952 1169 2962 1181 2967 1183 2967 1185 2967 1187 2967 1202 2962 1228 2954 1256 2962 1263 2965 1265 2965 1267 2965 1277 2962 1329 2950 1358 2962 1370 2969 1372 2969 1374 2969 1400 2965 1447 2954 1488 2965 1506 2969 1508 2969 1510 2969 1536 2965 1597 2954 1668 2965 1670 2900 1664 2865 72 2881 75 2910"/></Shape>
	    <String CONTENT="derelidus: cũ m omnibus agendis ſuis memoria dei occurrit &amp; omnia ſua agit yeluti"
                    HPOS="72.0"
                    VPOS="2865.0"
                    WIDTH="1598.0"
                    HEIGHT="112.0"
                    WC="0.9646273698748612"></String>
          </TextLine>
        </TextBlock>
        <TextBlock HPOS="878"
                   VPOS="215"
                   WIDTH="51"
                   HEIGHT="69"
                   ID="block_4"
                   TAGREFS="BT15">
          <Shape><Polygon POINTS="929 215 929 284 878 284 878 215"/></Shape>
          <TextLine ID="line_1"
                    TAGREFS="LT10"
                    BASELINE="896 263 908 265" 
                    HPOS="889"
                    VPOS="184"
                    WIDTH="27"
                    HEIGHT="111">
            <Shape><Polygon POINTS="889 293 900 295 908 265 916 184 906 184 896 263"/></Shape>
	    <String CONTENT="I"
                    HPOS="889"
                    VPOS="184"
                    WIDTH="27"
                    HEIGHT="111"
                    WC="0.97940993309021"></String>
          </TextLine>
        </TextBlock>
        <TextBlock HPOS="1527"
                   VPOS="236"
                   WIDTH="75"
                   HEIGHT="60"
                   ID="block_3"
                   TAGREFS="BT15">
          <Shape><Polygon POINTS="1602 236 1602 296 1527 296 1527 236"/></Shape>
          <TextLine ID="line_0"
                    TAGREFS="LT8"
                    BASELINE="1528 267 1605 267" 
                    HPOS="1528.0"
                    VPOS="222.0"
                    WIDTH="77.0"
                    HEIGHT="73.0">
            <Shape><Polygon POINTS="1528 267 1528 285 1546 295 1548 295 1550 295 1605 283 1605 267 1605 233 1528 222 1528 267"/></Shape>
	    <String CONTENT="69"
                    HPOS="1528.0"
                    VPOS="222.0"
                    WIDTH="77.0"
                    HEIGHT="73.0"
                    WC="0.9999547600746155"></String>
          </TextLine>
        </TextBlock>
        <TextBlock HPOS="1789"
                   VPOS="186"
                   WIDTH="99"
                   HEIGHT="74"
                   ID="block_2"
                   TAGREFS="BT15">
          <Shape><Polygon POINTS="1888 186 1888 260 1789 260 1789 186"/></Shape>
          <TextLine ID="line_61"
                    TAGREFS="LT8"
                    BASELINE="1792 222 1881 229" 
                    HPOS="1788.0"
                    VPOS="149.0"
                    WIDTH="95.0"
                    HEIGHT="134.0">
            <Shape><Polygon POINTS="1792 222 1788 283 1877 281 1881 229 1883 166 1852 149 1850 149 1848 149 1846 149 1794 166 1792 222"/></Shape>
	    <String CONTENT="Ro."
                    HPOS="1788.0"
                    VPOS="149.0"
                    WIDTH="95.0"
                    HEIGHT="134.0"
                    WC="0.9979254802068075"></String>
          </TextLine>
        </TextBlock>
      </PrintSpace>
    </Page>
  </Layout>
</alto>
