<?xml version="1.0" encoding="UTF-8"?>
<alto xmlns:xsi="http://www.w3.org/2001/XMLSchema-instance"
      xmlns="http://www.loc.gov/standards/alto/ns-v4#"
      xsi:schemaLocation="http://www.loc.gov/standards/alto/ns-v4# http://www.loc.gov/standards/alto/v4/alto-4-2.xsd">
  <Description>
    <MeasurementUnit>pixel</MeasurementUnit>
    <sourceImageInformation>
      <fileName>bsb11059254_00211.jpg</fileName>
    </sourceImageInformation>
  </Description>
  <Tags>
    <OtherTag ID="BT7" LABEL="CustomZone" DESCRIPTION="block type CustomZone"/><OtherTag ID="BT8" LABEL="DamageZone" DESCRIPTION="block type DamageZone"/><OtherTag ID="BT9" LABEL="DigitizationArtefactZone" DESCRIPTION="block type DigitizationArtefactZone"/><OtherTag ID="BT10" LABEL="DropCapitalZone" DESCRIPTION="block type DropCapitalZone"/><OtherTag ID="BT11" LABEL="GraphicZone" DESCRIPTION="block type GraphicZone"/><OtherTag ID="BT12" LABEL="MainZone" DESCRIPTION="block type MainZone"/><OtherTag ID="BT13" LABEL="MarginTextZone" DESCRIPTION="block type MarginTextZone"/><OtherTag ID="BT14" LABEL="MusicZone" DESCRIPTION="block type MusicZone"/><OtherTag ID="BT15" LABEL="NumberingZone" DESCRIPTION="block type NumberingZone"/><OtherTag ID="BT17" LABEL="QuireMarksZone" DESCRIPTION="block type QuireMarksZone"/><OtherTag ID="BT18" LABEL="RunningTitleZone" DESCRIPTION="block type RunningTitleZone"/><OtherTag ID="BT19" LABEL="SealZone" DESCRIPTION="block type SealZone"/><OtherTag ID="BT20" LABEL="StampZone" DESCRIPTION="block type StampZone"/><OtherTag ID="BT21" LABEL="TableZone" DESCRIPTION="block type TableZone"/><OtherTag ID="BT22" LABEL="TitlePageZone" DESCRIPTION="block type TitlePageZone"/><OtherTag ID="BT992" LABEL="MainZone-Head" DESCRIPTION="block type MainZone-Head"/><OtherTag ID="BT993" LABEL="MainZone-P" DESCRIPTION="block type MainZone-P"/><OtherTag ID="BT994" LABEL="MainZone-P-Continued" DESCRIPTION="block type MainZone-P-Continued"/><OtherTag ID="BT995" LABEL="MarginTextZone-ManuscriptAddendum" DESCRIPTION="block type MarginTextZone-ManuscriptAddendum"/>
    <OtherTag ID="LT7" LABEL="CustomLine" DESCRIPTION="line type CustomLine"/><OtherTag ID="LT8" LABEL="DefaultLine" DESCRIPTION="line type DefaultLine"/><OtherTag ID="LT9" LABEL="DropCapitalLine" DESCRIPTION="line type DropCapitalLine"/><OtherTag ID="LT10" LABEL="HeadingLine" DESCRIPTION="line type HeadingLine"/><OtherTag ID="LT11" LABEL="InterlinearLine" DESCRIPTION="line type InterlinearLine"/><OtherTag ID="LT12" LABEL="MusicLine" DESCRIPTION="line type MusicLine"/>
  </Tags>
  <Layout>
    <Page WIDTH="2203"
          HEIGHT="3645"
          PHYSICAL_IMG_NR="8"
          ID="eSc_dummypage_">
      <PrintSpace HPOS="0"
                  VPOS="0"
                  WIDTH="2203"
                  HEIGHT="3645">
        <TextBlock HPOS="1754"
                   VPOS="128"
                   WIDTH="91"
                   HEIGHT="61"
                   ID="block_4"
                   TAGREFS="BT15">
          <Shape><Polygon POINTS="1845 128 1845 189 1754 189 1754 128"/></Shape>
          <TextLine ID="line_60"
                    TAGREFS="LT8"
                    BASELINE="1751 162 1840 166" 
                    HPOS="1749.0"
                    VPOS="109.0"
                    WIDTH="91.0"
                    HEIGHT="87.0">
            <Shape><Polygon POINTS="1749 190 1836 196 1840 166 1836 127 1797 127 1753 109 1751 162 1749 190"/></Shape>
	    <String CONTENT="Ro."
                    HPOS="1749.0"
                    VPOS="109.0"
                    WIDTH="91.0"
                    HEIGHT="87.0"
                    WC="0.9999578396479288"></String>
          </TextLine>
        </TextBlock>
        <TextBlock HPOS="17"
                   VPOS="1270"
                   WIDTH="1632"
                   HEIGHT="1650"
                   ID="eSc_textblock_fa24cd2e"
                   TAGREFS="BT993">
          <Shape><Polygon POINTS="17 1281 25 2920 1649 2867 1636 1270"/></Shape>
          <TextLine ID="eSc_line_a2a89e70"
                    TAGREFS="LT8"
                    BASELINE="20 1815 33 1815 49 1818" 
                    HPOS="12"
                    VPOS="1734"
                    WIDTH="42"
                    HEIGHT="131">
            <Shape><Polygon POINTS="18 1813 12 1852 36 1865 48 1816 54 1746 24 1734 18 1813"/></Shape>
	    <String CONTENT=""
                    HPOS="12"
                    VPOS="1734"
                    WIDTH="42"
                    HEIGHT="131"></String>
          </TextLine>
          <TextLine ID="eSc_line_2feef45d"
                    TAGREFS="LT8"
                    BASELINE="29 1528 59 1528" 
                    HPOS="27"
                    VPOS="1467"
                    WIDTH="30"
                    HEIGHT="76">
            <Shape><Polygon POINTS="27 1527 27 1543 57 1543 57 1527 57 1470 27 1467 27 1527"/></Shape>
	    <String CONTENT=""
                    HPOS="27"
                    VPOS="1467"
                    WIDTH="30"
                    HEIGHT="76"></String>
          </TextLine>
        </TextBlock>
        <TextBlock HPOS="1656"
                   VPOS="2085"
                   WIDTH="515"
                   HEIGHT="268"
                   ID="block_1"
                   >
          <Shape><Polygon POINTS="2171 2085 2171 2353 1656 2353 1656 2085"/></Shape>
          <TextLine ID="line_61"
                    TAGREFS="LT8"
                    BASELINE="1680 2156 2142 2156" 
                    HPOS="1680.0"
                    VPOS="2077.0"
                    WIDTH="462.0"
                    HEIGHT="116.0">
            <Shape><Polygon POINTS="1680 2156 1680 2191 2053 2176 2077 2191 2079 2191 2081 2191 2140 2193 2142 2156 2138 2089 2085 2110 1939 2110 1894 2087 1892 2087 1890 2087 1850 2093 1834 2081 1832 2079 1832 2077 1830 2077 1828 2077 1680 2077 1680 2156"/></Shape>
	    <String CONTENT="vm δruent, y da"
                    HPOS="1680.0"
                    VPOS="2077.0"
                    WIDTH="462.0"
                    HEIGHT="116.0"
                    WC="0.8982945879300436"></String>
          </TextLine>
          <TextLine ID="line_62"
                    TAGREFS="LT8"
                    BASELINE="1698 2229 2146 2223" 
                    HPOS="1698.0"
                    VPOS="2170.0"
                    WIDTH="448.0"
                    HEIGHT="112.0">
            <Shape><Polygon POINTS="1698 2265 1722 2282 1724 2282 1726 2282 1728 2282 1828 2272 1840 2282 1842 2282 1844 2282 1846 2282 1848 2282 1896 2259 1907 2255 1911 2259 1921 2268 1921 2270 1923 2270 1925 2270 1927 2270 1929 2270 1963 2259 1996 2249 2095 2249 2107 2255 2119 2265 2121 2265 2123 2265 2125 2265 2128 2265 2146 2255 2146 2223 2142 2193 2042 2170 2040 2170 2038 2170 2036 2170 2036 2172 2018 2189 2016 2189 2014 2187 2010 2182 2008 2182 2006 2182 2004 2182 1969 2187 1911 2193 1884 2182 1858 2172 1856 2172 1854 2172 1852 2172 1828 2180 1791 2197 1730 2197 1700 2176 1698 2229 1698 2265"/></Shape>
	    <String CONTENT="cephs panus"
                    HPOS="1698.0"
                    VPOS="2170.0"
                    WIDTH="448.0"
                    HEIGHT="112.0"
                    WC="0.9641630541194569"></String>
          </TextLine>
          <TextLine ID="line_63"
                    TAGREFS="LT8"
                    BASELINE="1746 2304 2024 2304" 
                    HPOS="1746.0"
                    VPOS="2251.0"
                    WIDTH="278.0"
                    HEIGHT="118.0">
            <Shape><Polygon POINTS="1746 2304 1746 2336 1836 2367 1838 2367 1840 2369 1937 2369 1937 2367 1939 2367 1992 2338 2024 2338 2024 2304 2024 2255 1947 2251 1945 2251 1943 2251 1941 2251 1941 2253 1933 2259 1929 2265 1919 2261 1896 2251 1894 2251 1892 2251 1890 2251 1888 2251 1874 2263 1860 2274 1746 2274 1746 2304"/></Shape>
	    <String CONTENT="enferfit"
                    HPOS="1746.0"
                    VPOS="2251.0"
                    WIDTH="278.0"
                    HEIGHT="118.0"
                    WC="0.9954920187592506"></String>
          </TextLine>
        </TextBlock>
        <TextBlock HPOS="829"
                   VPOS="156"
                   WIDTH="51"
                   HEIGHT="69"
                   ID="block_5"
                   TAGREFS="BT18">
          <Shape><Polygon POINTS="880 156 880 225 829 225 829 156"/></Shape>
          <TextLine ID="line_0"
                    TAGREFS="LT10"
                    BASELINE="839 208 875 204" 
                    HPOS="830"
                    VPOS="145"
                    WIDTH="45"
                    HEIGHT="79">
            <Shape><Polygon POINTS="839 224 875 222 875 204 867 145 830 145 839 208"/></Shape>
	    <String CONTENT="I"
                    HPOS="830"
                    VPOS="145"
                    WIDTH="45"
                    HEIGHT="79"
                    WC="0.9999741315841675"></String>
          </TextLine>
        </TextBlock>
        <TextBlock HPOS="8"
                   VPOS="2182"
                   WIDTH="56"
                   HEIGHT="58"
                   ID="eSc_textblock_c535aa96"
                   TAGREFS="BT15">
          <Shape><Polygon POINTS="8 2182 8 2240 64 2240 64 2182"/></Shape>
          <TextLine ID="eSc_line_bfe14ebf"
                    TAGREFS="LT8"
                    BASELINE="21 2219 45 2219" 
                    HPOS="18"
                    VPOS="2214"
                    WIDTH="24"
                    HEIGHT="36">
            <Shape><Polygon POINTS="18 2217 18 2250 42 2250 42 2217 18 2214 18 2217"/></Shape>
	    <String CONTENT=""
                    HPOS="18"
                    VPOS="2214"
                    WIDTH="24"
                    HEIGHT="36"></String>
          </TextLine>
        </TextBlock>
        <TextBlock HPOS="1462"
                   VPOS="140"
                   WIDTH="117"
                   HEIGHT="93"
                   ID="eSc_textblock_de79b322"
                   TAGREFS="BT15">
          <Shape><Polygon POINTS="1462 140 1462 233 1579 233 1579 140"/></Shape>
        </TextBlock>
        <TextBlock HPOS="31"
                   VPOS="231"
                   WIDTH="1602"
                   HEIGHT="1048"
                   ID="eSc_textblock_74e09cda"
                   TAGREFS="BT994">
          <Shape><Polygon POINTS="1633 245 1622 1258 52 1279 34 1138 31 231 764 237"/></Shape>
        </TextBlock>
        <TextBlock HPOS="72"
                   VPOS="1279"
                   WIDTH="292"
                   HEIGHT="333"
                   ID="eSc_textblock_ca0cb6ba"
                   TAGREFS="BT10">
          <Shape><Polygon POINTS="72 1605 74 1281 364 1279 364 1612"/></Shape>
        </TextBlock>
        <TextBlock HPOS="8"
                   VPOS="1467"
                   WIDTH="53"
                   HEIGHT="75"
                   ID="eSc_textblock_a86d5b2b"
                   TAGREFS="BT15">
          <Shape><Polygon POINTS="8 1467 8 1542 61 1542 61 1467"/></Shape>
        </TextBlock>
        <TextBlock HPOS="3"
                   VPOS="1760"
                   WIDTH="56"
                   HEIGHT="59"
                   ID="eSc_textblock_b52292d1"
                   TAGREFS="BT15">
          <Shape><Polygon POINTS="3 1760 3 1819 59 1819 59 1760"/></Shape>
        </TextBlock>
        <TextBlock ID="eSc_dummyblock_">
          <TextLine ID="eSc_line_b4853108"
                    TAGREFS="LT8"
                    BASELINE="1502 219 1515 219 1555 217" 
                    HPOS="1495"
                    VPOS="154"
                    WIDTH="57"
                    HEIGHT="76">
            <Shape><Polygon POINTS="1501 218 1501 230 1549 224 1552 215 1543 154 1495 154 1501 218"/></Shape>
	    <String CONTENT=""
                    HPOS="1495"
                    VPOS="154"
                    WIDTH="57"
                    HEIGHT="76"></String>
          </TextLine>
          <TextLine ID="line_1"
                    TAGREFS="LT8"
                    BASELINE="42 263 1639 273" 
                    HPOS="40.0"
                    VPOS="192.0"
                    WIDTH="1599.0"
                    HEIGHT="99.0">
            <Shape><Polygon POINTS="42 263 40 281 1635 291 1639 273 1639 224 1562 208 1560 208 1558 208 1556 208 1534 222 1532 224 1455 224 1451 222 1392 200 1390 200 1274 198 1272 198 1179 200 1177 200 1118 218 1108 220 818 220 810 214 784 198 782 198 780 198 778 198 776 198 737 208 707 196 705 196 703 196 626 212 610 216 591 212 506 194 504 194 385 196 383 196 381 196 358 210 350 216 212 216 194 208 147 192 145 192 143 192 42 206 42 263"/></Shape>
	    <String CONTENT="Ve faciant quæ nõ conueniunt: repletos omni iniquitate lmalicia fornicatione. ¶Cum"
                    HPOS="40.0"
                    VPOS="192.0"
                    WIDTH="1599.0"
                    HEIGHT="99.0"
                    WC="0.9742777361927262"></String>
          </TextLine>
          <TextLine ID="line_2"
                    TAGREFS="LT8"
                    BASELINE="50 309 1641 317" 
                    HPOS="48.0"
                    VPOS="277.0"
                    WIDTH="1593.0"
                    HEIGHT="63.0">
            <Shape><Polygon POINTS="50 309 48 328 1637 340 1641 317 1641 283 50 277 50 309"/></Shape>
	    <String CONTENT="vetus interpres mutaret infinitiuum facere in ſubiunctiuũ vt faciant: conſequens erat"
                    HPOS="48.0"
                    VPOS="277.0"
                    WIDTH="1593.0"
                    HEIGHT="63.0"
                    WC="0.9942998657392901"></String>
          </TextLine>
          <TextLine ID="line_3"
                    TAGREFS="LT8"
                    BASELINE="50 354 1635 358" 
                    HPOS="48.0"
                    VPOS="315.0"
                    WIDTH="1587.0"
                    HEIGHT="61.0">
            <Shape><Polygon POINTS="50 354 48 372 1631 376 1635 358 1633 328 50 315 50 354"/></Shape>
	    <String CONTENT="vt accuſatiuos ſequẽtes repletos plenos odibiles! &amp; reliquos mutaſſet in rectos ad re¬"
                    HPOS="48.0"
                    VPOS="315.0"
                    WIDTH="1587.0"
                    HEIGHT="61.0"
                    WC="0.9963314087911584"></String>
          </TextLine>
          <TextLine ID="line_4"
                    TAGREFS="LT8"
                    BASELINE="50 398 1639 405" 
                    HPOS="48.0"
                    VPOS="366.0"
                    WIDTH="1591.0"
                    HEIGHT="61.0">
            <Shape><Polygon POINTS="50 398 48 423 1635 427 1639 405 1637 374 50 366 50 398"/></Shape>
	    <String CONTENT="cte locutionis normam. iccirco æquius nobis viſum eſt: vt infinitiuum mutaremus in"
                    HPOS="48.0"
                    VPOS="366.0"
                    WIDTH="1591.0"
                    HEIGHT="61.0"
                    WC="0.9997870740367145"></String>
          </TextLine>
          <TextLine ID="line_5"
                    TAGREFS="LT8"
                    BASELINE="54 443 1637 449" 
                    HPOS="54.0"
                    VPOS="411.0"
                    WIDTH="1583.0"
                    HEIGHT="58.0">
            <Shape><Polygon POINTS="54 443 54 469 1635 467 1637 449 1635 417 54 411 54 443"/></Shape>
	    <String CONTENT="gerundium faciendi quod a natura infinitiui non deſciſcit! aptiore loquẽdi ſeruata for¬"
                    HPOS="54.0"
                    VPOS="411.0"
                    WIDTH="1583.0"
                    HEIGHT="58.0"
                    WC="0.9930310594764623"></String>
          </TextLine>
          <TextLine ID="line_6"
                    TAGREFS="LT8"
                    BASELINE="52 488 1631 496" 
                    HPOS="50.0"
                    VPOS="455.0"
                    WIDTH="1581.0"
                    HEIGHT="59.0">
            <Shape><Polygon POINTS="52 488 50 506 1627 514 1631 496 1629 457 52 455 52 488"/></Shape>
	    <String CONTENT="ma. &amp; in Paulo maliciæ nomen ſequitur fornicationis nomen. Paulus. τroεῖμ τὰ μù"
                    HPOS="50.0"
                    VPOS="455.0"
                    WIDTH="1581.0"
                    HEIGHT="59.0"
                    WC="0.9857990371017922"></String>
          </TextLine>
          <TextLine ID="line_7"
                    TAGREFS="LT8"
                    BASELINE="52 532 1631 540" 
                    HPOS="52.0"
                    VPOS="502.0"
                    WIDTH="1579.0"
                    HEIGHT="56.0">
            <Shape><Polygon POINTS="52 532 52 558 1629 556 1631 540 1629 510 52 502 52 532"/></Shape>
	    <String CONTENT="κατή Κομτα, τετληρωμέμους ττάση AιRία, ιropuρια. (Vulgata æditio."
                    HPOS="52.0"
                    VPOS="502.0"
                    WIDTH="1579.0"
                    HEIGHT="56.0"
                    WC="0.9744925386663796"></String>
          </TextLine>
          <TextLine ID="line_8"
                    TAGREFS="LT8"
                    BASELINE="36 575 1641 581" 
                    HPOS="34.0"
                    VPOS="538.0"
                    WIDTH="1607.0"
                    HEIGHT="65.0">
            <Shape><Polygon POINTS="989 544 968 544 948 544 928 544 907 544 887 544 867 544 847 544 826 544 806 544 786 544 766 544 745 544 725 544 705 544 685 544 664 544 644 544 624 544 603 544 583 544 563 544 543 544 522 544 502 544 482 544 462 544 441 544 421 544 401 544 381 544 360 544 340 544 320 544 299 544 279 544 259 544 239 544 218 544 198 544 178 544 158 544 137 544 117 544 97 544 77 544 64 538 36 538 36 575 34 595 1637 603 1641 581 1641 548 999 544 989 544"/></Shape>
	    <String CONTENT="» Qui cum iuſtitiam dei cognouiſſent: non intellexerunt quoniam qui talia agunt digni"
                    HPOS="34.0"
                    VPOS="538.0"
                    WIDTH="1607.0"
                    HEIGHT="65.0"
                    WC="0.9881632538402781"></String>
          </TextLine>
          <TextLine ID="line_9"
                    TAGREFS="LT8"
                    BASELINE="36 617 1629 623" 
                    HPOS="34.0"
                    VPOS="589.0"
                    WIDTH="1595.0"
                    HEIGHT="54.0">
            <Shape><Polygon POINTS="36 617 34 637 1625 643 1629 623 1627 589 36 589 36 617"/></Shape>
	    <String CONTENT=", ſunt morte! non ſolum qui ea faciunt! ſed qui conſentiunt facientibus. IHic vetus in¬"
                    HPOS="34.0"
                    VPOS="589.0"
                    WIDTH="1595.0"
                    HEIGHT="54.0"
                    WC="0.9831534999197927"></String>
          </TextLine>
          <TextLine ID="line_10"
                    TAGREFS="LT8"
                    BASELINE="52 666 1625 672" 
                    HPOS="50.0"
                    VPOS="633.0"
                    WIDTH="1575.0"
                    HEIGHT="57.0">
            <Shape><Polygon POINTS="52 666 50 686 1621 690 1625 672 1623 639 52 633 52 666"/></Shape>
	    <String CONTENT="terpres ſententiam Pauli mutauit. &amp; quod Paulus affirmat: ille quodam modo negat."
                    HPOS="50.0"
                    VPOS="633.0"
                    WIDTH="1575.0"
                    HEIGHT="57.0"
                    WC="0.9920175517046893"></String>
          </TextLine>
          <TextLine ID="line_11"
                    TAGREFS="LT8"
                    BASELINE="50 712 1621 712" 
                    HPOS="50.0"
                    VPOS="676.0"
                    WIDTH="1571.0"
                    HEIGHT="65.0">
            <Shape><Polygon POINTS="50 712 50 731 1619 741 1621 712 1621 684 50 676 50 712"/></Shape>
	    <String CONTENT="Nam Paulus habet qui iuſtitiam dei cognoſcentes ꝓ qui talia agunt digni ſunt mor¬"
                    HPOS="50.0"
                    VPOS="676.0"
                    WIDTH="1571.0"
                    HEIGHT="65.0"
                    WC="0.9917924485088866"></String>
          </TextLine>
          <TextLine ID="line_12"
                    TAGREFS="LT8"
                    BASELINE="50 755 1627 759" 
                    HPOS="48"
                    VPOS="714"
                    WIDTH="1579"
                    HEIGHT="69">
            <Shape><Polygon POINTS="48 779 1623 783 1627 759 1625 726 50 714 50 755"/></Shape>
	    <String CONTENT="te: non ſolum hæc faciunt ſed &amp; conſentiunt agentibus. videre igitur promptũ eſt hãc"
                    HPOS="48"
                    VPOS="714"
                    WIDTH="1579"
                    HEIGHT="69"
                    WC="0.990746806527293"></String>
          </TextLine>
          <TextLine ID="line_13"
                    TAGREFS="LT8"
                    BASELINE="52 799 1627 803" 
                    HPOS="50.0"
                    VPOS="767.0"
                    WIDTH="1577.0"
                    HEIGHT="61.0">
            <Shape><Polygon POINTS="52 799 50 816 1623 828 1627 803 1625 771 52 767 52 799"/></Shape>
	    <String CONTENT="negationem non intellexerunt: in vulgata æditione adiectitiã. Nam Paulus in priori"
                    HPOS="50.0"
                    VPOS="767.0"
                    WIDTH="1577.0"
                    HEIGHT="61.0"
                    WC="0.9981571378478085"></String>
          </TextLine>
          <TextLine ID="line_14"
                    TAGREFS="LT8"
                    BASELINE="54 844 1627 848" 
                    HPOS="54.0"
                    VPOS="810.0"
                    WIDTH="1573.0"
                    HEIGHT="58.0">
            <Shape><Polygon POINTS="54 844 54 868 1625 868 1627 848 1625 814 54 810 54 844"/></Shape>
	    <String CONTENT="illa particula: nichil negat ſed affirmat. Sed quo modo iuſtitiam dei cognoſcentes: nõ"
                    HPOS="54.0"
                    VPOS="810.0"
                    WIDTH="1573.0"
                    HEIGHT="58.0"
                    WC="0.9902793196426041"></String>
          </TextLine>
          <TextLine ID="line_15"
                    TAGREFS="LT8"
                    BASELINE="54 888 1623 893" 
                    HPOS="52.0"
                    VPOS="852.0"
                    WIDTH="1571.0"
                    HEIGHT="57.0">
            <Shape><Polygon POINTS="54 888 52 905 1619 909 1623 893 1621 858 54 852 54 888"/></Shape>
	    <String CONTENT="intellexerunt q qui talia agunt digni ſunt morte? pugnat profecto iuſtitiã dei cogno¬"
                    HPOS="52.0"
                    VPOS="852.0"
                    WIDTH="1571.0"
                    HEIGHT="57.0"
                    WC="0.9973107915978099"></String>
          </TextLine>
          <TextLine ID="line_16"
                    TAGREFS="LT8"
                    BASELINE="52 931 1627 937" 
                    HPOS="52.0"
                    VPOS="897.0"
                    WIDTH="1575.0"
                    HEIGHT="60.0">
            <Shape><Polygon POINTS="52 931 52 957 1625 957 1627 937 1627 897 52 897 52 931"/></Shape>
	    <String CONTENT="ſcere: &amp; hoc ipſum non intelligere. quid enim iuſtitiam dei cognoſcere: niſi legem dei"
                    HPOS="52.0"
                    VPOS="897.0"
                    WIDTH="1575.0"
                    HEIGHT="60.0"
                    WC="0.9902173031208127"></String>
          </TextLine>
          <TextLine ID="line_17"
                    TAGREFS="LT8"
                    BASELINE="52 978 1625 982" 
                    HPOS="50.0"
                    VPOS="937.0"
                    WIDTH="1575.0"
                    HEIGHT="61.0">
            <Shape><Polygon POINTS="52 978 50 994 1621 998 1625 982 1623 949 52 937 52 978"/></Shape>
	    <String CONTENT="talia vetantem aut ſcriptam! aut cordibus noſtris inſculptam intelligere? Et in hac par"
                    HPOS="50.0"
                    VPOS="937.0"
                    WIDTH="1575.0"
                    HEIGHT="61.0"
                    WC="0.9967120735124609"></String>
          </TextLine>
          <TextLine ID="line_18"
                    TAGREFS="LT8"
                    BASELINE="54 1020 1625 1024" 
                    HPOS="52.0"
                    VPOS="982.0"
                    WIDTH="1573.0"
                    HEIGHT="66.0">
            <Shape><Polygon POINTS="54 1020 52 1040 1621 1048 1625 1024 1623 990 54 982 54 1020"/></Shape>
	    <String CONTENT="ticula non ſolum qui ea faciunt ſed qui conſentiunt facientibus: pronomen indefinitũ"
                    HPOS="52.0"
                    VPOS="982.0"
                    WIDTH="1573.0"
                    HEIGHT="66.0"
                    WC="0.9988924131673925"></String>
          </TextLine>
          <TextLine ID="line_19"
                    TAGREFS="LT8"
                    BASELINE="54 1069 1623 1069" 
                    HPOS="54.0"
                    VPOS="1028.0"
                    WIDTH="1569.0"
                    HEIGHT="65.0">
            <Shape><Polygon POINTS="54 1069 54 1089 1621 1093 1623 1069 1623 1038 54 1028 54 1069"/></Shape>
	    <String CONTENT="qui bis ſuperfluũ ẽ. Indefinit enim vetus interpres: quod Paulus definit. id eſt dicit in¬"
                    HPOS="54.0"
                    VPOS="1028.0"
                    WIDTH="1569.0"
                    HEIGHT="65.0"
                    WC="0.9916034898032313"></String>
          </TextLine>
          <TextLine ID="line_20"
                    TAGREFS="LT8"
                    BASELINE="52 1109 1625 1113" 
                    HPOS="50.0"
                    VPOS="1073.0"
                    WIDTH="1575.0"
                    HEIGHT="65.0">
            <Shape><Polygon POINTS="52 1109 50 1127 1621 1138 1625 1113 1625 1081 52 1073 52 1109"/></Shape>
	    <String CONTENT="definite: quod Paulus definite. At quis hæc Hieronymo tribuat! Quare hæc tota litera"
                    HPOS="50.0"
                    VPOS="1073.0"
                    WIDTH="1575.0"
                    HEIGHT="65.0"
                    WC="0.9957714740719114"></String>
          </TextLine>
          <TextLine ID="line_21"
                    TAGREFS="LT8"
                    BASELINE="52 1156 1625 1160" 
                    HPOS="50.0"
                    VPOS="1121.0"
                    WIDTH="1575.0"
                    HEIGHT="59.0">
            <Shape><Polygon POINTS="52 1156 50 1172 1621 1180 1625 1160 1625 1125 52 1121 52 1156"/></Shape>
	    <String CONTENT="triplici obelo eſt confodienda. Paulus. οιτιμεσ λικαίωμα τοῦ θεοῦ ἐττιrρόμτες ότι"
                    HPOS="50.0"
                    VPOS="1121.0"
                    WIDTH="1575.0"
                    HEIGHT="59.0"
                    WC="0.9602452691259056"></String>
          </TextLine>
          <TextLine ID="line_22"
                    TAGREFS="LT8"
                    BASELINE="52 1202 1623 1206" 
                    HPOS="50.0"
                    VPOS="1160.0"
                    WIDTH="1573.0"
                    HEIGHT="63.0">
            <Shape><Polygon POINTS="52 1202 50 1219 1619 1223 1623 1206 1623 1172 52 1160 52 1202"/></Shape>
	    <String CONTENT="õι τα τοιαῦτα τράοςομτεσ ἀθιοι θαράτου έἰσίμ, ὀυ μόμομ ἀυτὰ τοιοὐσιν, ἀλ"
                    HPOS="50.0"
                    VPOS="1160.0"
                    WIDTH="1573.0"
                    HEIGHT="63.0"
                    WC="0.9492512958687406"></String>
          </TextLine>
          <TextLine ID="line_23"
                    TAGREFS="LT8"
                    BASELINE="54 1253 1621 1243" 
                    HPOS="52.0"
                    VPOS="1212.0"
                    WIDTH="1569.0"
                    HEIGHT="59.0">
            <Shape><Polygon POINTS="54 1253 54 1271 1621 1267 1621 1243 1615 1212 52 1215 54 1253"/></Shape>
	    <String CONTENT="λὰ και συμευλοκουσι τοῖσ πτράω ουσι. At nunc ad reliqua tranſeamus. Cap. Il."
                    HPOS="52.0"
                    VPOS="1212.0"
                    WIDTH="1569.0"
                    HEIGHT="59.0"
                    WC="0.9702868435201766"></String>
          </TextLine>
          <TextLine ID="line_24"
                    TAGREFS="LT8"
                    BASELINE="374 1291 1623 1285" 
                    HPOS="372.0"
                    VPOS="1255.0"
                    WIDTH="1251.0"
                    HEIGHT="59.0">
            <Shape><Polygon POINTS="374 1291 374 1314 1623 1314 1623 1285 1619 1257 372 1255 374 1291"/></Shape>
	    <String CONTENT="Vnt qui iuſtitiam dei agnoſcentes ꝙ qui indecentia quę ſupra nomi¬"
                    HPOS="372.0"
                    VPOS="1255.0"
                    WIDTH="1251.0"
                    HEIGHT="59.0"
                    WC="0.99599203422888"></String>
          </TextLine>
          <TextLine ID="line_25"
                    TAGREFS="LT8"
                    BASELINE="368 1336 1621 1332" 
                    HPOS="366.0"
                    VPOS="1302.0"
                    WIDTH="1255.0"
                    HEIGHT="52.0">
            <Shape><Polygon POINTS="368 1336 368 1354 1619 1350 1621 1332 1615 1302 366 1304 368 1336"/></Shape>
	    <String CONTENT="nata ſunt agũt digni ſũt morte: &amp; nichilominus ea agũt &amp; cõſentiũt"
                    HPOS="366.0"
                    VPOS="1302.0"
                    WIDTH="1255.0"
                    HEIGHT="52.0"
                    WC="0.9961106701635979"></String>
          </TextLine>
          <TextLine ID="line_26"
                    TAGREFS="LT8"
                    BASELINE="366 1379 1621 1379" 
                    HPOS="366.0"
                    VPOS="1340.0"
                    WIDTH="1255.0"
                    HEIGHT="65.0">
            <Shape><Polygon POINTS="366 1379 366 1397 1619 1405 1621 1379 1621 1340 366 1340 366 1379"/></Shape>
	    <String CONTENT="agẽtibus. &amp; ipſi ſũt iexcuſabiles. Sed dices. Si qui ea agũt attamẽ nõ"
                    HPOS="366.0"
                    VPOS="1340.0"
                    WIDTH="1255.0"
                    HEIGHT="65.0"
                    WC="0.9808993252118429"></String>
          </TextLine>
          <TextLine ID="line_27"
                    TAGREFS="LT8"
                    BASELINE="368 1425 1615 1417" 
                    HPOS="366.0"
                    VPOS="1387.0"
                    WIDTH="1249.0"
                    HEIGHT="58.0">
            <Shape><Polygon POINTS="368 1425 368 1445 1613 1445 1615 1417 1611 1389 366 1387 368 1425"/></Shape>
	    <String CONTENT="cõſentiũt agẽtibus ſed iudicãt accuſãt &amp; rep̃hendũt: nũquid ij excu¬"
                    HPOS="366.0"
                    VPOS="1387.0"
                    WIDTH="1249.0"
                    HEIGHT="58.0"
                    WC="0.9841108107566834"></String>
          </TextLine>
          <TextLine ID="line_28"
                    TAGREFS="LT8"
                    BASELINE="368 1464 1619 1468" 
                    HPOS="366.0"
                    VPOS="1425.0"
                    WIDTH="1253.0"
                    HEIGHT="67.0">
            <Shape><Polygon POINTS="368 1464 366 1488 1615 1492 1619 1468 1617 1435 368 1425 368 1464"/></Shape>
	    <String CONTENT="ſabiles erũt? Minime. Sed in quo alios iudicãt dignos morte: ſe ipſos"
                    HPOS="366.0"
                    VPOS="1425.0"
                    WIDTH="1253.0"
                    HEIGHT="67.0"
                    WC="0.9937859664500599"></String>
          </TextLine>
          <TextLine ID="line_29"
                    TAGREFS="LT8"
                    BASELINE="368 1512 1619 1508" 
                    HPOS="366.0"
                    VPOS="1478.0"
                    WIDTH="1253.0"
                    HEIGHT="61.0">
            <Shape><Polygon POINTS="368 1512 368 1539 1617 1534 1619 1508 1613 1478 366 1478 368 1512"/></Shape>
	    <String CONTENT="ſimili ratione cõdẽnãt ſimilis ſupplicij reos vt ꝗ eadẽ &amp; ſimilia agãt"
                    HPOS="366.0"
                    VPOS="1478.0"
                    WIDTH="1253.0"
                    HEIGHT="61.0"
                    WC="0.9969018395741781"></String>
          </TextLine>
          <TextLine ID="line_30"
                    TAGREFS="LT8"
                    BASELINE="372 1557 1619 1553" 
                    HPOS="370.0"
                    VPOS="1522.0"
                    WIDTH="1249.0"
                    HEIGHT="63.0">
            <Shape><Polygon POINTS="372 1557 372 1585 1617 1581 1619 1553 1613 1522 370 1524 372 1557"/></Shape>
	    <String CONTENT="ijs quos iudicãt. De qbus dicit Paulus. ¶Propter qd inexcuſabilis es"
                    HPOS="370.0"
                    VPOS="1522.0"
                    WIDTH="1249.0"
                    HEIGHT="63.0"
                    WC="0.9731901253479115"></String>
          </TextLine>
          <TextLine ID="line_31"
                    TAGREFS="LT8"
                    BASELINE="364 1599 1611 1599" 
                    HPOS="364.0"
                    VPOS="1565.0"
                    WIDTH="1247.0"
                    HEIGHT="57.0">
            <Shape><Polygon POINTS="364 1599 364 1622 1611 1620 1611 1599 1611 1571 364 1565 364 1599"/></Shape>
	    <String CONTENT="O homo: qcũ es ꝗ iudicas. in quo eni iudicas aliũ: te ipſũ cõdẽnas."
                    HPOS="364.0"
                    VPOS="1565.0"
                    WIDTH="1247.0"
                    HEIGHT="57.0"
                    WC="0.9829389534584464"></String>
          </TextLine>
          <TextLine ID="line_32"
                    TAGREFS="LT8"
                    BASELINE="46 1646 1619 1640" 
                    HPOS="44.0"
                    VPOS="1601.0"
                    WIDTH="1575.0"
                    HEIGHT="69.0">
            <Shape><Polygon POINTS="46 1646 46 1670 1619 1660 1619 1640 1613 1601 44 1607 46 1646"/></Shape>
	    <String CONTENT="eadẽ eni agis qui iudicas. ¶ Hic eni ratio a ſimili cõuincit eos eſſe inexcuſabiles. Sed"
                    HPOS="44.0"
                    VPOS="1601.0"
                    WIDTH="1575.0"
                    HEIGHT="69.0"
                    WC="0.9839692817793952"></String>
          </TextLine>
          <TextLine ID="line_33"
                    TAGREFS="LT8"
                    BASELINE="56 1684 1617 1690" 
                    HPOS="54.0"
                    VPOS="1648.0"
                    WIDTH="1563.0"
                    HEIGHT="65.0">
            <Shape><Polygon POINTS="56 1684 54 1703 1613 1713 1617 1690 1615 1656 56 1648 56 1684"/></Shape>
	    <String CONTENT="&amp; ſyllogiſmo colligere eos inexcuſabiles eſſe: nõ eſt difficile. Nã ſcimus in oẽs qui talia"
                    HPOS="54.0"
                    VPOS="1648.0"
                    WIDTH="1563.0"
                    HEIGHT="65.0"
                    WC="0.9831516330546521"></String>
          </TextLine>
          <TextLine ID="line_34"
                    TAGREFS="LT8"
                    BASELINE="58 1731 1617 1731" 
                    HPOS="58.0"
                    VPOS="1694.0"
                    WIDTH="1559.0"
                    HEIGHT="59.0">
            <Shape><Polygon POINTS="58 1731 58 1753 1617 1753 1617 1731 1617 1701 58 1694 58 1731"/></Shape>
	    <String CONTENT="agunt verũ dei iudiciũ eſſe iuſtã mortis condẽnationem. ipſi autẽ talia agunt. iuſte"
                    HPOS="58.0"
                    VPOS="1694.0"
                    WIDTH="1559.0"
                    HEIGHT="59.0"
                    WC="0.984956356551912"></String>
          </TextLine>
          <TextLine ID="line_35"
                    TAGREFS="LT8"
                    BASELINE="60 1775 1617 1775" 
                    HPOS="60.0"
                    VPOS="1739.0"
                    WIDTH="1557.0"
                    HEIGHT="59.0">
            <Shape><Polygon POINTS="60 1775 60 1796 1615 1798 1617 1775 1617 1739 60 1739 60 1775"/></Shape>
	    <String CONTENT="ita condemnantur in mortem. non igitur excuſabiles. Quod &amp; ex Paulo intelligis id"
                    HPOS="60.0"
                    VPOS="1739.0"
                    WIDTH="1557.0"
                    HEIGHT="59.0"
                    WC="0.9952484609150305"></String>
          </TextLine>
          <TextLine ID="line_36"
                    TAGREFS="LT8"
                    BASELINE="60 1818 1615 1816" 
                    HPOS="58.0"
                    VPOS="1784.0"
                    WIDTH="1557.0"
                    HEIGHT="62.0">
            <Shape><Polygon POINTS="60 1818 60 1840 1611 1846 1615 1816 1611 1790 58 1784 60 1818"/></Shape>
	    <String CONTENT="ſubiungente. ¶ Scimus autem ꝙ iudicium dei eſt ſecundum veritatem in eos qui talia"
                    HPOS="58.0"
                    VPOS="1784.0"
                    WIDTH="1557.0"
                    HEIGHT="62.0"
                    WC="0.9944023846126184"></String>
          </TextLine>
          <TextLine ID="line_38"
                    TAGREFS="LT8"
                    BASELINE="41 1905 1615 1909" 
                    HPOS="36"
                    VPOS="1865"
                    WIDTH="1577"
                    HEIGHT="63">
            <Shape><Polygon POINTS="1589 1865 39 1865 36 1925 1607 1928 1613 1907 1610 1865 1589 1865"/></Shape>
	    <String CONTENT="fugies iudiciũ dei? (PRecte ſubauditur &amp; colligitur non effugies. Sed forte dices. Deus"
                    HPOS="36"
                    VPOS="1865"
                    WIDTH="1577"
                    HEIGHT="63"
                    WC="0.9935589161786166"></String>
          </TextLine>
          <TextLine ID="line_39"
                    TAGREFS="LT8"
                    BASELINE="42 1955 1619 1954" 
                    HPOS="39"
                    VPOS="1910"
                    WIDTH="1577"
                    HEIGHT="76">
            <Shape><Polygon POINTS="39 1953 39 1986 1616 1986 1616 1953 1616 1916 39 1910 39 1953"/></Shape>
	    <String CONTENT="tolerat &amp; non me punit. At ex hoc non ſequitur: ergo effugies. verum potius ꝙ ex hoc"
                    HPOS="39"
                    VPOS="1910"
                    WIDTH="1577"
                    HEIGHT="76"
                    WC="0.9909774001155581"></String>
          </TextLine>
          <TextLine ID="line_40"
                    TAGREFS="LT8"
                    BASELINE="60 1998 1613 1994" 
                    HPOS="58.0"
                    VPOS="1964.0"
                    WIDTH="1555.0"
                    HEIGHT="58.0">
            <Shape><Polygon POINTS="60 1998 60 2022 1611 2014 1613 1994 1609 1966 58 1964 60 1998"/></Shape>
	    <String CONTENT="grauius punieris:niſi reſipiſcas. Nam ꝙ deus tolerat! ꝙ te non puuitiſed punitionem"
                    HPOS="58.0"
                    VPOS="1964.0"
                    WIDTH="1555.0"
                    HEIGHT="58.0"
                    WC="0.9779091491756668"></String>
          </TextLine>
          <TextLine ID="line_41"
                    TAGREFS="LT8"
                    BASELINE="58 2041 1617 2037" 
                    HPOS="56.0"
                    VPOS="2000.0"
                    WIDTH="1561.0"
                    HEIGHT="67.0">
            <Shape><Polygon POINTS="58 2041 58 2063 1613 2067 1617 2037 1611 2000 56 2010 58 2041"/></Shape>
	    <String CONTENT="differt &amp; expectat: ſiguum eſt ineffabilis benignitatis eius quæ te perdere non vult ſed"
                    HPOS="56.0"
                    VPOS="2000.0"
                    WIDTH="1561.0"
                    HEIGHT="67.0"
                    WC="0.9851277247071266"></String>
          </TextLine>
          <TextLine ID="line_42"
                    TAGREFS="LT8"
                    BASELINE="56 2083 1613 2079" 
                    HPOS="54.0"
                    VPOS="2053.0"
                    WIDTH="1559.0"
                    HEIGHT="55.0">
            <Shape><Polygon POINTS="74 2071 72 2053 54 2053 56 2083 56 2106 1609 2108 1613 2079 1609 2055 85 2053 74 2071"/></Shape>
	    <String CONTENT="ſaluare &amp; ad pœnitentiam adducere. tu yero diuitias beniguitatis dei coutẽnis, neſcis"
                    HPOS="54.0"
                    VPOS="2053.0"
                    WIDTH="1559.0"
                    HEIGHT="55.0"
                    WC="0.990489381690358"></String>
          </TextLine>
          <TextLine ID="line_43"
                    TAGREFS="LT8"
                    BASELINE="58 2126 778 2134 1615 2124" 
                    HPOS="56.0"
                    VPOS="2093.0"
                    WIDTH="1559.0"
                    HEIGHT="63.0">
            <Shape><Polygon POINTS="58 2126 58 2152 1611 2156 1615 2124 1609 2093 56 2097 58 2126"/></Shape>
	    <String CONTENT="enim (quod &amp; ipſa confitetur gentilitas) ꝙ lento gradu ad vindictam diuina procedit"
                    HPOS="56.0"
                    VPOS="2093.0"
                    WIDTH="1559.0"
                    HEIGHT="63.0"
                    WC="0.9929591043885931"></String>
          </TextLine>
          <TextLine ID="line_44"
                    TAGREFS="LT8"
                    BASELINE="56 2168 774 2178 1613 2168" 
                    HPOS="56.0"
                    VPOS="2136.0"
                    WIDTH="1557.0"
                    HEIGHT="63.0">
            <Shape><Polygon POINTS="74 2150 68 2136 56 2136 56 2168 56 2195 1609 2199 1613 2168 1609 2144 87 2136 74 2150"/></Shape>
	    <String CONTENT="ira: ſed vindictæ tarditatẽ ſupplieij grauitate compenfat. Qr ſi gentilem floccipendis:"
                    HPOS="56.0"
                    VPOS="2136.0"
                    WIDTH="1557.0"
                    HEIGHT="63.0"
                    WC="0.9836192699995908"></String>
          </TextLine>
          <TextLine ID="line_45"
                    TAGREFS="LT8"
                    BASELINE="89 2225 1617 2217" 
                    HPOS="85"
                    VPOS="2177"
                    WIDTH="1531"
                    HEIGHT="70">
            <Shape><Polygon POINTS="88 2223 88 2247 1613 2247 1616 2214 1610 2180 85 2177 88 2223"/></Shape>
	    <String CONTENT="13 audi ſaltem dei apoſtolum dicentem. ¶An diuitias benignitatis eius &amp; tolerantie &amp;"
                    HPOS="85"
                    VPOS="2177"
                    WIDTH="1531"
                    HEIGHT="70"
                    WC="0.985707707348324"></String>
          </TextLine>
          <TextLine ID="line_46"
                    TAGREFS="LT8"
                    BASELINE="34 2257 1613 2261" 
                    HPOS="32.0"
                    VPOS="2229.0"
                    WIDTH="1581.0"
                    HEIGHT="63.0">
            <Shape><Polygon POINTS="34 2257 32 2280 1609 2292 1613 2261 1611 2233 34 2229 34 2257"/></Shape>
	    <String CONTENT="longanimitatis contẽnis: ignorans ꝙ benignitas dei ad pœnitentiam te adducit? ſe¬"
                    HPOS="32.0"
                    VPOS="2229.0"
                    WIDTH="1581.0"
                    HEIGHT="63.0"
                    WC="0.9961556741377202"></String>
          </TextLine>
          <TextLine ID="line_47"
                    TAGREFS="LT8"
                    BASELINE="34 2298 439 2310 1613 2302" 
                    HPOS="34.0"
                    VPOS="2274.0"
                    WIDTH="1579.0"
                    HEIGHT="60.0">
            <Shape><Polygon POINTS="34 2328 1378 2334 1380 2334 1382 2334 1406 2324 1611 2324 1613 2302 1609 2276 34 2274 34 2298 34 2328"/></Shape>
	    <String CONTENT=", cundũ duritiam tuam &amp; impœnitens cor: theſaurizas tibi ipſi iram in die iræ &amp; reue¬"
                    HPOS="34.0"
                    VPOS="2274.0"
                    WIDTH="1579.0"
                    HEIGHT="60.0"
                    WC="0.9944517120372417"></String>
          </TextLine>
          <TextLine ID="line_48"
                    TAGREFS="LT8"
                    BASELINE="34 2349 1615 2349" 
                    HPOS="34.0"
                    VPOS="2314.0"
                    WIDTH="1581.0"
                    HEIGHT="65.0">
            <Shape><Polygon POINTS="34 2349 34 2371 1611 2379 1615 2349 1611 2314 34 2318 34 2349"/></Shape>
	    <String CONTENT="lationis! &amp; iuſti iudicij dei. qui reddet vnicui ſecũdum opera eius. iis quidem qui per"
                    HPOS="34.0"
                    VPOS="2314.0"
                    WIDTH="1581.0"
                    HEIGHT="65.0"
                    WC="0.9816238076499338"></String>
          </TextLine>
          <TextLine ID="line_49"
                    TAGREFS="LT8"
                    BASELINE="36 2389 480 2399 1617 2391" 
                    HPOS="36.0"
                    VPOS="2363.0"
                    WIDTH="1581.0"
                    HEIGHT="58.0">
            <Shape><Polygon POINTS="74 2383 60 2363 36 2363 36 2389 36 2415 1305 2421 1307 2421 1615 2409 1617 2391 1613 2363 87 2363 74 2383"/></Shape>
	    <String CONTENT=" patientiam boni operis quęrunt vitam æternam: gloriam &amp; honorem &amp; incorruptibi¬"
                    HPOS="36.0"
                    VPOS="2363.0"
                    WIDTH="1581.0"
                    HEIGHT="58.0"
                    WC="0.9943656398926253"></String>
          </TextLine>
          <TextLine ID="line_50"
                    TAGREFS="LT8"
                    BASELINE="34 2434 478 2444 1619 2436" 
                    HPOS="32.0"
                    VPOS="2407.0"
                    WIDTH="1587.0"
                    HEIGHT="57.0">
            <Shape><Polygon POINTS="34 2434 34 2464 1617 2464 1619 2436 1613 2407 32 2411 34 2434"/></Shape>
	    <String CONTENT="» litatem. illis vero qui ex contẽtione ſunt! &amp; qui ſuiit increduli veritati! creduli autem"
                    HPOS="32.0"
                    VPOS="2407.0"
                    WIDTH="1587.0"
                    HEIGHT="57.0"
                    WC="0.9921420864436937"></String>
          </TextLine>
          <TextLine ID="line_51"
                    TAGREFS="LT8"
                    BASELINE="34 2480 496 2488 1615 2480" 
                    HPOS="32.0"
                    VPOS="2452.0"
                    WIDTH="1583.0"
                    HEIGHT="54.0">
            <Shape><Polygon POINTS="34 2480 34 2506 1613 2500 1615 2480 1609 2452 32 2454 34 2480"/></Shape>
	    <String CONTENT=", iniuſtitię: furor erit &amp; ira. preſſura erit &amp; anguſtia ſuper omnem animam hominis ope¬"
                    HPOS="32.0"
                    VPOS="2452.0"
                    WIDTH="1583.0"
                    HEIGHT="54.0"
                    WC="0.9917287277371696"></String>
          </TextLine>
          <TextLine ID="line_52"
                    TAGREFS="LT8"
                    BASELINE="38 2525 861 2533 1617 2523" 
                    HPOS="36.0"
                    VPOS="2492.0"
                    WIDTH="1581.0"
                    HEIGHT="59.0">
            <Shape><Polygon POINTS="38 2525 38 2551 1615 2549 1617 2523 1611 2492 36 2494 38 2525"/></Shape>
	    <String CONTENT=", rantis malum! Iudæi primum &amp; gentilis. gloria autem &amp; honor &amp; pax omni operanti"
                    HPOS="36.0"
                    VPOS="2492.0"
                    WIDTH="1581.0"
                    HEIGHT="59.0"
                    WC="0.979954523804747"></String>
          </TextLine>
          <TextLine ID="line_53"
                    TAGREFS="LT8"
                    BASELINE="34 2571 1615 2571" 
                    HPOS="34.0"
                    VPOS="2539.0"
                    WIDTH="1581.0"
                    HEIGHT="63.0">
            <Shape><Polygon POINTS="34 2571 34 2602 1613 2592 1615 2571 1613 2543 34 2539 34 2571"/></Shape>
	    <String CONTENT=",bonum! ludæo primũ &amp; gentili. non eſt enim perſonarum reſpectus apud deũ. ¶Dies"
                    HPOS="34.0"
                    VPOS="2539.0"
                    WIDTH="1581.0"
                    HEIGHT="63.0"
                    WC="0.9963941283342315"></String>
          </TextLine>
          <TextLine ID="line_54"
                    TAGREFS="LT8"
                    BASELINE="56 2612 599 2622 1621 2614" 
                    HPOS="54.0"
                    VPOS="2577.0"
                    WIDTH="1567.0"
                    HEIGHT="61.0">
            <Shape><Polygon POINTS="74 2598 58 2577 54 2577 56 2612 56 2638 1619 2638 1621 2614 1615 2577 89 2577 74 2598"/></Shape>
	    <String CONTENT="iræ &amp; reuelationis &amp; iuſti iudicij dei: eſt dies iudicijtin qua omnes aſtabunt tribunali"
                    HPOS="54.0"
                    VPOS="2577.0"
                    WIDTH="1567.0"
                    HEIGHT="61.0"
                    WC="0.99238736521114"></String>
          </TextLine>
          <TextLine ID="line_55"
                    TAGREFS="LT8"
                    BASELINE="54 2654 528 2666 1613 2656" 
                    HPOS="54.0"
                    VPOS="2624.0"
                    WIDTH="1559.0"
                    HEIGHT="63.0">
            <Shape><Polygon POINTS="54 2683 1609 2687 1613 2656 1609 2628 54 2624 54 2654 54 2683"/></Shape>
	    <String CONTENT="Chriſti. de qua Sophonias propheta. Dies iræ dies illa dies tribulationis &amp; anguſtiæ!"
                    HPOS="54.0"
                    VPOS="2624.0"
                    WIDTH="1559.0"
                    HEIGHT="63.0"
                    WC="0.9967034543261809"></String>
          </TextLine>
          <TextLine ID="line_56"
                    TAGREFS="LT8"
                    BASELINE="54 2701 480 2711 1617 2701" 
                    HPOS="54.0"
                    VPOS="2673.0"
                    WIDTH="1563.0"
                    HEIGHT="54.0">
            <Shape><Polygon POINTS="54 2727 1615 2721 1617 2701 1613 2673 54 2673 54 2701 54 2727"/></Shape>
	    <String CONTENT="dies calanutatis &amp; miſeriæ dies tenebrarum &amp; caliginis! dies nebulæ &amp; turbinis! dies"
                    HPOS="54.0"
                    VPOS="2673.0"
                    WIDTH="1563.0"
                    HEIGHT="54.0"
                    WC="0.9945953601882571"></String>
          </TextLine>
          <TextLine ID="line_57"
                    TAGREFS="LT8"
                    BASELINE="54 2745 518 2756 1619 2747" 
                    HPOS="54.0"
                    VPOS="2707.0"
                    WIDTH="1565.0"
                    HEIGHT="67.0">
            <Shape><Polygon POINTS="54 2772 1615 2774 1619 2747 1613 2707 735 2719 54 2711 54 2745 54 2772"/></Shape>
	    <String CONTENT="tubæ &amp; clangoris ſuper ciuitates munitas &amp; ſuper angelos excelſos. Ecce dies iræ. Sed"
                    HPOS="54.0"
                    VPOS="2707.0"
                    WIDTH="1565.0"
                    HEIGHT="67.0"
                    WC="0.9870789464782266"></String>
          </TextLine>
          <TextLine ID="line_58"
                    TAGREFS="LT8"
                    BASELINE="54 2788 541 2800 1623 2790" 
                    HPOS="54.0"
                    VPOS="2760.0"
                    WIDTH="1569.0"
                    HEIGHT="60.0">
            <Shape><Polygon POINTS="54 2814 1181 2820 1183 2820 1621 2808 1623 2790 1619 2762 54 2760 54 2788 54 2814"/></Shape>
	    <String CONTENT="eadem dicitur dies reuelationis. quia omnia nuda &amp; aperta erunt, iudicium (inquit"
                    HPOS="54.0"
                    VPOS="2760.0"
                    WIDTH="1569.0"
                    HEIGHT="60.0"
                    WC="0.9922534904362242"></String>
          </TextLine>
          <TextLine ID="line_59"
                    TAGREFS="LT8"
                    BASELINE="50 2832 482 2845 1623 2837" 
                    HPOS="50.0"
                    VPOS="2798.0"
                    WIDTH="1573.0"
                    HEIGHT="81.0">
            <Shape><Polygon POINTS="737 2800 717 2800 697 2800 676 2800 656 2800 636 2800 616 2800 595 2800 575 2800 555 2800 535 2800 514 2800 494 2800 474 2800 458 2798 50 2798 50 2832 50 2867 425 2867 427 2867 447 2877 449 2877 451 2877 453 2877 496 2867 510 2877 512 2877 514 2877 516 2879 729 2879 729 2877 794 2867 810 2865 820 2867 849 2875 851 2875 853 2875 907 2867 924 2865 936 2867 972 2875 974 2875 1623 2867 1623 2837 1619 2800 747 2798 737 2800"/></Shape>
	    <String CONTENT="Daniel) ſedit &amp; libri aperti ſunt. Eadem dicitur dies iuſti iudicij dei. Nam &amp; propheta"
                    HPOS="50.0"
                    VPOS="2798.0"
                    WIDTH="1573.0"
                    HEIGHT="81.0"
                    WC="0.9783402160666455"></String>
          </TextLine>
          <TextLine ID="line_37"
                    TAGREFS="LT8"
                    BASELINE="38 1863 1619 1863" 
                    HPOS="36"
                    VPOS="1822"
                    WIDTH="1580"
                    HEIGHT="67">
            <Shape><Polygon POINTS="36 1861 36 1889 1616 1889 1616 1861 1616 1828 36 1822 36 1861"/></Shape>
	    <String CONTENT="agunt. putas vero hoc O homo qui iudicas eos qui talia agunti &amp; eadem agis:ꝓ tu ef¬"
                    HPOS="36"
                    VPOS="1822"
                    WIDTH="1580"
                    HEIGHT="67"
                    WC="0.9928546181644302"></String>
          </TextLine>
        </TextBlock>
      </PrintSpace>
    </Page>
  </Layout>
</alto>
