<?xml version="1.0" encoding="UTF-8"?>
<alto xmlns:xsi="http://www.w3.org/2001/XMLSchema-instance"
      xmlns="http://www.loc.gov/standards/alto/ns-v4#"
      xsi:schemaLocation="http://www.loc.gov/standards/alto/ns-v4# http://www.loc.gov/standards/alto/v4/alto-4-2.xsd">
  <Description>
    <MeasurementUnit>pixel</MeasurementUnit>
    <sourceImageInformation>
      <fileName>bsb00035303_00004.jpg</fileName>
    </sourceImageInformation>
  </Description>
  <Tags>
    <OtherTag ID="BT7" LABEL="CustomZone" DESCRIPTION="block type CustomZone"/><OtherTag ID="BT8" LABEL="DamageZone" DESCRIPTION="block type DamageZone"/><OtherTag ID="BT9" LABEL="DigitizationArtefactZone" DESCRIPTION="block type DigitizationArtefactZone"/><OtherTag ID="BT10" LABEL="DropCapitalZone" DESCRIPTION="block type DropCapitalZone"/><OtherTag ID="BT11" LABEL="GraphicZone" DESCRIPTION="block type GraphicZone"/><OtherTag ID="BT12" LABEL="MainZone" DESCRIPTION="block type MainZone"/><OtherTag ID="BT13" LABEL="MarginTextZone" DESCRIPTION="block type MarginTextZone"/><OtherTag ID="BT14" LABEL="MusicZone" DESCRIPTION="block type MusicZone"/><OtherTag ID="BT15" LABEL="NumberingZone" DESCRIPTION="block type NumberingZone"/><OtherTag ID="BT17" LABEL="QuireMarksZone" DESCRIPTION="block type QuireMarksZone"/><OtherTag ID="BT18" LABEL="RunningTitleZone" DESCRIPTION="block type RunningTitleZone"/><OtherTag ID="BT19" LABEL="SealZone" DESCRIPTION="block type SealZone"/><OtherTag ID="BT20" LABEL="StampZone" DESCRIPTION="block type StampZone"/><OtherTag ID="BT21" LABEL="TableZone" DESCRIPTION="block type TableZone"/><OtherTag ID="BT22" LABEL="TitlePageZone" DESCRIPTION="block type TitlePageZone"/><OtherTag ID="BT985" LABEL="MainZone-Other" DESCRIPTION="block type MainZone-Other"/><OtherTag ID="BT986" LABEL="MainZone-Signature" DESCRIPTION="block type MainZone-Signature"/><OtherTag ID="BT987" LABEL="MainZone-Head" DESCRIPTION="block type MainZone-Head"/><OtherTag ID="BT988" LABEL="MainZone-P" DESCRIPTION="block type MainZone-P"/><OtherTag ID="BT989" LABEL="MainZone-P-Continued" DESCRIPTION="block type MainZone-P-Continued"/><OtherTag ID="BT990" LABEL="MarginTextZone-Notes" DESCRIPTION="block type MarginTextZone-Notes"/><OtherTag ID="BT991" LABEL="MainZone-Lg" DESCRIPTION="block type MainZone-Lg"/>
    <OtherTag ID="LT7" LABEL="CustomLine" DESCRIPTION="line type CustomLine"/><OtherTag ID="LT8" LABEL="DefaultLine" DESCRIPTION="line type DefaultLine"/><OtherTag ID="LT9" LABEL="DropCapitalLine" DESCRIPTION="line type DropCapitalLine"/><OtherTag ID="LT10" LABEL="HeadingLine" DESCRIPTION="line type HeadingLine"/><OtherTag ID="LT11" LABEL="InterlinearLine" DESCRIPTION="line type InterlinearLine"/><OtherTag ID="LT12" LABEL="MusicLine" DESCRIPTION="line type MusicLine"/>
  </Tags>
  <Layout>
    <Page WIDTH="1128"
          HEIGHT="1876"
          PHYSICAL_IMG_NR="3"
          ID="eSc_dummypage_">
      <PrintSpace HPOS="0"
                  VPOS="0"
                  WIDTH="1128"
                  HEIGHT="1876">
        <TextBlock HPOS="241"
                   VPOS="179"
                   WIDTH="851"
                   HEIGHT="1003"
                   ID="block_4"
                   TAGREFS="BT989">
          <Shape><Polygon POINTS="1092 179 1092 1182 241 1182 241 179"/></Shape>
          <TextLine ID="line_1"
                    TAGREFS="LT8"
                    BASELINE="306 216 1085 214" 
                    HPOS="305"
                    VPOS="186"
                    WIDTH="780"
                    HEIGHT="49">
            <Shape><Polygon POINTS="1076 186 1066 186 1065 186 1053 189 954 189 950 186 941 186 930 186 920 186 916 186 902 188 895 186 889 186 878 186 868 186 857 186 847 186 837 186 830 186 798 189 741 189 734 186 732 186 722 186 712 186 701 186 691 186 688 186 661 189 641 186 639 186 628 186 618 186 607 186 597 186 586 186 576 186 566 186 562 186 559 189 506 189 503 186 493 186 482 186 479 186 471 188 447 186 440 186 430 186 420 186 409 186 399 186 388 186 378 186 368 186 357 186 347 186 336 186 332 186 305 186 306 216 306 228 402 228 403 228 411 234 412 234 413 234 414 235 449 235 449 234 450 234 461 228 462 228 478 228 633 233 634 233 674 228 693 234 694 234 695 234 759 227 767 227 777 227 863 233 864 233 1085 226 1085 214 1081 186 1076 186"/></Shape>
	    <String CONTENT="Vt autem obturbantib· uarijs errorum ſectis, animos"
                    HPOS="305"
                    VPOS="186"
                    WIDTH="780"
                    HEIGHT="49"
                    WC="0.9985816431980507"></String>
          </TextLine>
          <TextLine ID="line_2"
                    TAGREFS="LT8"
                    BASELINE="251 264 1084 266" 
                    HPOS="250"
                    VPOS="228"
                    WIDTH="834"
                    HEIGHT="58">
            <Shape><Polygon POINTS="251 264 250 277 266 285 267 285 268 286 380 286 380 285 381 285 382 285 395 277 398 276 439 276 443 277 458 285 459 285 460 286 503 286 503 285 504 285 505 285 515 278 550 283 551 283 614 277 629 276 631 277 642 285 643 285 644 285 645 286 666 286 666 285 667 285 698 277 700 277 712 286 713 286 714 286 715 286 766 278 822 278 834 286 835 286 836 286 837 286 895 277 901 277 1021 277 1023 277 1034 284 1035 284 1036 284 1037 284 1083 277 1084 266 1083 239 1007 239 1006 238 988 229 987 229 986 229 929 235 904 230 903 230 902 230 878 237 874 239 796 239 791 236 770 229 769 229 729 229 728 229 727 229 713 236 710 237 709 236 701 229 700 229 699 229 667 228 666 228 665 228 664 228 651 235 647 238 577 238 573 235 564 228 562 228 561 228 560 228 529 234 522 228 521 228 520 228 454 228 453 228 408 234 380 237 251 233 251 264"/></Shape>
	    <String CONTENT="nequaquam deſpondere, ſed aſſumere potius debemus,"
                    HPOS="250"
                    VPOS="228"
                    WIDTH="834"
                    HEIGHT="58"
                    WC="0.9988775110244751"></String>
          </TextLine>
          <TextLine ID="line_3"
                    TAGREFS="LT8"
                    BASELINE="251 314 1084 314" 
                    HPOS="251"
                    VPOS="280"
                    WIDTH="833"
                    HEIGHT="55">
            <Shape><Polygon POINTS="251 314 251 335 290 335 290 334 291 334 292 334 304 326 365 333 376 334 377 334 378 334 381 333 401 326 415 333 419 334 420 334 421 334 432 333 475 326 548 326 575 331 592 334 593 335 638 335 638 334 639 334 640 334 646 330 651 327 660 330 673 334 674 334 675 334 676 334 690 330 699 327 703 330 709 334 710 334 712 334 713 335 759 335 759 334 761 334 771 329 776 326 811 328 860 332 861 332 862 332 876 328 884 326 900 327 945 332 946 332 985 327 993 333 994 333 995 333 996 333 1084 325 1084 314 1084 287 1030 280 1028 280 1027 280 1026 280 1017 287 1016 288 950 288 945 287 901 280 900 280 899 280 898 280 889 287 886 287 846 281 845 281 844 281 824 287 823 287 816 281 815 281 814 281 813 281 812 281 796 287 795 288 727 288 726 287 718 280 717 280 716 280 687 280 685 280 684 280 658 287 657 287 656 287 608 280 607 280 606 280 591 287 591 288 550 288 550 287 540 280 538 280 537 280 536 280 535 280 523 286 484 287 482 287 463 281 462 281 461 281 432 287 421 280 420 280 419 280 418 280 417 280 405 285 381 280 380 280 379 280 350 287 339 280 338 280 337 280 275 280 274 280 273 280 251 287 251 314"/></Shape>
	    <String CONTENT="quod cum ita Domino uiſum ſit, oporteat, id non minus"
                    HPOS="251"
                    VPOS="280"
                    WIDTH="833"
                    HEIGHT="55"
                    WC="0.9987425815384343"></String>
          </TextLine>
          <TextLine ID="line_4"
                    TAGREFS="LT8"
                    BASELINE="248 365 1083 363" 
                    HPOS="247"
                    VPOS="328"
                    WIDTH="836"
                    HEIGHT="57">
            <Shape><Polygon POINTS="248 365 248 376 283 384 284 385 314 385 314 384 315 384 316 384 327 377 372 377 398 384 399 384 400 385 437 385 437 384 438 384 454 377 513 384 515 384 561 378 627 384 628 384 629 384 630 384 641 376 657 376 672 376 674 376 709 383 710 383 796 376 798 376 799 376 822 383 823 383 824 383 883 377 933 383 934 383 935 383 962 377 998 382 999 382 1082 375 1083 363 1082 336 1057 328 1056 328 1055 328 1053 328 1025 336 948 336 934 328 933 328 932 328 893 335 854 328 853 328 852 328 851 328 841 334 823 329 822 329 821 329 820 329 803 336 721 336 694 328 693 328 692 328 691 328 676 335 625 329 624 329 623 329 599 336 559 329 558 329 521 336 459 329 458 329 457 329 443 337 378 337 371 331 370 331 369 331 368 331 366 331 355 336 285 329 284 329 247 337 248 365"/></Shape>
	    <String CONTENT="ad promouendã noſtram ſalutẽ, quàm ipſius gloriam illu"
                    HPOS="247"
                    VPOS="328"
                    WIDTH="836"
                    HEIGHT="57"
                    WC="0.9891797345981264"></String>
          </TextLine>
          <TextLine ID="line_5"
                    TAGREFS="LT8"
                    BASELINE="246 416 1082 412" 
                    HPOS="244"
                    VPOS="376"
                    WIDTH="838"
                    HEIGHT="61">
            <Shape><Polygon POINTS="246 416 246 431 289 437 290 437 291 437 292 437 301 431 306 428 353 428 359 430 374 437 375 437 376 437 377 437 378 437 386 430 390 428 404 428 409 430 419 436 420 436 421 436 453 437 454 437 515 429 519 429 529 436 530 436 531 436 532 437 558 437 558 436 559 436 560 436 570 429 573 427 605 427 616 428 661 436 663 436 664 436 687 428 692 426 710 426 715 427 727 435 728 435 729 435 730 435 731 435 758 427 761 427 763 427 804 433 805 433 806 433 829 426 831 426 832 426 845 434 846 434 847 434 848 434 878 428 886 434 887 434 888 434 889 435 917 435 917 434 918 434 919 434 927 427 978 426 1046 434 1047 434 1048 434 1082 424 1082 412 1081 384 1059 376 1058 376 1033 376 1032 376 1031 376 1030 376 1019 383 966 376 965 376 964 376 963 376 952 384 928 384 903 376 902 376 901 376 867 384 865 384 863 384 843 377 842 377 841 377 840 377 820 384 818 385 699 385 698 384 689 377 688 377 687 377 685 377 684 377 666 384 660 385 654 384 629 378 628 378 627 378 611 384 608 385 606 384 599 378 598 378 597 378 596 378 595 378 576 384 570 385 559 384 525 378 524 378 475 384 451 386 411 386 408 384 403 379 402 379 401 379 400 379 244 383 246 416"/></Shape>
	    <String CONTENT="ſtrandã facere, qui probatos ſuos, inter huiuſmodi turbi¬"
                    HPOS="244"
                    VPOS="376"
                    WIDTH="838"
                    HEIGHT="61"
                    WC="0.9920569596619442"></String>
          </TextLine>
          <TextLine ID="line_6"
                    TAGREFS="LT8"
                    BASELINE="96 457 232 456 232 456" 
                    HPOS="93"
                    VPOS="398"
                    WIDTH="138"
                    HEIGHT="75">
            <Shape><Polygon POINTS="95 456 95 473 229 473 231 454 228 409 111 398 109 398 107 398 93 403 95 456"/></Shape>
	    <String CONTENT="Quo stu¬"
                    HPOS="93"
                    VPOS="398"
                    WIDTH="138"
                    HEIGHT="75"
                    WC="0.9889221861958504"></String>
          </TextLine>
          <TextLine ID="eSc_line_1adf37e2"
                    TAGREFS="LT8"
                    BASELINE="252 460 265 463 324 464 1082 464" 
                    HPOS="250"
                    VPOS="425"
                    WIDTH="831"
                    HEIGHT="53">
            <Shape><Polygon POINTS="251 459 250 478 1079 478 1081 462 1077 425 251 425 251 459"/></Shape>
	    <String CONTENT="nes, &amp; utiliter exercet, &amp; magnifice prodit, ita conuenit"
                    HPOS="250"
                    VPOS="425"
                    WIDTH="831"
                    HEIGHT="53"
                    WC="0.9892938952696951"></String>
          </TextLine>
          <TextLine ID="line_7"
                    TAGREFS="LT8"
                    BASELINE="83 504 219 504 232 506" 
                    HPOS="81"
                    VPOS="459"
                    WIDTH="150"
                    HEIGHT="60">
            <Shape><Polygon POINTS="82 503 81 517 228 519 231 504 229 467 159 459 158 459 120 467 101 459 100 459 98 459 96 459 82 465 82 503"/></Shape>
	    <String CONTENT="dio obuiai"
                    HPOS="81"
                    VPOS="459"
                    WIDTH="150"
                    HEIGHT="60"
                    WC="0.9985279738903046"></String>
          </TextLine>
          <TextLine ID="eSc_line_28ac7bef"
                    TAGREFS="LT8"
                    BASELINE="252 509 271 512 320 513 1082 513" 
                    HPOS="250"
                    VPOS="472"
                    WIDTH="831"
                    HEIGHT="65">
            <Shape><Polygon POINTS="251 508 250 528 522 536 527 536 536 526 564 534 635 526 650 536 699 528 729 536 740 526 819 526 830 536 835 537 894 537 910 526 1079 526 1081 512 1079 481 1029 472 1004 479 832 472 754 479 730 472 724 472 714 479 672 472 630 479 567 472 560 481 480 481 431 472 348 479 341 472 280 472 251 479 251 508"/></Shape>
	    <String CONTENT="nihilominus illis pro uiribus ſpiritus, cui diuinitus dona"
                    HPOS="250"
                    VPOS="472"
                    WIDTH="831"
                    HEIGHT="65"
                    WC="0.979999462426719"></String>
          </TextLine>
          <TextLine ID="line_8"
                    TAGREFS="LT8"
                    BASELINE="82 554 198 554 232 557" 
                    HPOS="79"
                    VPOS="509"
                    WIDTH="152"
                    HEIGHT="75">
            <Shape><Polygon POINTS="81 553 79 570 228 584 231 556 228 511 139 519 129 517 101 509 100 509 98 509 96 509 95 509 81 517 81 553"/></Shape>
	    <String CONTENT="dũ errdri"
                    HPOS="79"
                    VPOS="509"
                    WIDTH="152"
                    HEIGHT="75"
                    WC="0.9990088880062103"></String>
          </TextLine>
          <TextLine ID="eSc_line_22697e0b"
                    TAGREFS="LT8"
                    BASELINE="252 559 287 563 1081 561" 
                    HPOS="251"
                    VPOS="523"
                    WIDTH="828"
                    HEIGHT="67">
            <Shape><Polygon POINTS="469 589 470 589 472 589 488 581 491 579 494 581 516 589 517 589 519 590 608 590 608 589 658 581 675 578 744 578 750 579 765 587 766 587 768 587 769 587 771 587 780 579 783 578 788 579 807 587 808 587 810 587 858 579 872 578 919 578 923 579 930 587 932 587 934 587 935 587 1077 578 1079 559 1076 529 251 523 251 558 251 581"/></Shape>
	    <String CONTENT="ti, obuiamire, dareq́; operã, ut luce ſcripturarũ, figmento"
                    HPOS="251"
                    VPOS="523"
                    WIDTH="828"
                    HEIGHT="67"
                    WC="0.9791136247212769"></String>
          </TextLine>
          <TextLine ID="line_9"
                    TAGREFS="LT8"
                    BASELINE="252 614 1080 612" 
                    HPOS="250"
                    VPOS="573"
                    WIDTH="829"
                    HEIGHT="67">
            <Shape><Polygon POINTS="251 612 251 631 259 637 375 630 431 639 550 630 564 639 572 639 586 630 658 630 779 639 786 630 847 630 862 640 907 640 921 630 996 630 1077 637 1079 611 1073 573 1052 581 694 573 658 581 632 573 624 583 528 583 505 573 381 581 317 573 284 581 253 573 250 575 251 612"/></Shape>
	    <String CONTENT="rum humanæ rationis tenebras, diſpellamus, quod nos qui"
                    HPOS="250"
                    VPOS="573"
                    WIDTH="829"
                    HEIGHT="67"
                    WC="0.993781718340787"></String>
          </TextLine>
          <TextLine ID="line_10"
                    TAGREFS="LT8"
                    BASELINE="240 664 1076 662" 
                    HPOS="239"
                    VPOS="625"
                    WIDTH="837"
                    HEIGHT="59">
            <Shape><Polygon POINTS="240 664 242 680 249 675 255 680 259 683 260 683 261 683 262 684 372 684 372 683 393 679 417 675 549 675 555 679 562 682 564 682 565 682 566 682 567 682 572 678 577 676 595 678 614 681 615 681 616 681 622 678 629 675 633 678 640 683 641 683 642 683 643 683 680 678 684 678 690 678 740 682 741 682 742 682 758 678 770 674 867 674 873 677 879 682 880 682 881 682 883 682 921 677 947 674 972 677 991 679 992 679 1003 677 1012 675 1017 677 1028 681 1030 681 1031 681 1075 676 1076 662 1074 635 989 635 986 634 953 625 952 625 915 625 914 625 913 625 891 633 886 634 870 633 828 628 827 628 826 628 814 632 806 635 687 635 678 631 666 625 665 625 664 625 626 630 605 633 594 630 581 626 580 626 579 626 560 630 533 636 502 636 491 629 486 626 485 626 484 626 483 626 482 626 475 629 459 636 420 636 394 628 386 626 385 626 384 626 239 626 240 664"/></Shape>
	    <String CONTENT="Christi ſumus deceat, haudquaquam minore ſtudio, cum"
                    HPOS="239"
                    VPOS="625"
                    WIDTH="837"
                    HEIGHT="59"
                    WC="0.9977932297266446"></String>
          </TextLine>
          <TextLine ID="line_11"
                    TAGREFS="LT8"
                    BASELINE="237 714 1072 711" 
                    HPOS="236"
                    VPOS="676"
                    WIDTH="836"
                    HEIGHT="59">
            <Shape><Polygon POINTS="237 714 237 726 268 732 270 732 309 726 312 726 314 726 341 734 342 734 344 734 345 734 360 726 361 726 417 726 418 726 429 734 430 734 431 734 432 735 461 735 461 734 462 734 480 726 480 725 530 725 531 725 549 733 550 733 551 733 617 726 631 733 632 733 633 734 676 734 676 733 733 725 734 725 792 733 793 733 837 724 841 724 843 724 884 732 885 732 932 724 934 724 937 724 1027 732 1028 732 1071 723 1072 711 1070 683 994 676 993 676 992 676 991 676 983 683 978 686 950 686 945 683 934 676 933 676 932 676 902 676 901 676 900 676 899 676 890 683 888 684 886 683 879 680 878 680 877 680 855 683 834 685 826 683 808 676 807 676 806 676 805 676 804 676 795 683 791 685 774 683 740 677 739 677 738 677 737 677 728 683 722 687 586 687 574 683 556 677 555 677 554 677 526 683 508 686 502 683 495 678 494 678 493 678 492 678 452 683 437 684 427 683 411 680 410 680 409 680 408 680 405 683 399 687 383 683 368 678 366 678 365 678 335 683 307 687 286 683 264 678 263 678 236 682 237 714"/></Shape>
	    <String CONTENT="hoc noſtrocapite colligere, quã aduerſarius ſoleat diſper"
                    HPOS="236"
                    VPOS="676"
                    WIDTH="836"
                    HEIGHT="59"
                    WC="0.990027012496159"></String>
          </TextLine>
          <TextLine ID="line_12"
                    TAGREFS="LT8"
                    BASELINE="239 766 1073 762" 
                    HPOS="238"
                    VPOS="727"
                    WIDTH="835"
                    HEIGHT="57">
            <Shape><Polygon POINTS="239 766 239 778 288 783 289 783 290 783 291 783 298 778 301 776 338 776 342 778 353 783 354 783 355 784 444 784 444 783 445 783 446 783 454 777 456 776 470 777 541 782 542 782 543 782 555 776 558 775 630 775 634 776 658 782 659 782 660 782 661 782 689 775 691 775 698 775 793 782 794 782 830 774 834 774 839 774 915 781 916 781 973 774 1044 780 1045 780 1046 780 1073 772 1073 762 1071 732 983 727 982 727 981 727 967 732 963 734 960 732 951 727 950 727 949 727 904 727 903 727 902 727 890 733 889 733 883 733 803 727 802 727 769 734 761 736 695 736 693 734 688 730 687 730 685 730 684 730 642 735 636 735 635 735 621 728 620 728 590 728 589 728 587 728 586 728 577 735 576 735 542 731 541 731 519 736 515 737 403 737 366 737 346 729 345 729 344 729 342 729 328 736 270 736 259 731 258 731 257 731 256 731 238 737 239 766"/></Shape>
	    <String CONTENT="gere. Cumq́; ueterator iste, à contemplatione ſolis diuinæ"
                    HPOS="238"
                    VPOS="727"
                    WIDTH="835"
                    HEIGHT="57"
                    WC="0.9778189669221135"></String>
          </TextLine>
          <TextLine ID="line_13"
                    TAGREFS="LT8"
                    BASELINE="235 815 1070 811" 
                    HPOS="234"
                    VPOS="774"
                    WIDTH="836"
                    HEIGHT="61">
            <Shape><Polygon POINTS="235 815 235 827 270 825 276 827 290 833 291 833 292 833 293 833 295 833 303 827 306 825 357 825 360 827 371 834 372 834 373 834 374 835 420 835 420 834 421 834 422 834 432 826 434 825 466 825 473 826 511 834 512 834 556 833 557 833 558 833 571 825 575 824 672 824 673 825 697 830 698 830 725 826 736 833 737 833 738 833 739 833 740 833 769 825 793 832 794 832 795 832 836 825 855 832 856 832 857 832 859 832 860 832 870 825 905 832 906 832 942 824 952 832 953 832 954 832 955 833 1022 833 1022 832 1069 822 1070 811 1067 777 945 783 927 778 925 778 924 778 923 778 911 779 864 782 859 779 850 774 849 774 848 774 819 774 818 774 817 774 816 774 807 780 802 784 707 784 703 781 695 775 694 775 693 775 665 775 664 775 663 775 661 775 653 782 649 785 590 785 580 783 541 776 540 776 538 776 508 784 503 785 501 784 485 776 484 776 483 776 482 776 459 782 442 776 440 776 439 776 390 785 361 776 360 776 302 776 301 776 300 776 275 783 250 776 249 776 248 776 247 776 246 776 234 783 235 815"/></Shape>
	    <String CONTENT="bonitatis, unde omnis cum iustitia, tum ſalus certo gigni¬"
                    HPOS="234"
                    VPOS="774"
                    WIDTH="836"
                    HEIGHT="61"
                    WC="0.9903302850394413"></String>
          </TextLine>
          <TextLine ID="line_14"
                    TAGREFS="LT8"
                    BASELINE="232 865 1071 861" 
                    HPOS="231"
                    VPOS="826"
                    WIDTH="840"
                    HEIGHT="59">
            <Shape><Polygon POINTS="232 865 232 875 257 884 258 884 259 885 292 885 292 884 293 884 295 884 308 876 309 876 353 876 377 884 378 884 379 884 425 876 428 876 497 876 499 876 511 883 512 883 513 884 631 884 631 883 632 883 651 877 658 875 671 877 691 880 692 880 718 877 739 875 748 877 766 882 767 882 768 882 769 882 787 877 801 874 837 874 843 878 851 882 852 882 853 882 854 882 871 878 888 874 1069 878 1071 861 1069 832 994 826 993 826 992 826 979 832 978 833 918 833 917 832 895 826 894 826 893 826 892 826 878 832 876 832 814 826 813 826 812 826 790 833 787 834 742 834 741 833 732 827 731 827 730 827 729 827 660 833 655 833 654 833 635 827 634 827 554 827 553 827 552 827 531 832 470 828 469 828 413 834 408 834 404 834 358 828 357 828 356 828 338 834 337 835 231 835 232 865"/></Shape>
	    <String CONTENT="tur, modis omnibus, ad ſuſpiciendum nihili, ac euanidum"
                    HPOS="231"
                    VPOS="826"
                    WIDTH="840"
                    HEIGHT="59"
                    WC="0.9983897415074435"></String>
          </TextLine>
          <TextLine ID="line_15"
                    TAGREFS="LT8"
                    BASELINE="232 915 1070 910" 
                    HPOS="231"
                    VPOS="873"
                    WIDTH="839"
                    HEIGHT="62">
            <Shape><Polygon POINTS="232 915 233 934 265 925 295 933 296 933 297 933 298 933 314 925 395 925 404 932 407 934 408 934 409 934 410 935 439 935 439 934 440 934 450 931 472 924 507 924 527 930 538 933 540 933 541 933 542 933 549 929 559 924 569 929 577 933 578 933 579 934 650 934 650 933 707 927 747 923 777 926 840 932 841 932 842 932 843 932 855 925 861 922 875 924 910 930 911 930 967 925 1039 931 1040 931 1041 931 1070 921 1070 910 1068 873 1043 873 1042 873 1041 873 1022 882 1008 873 1007 873 1006 873 1004 873 1002 873 940 881 909 873 906 873 905 873 904 873 903 873 901 873 857 884 778 879 777 879 776 879 775 879 769 883 754 875 753 875 752 875 751 875 733 883 708 874 707 874 706 874 673 874 672 874 671 874 670 874 648 885 609 880 608 880 607 880 593 886 509 886 497 876 496 876 495 876 484 875 448 875 447 875 446 875 445 875 435 882 427 876 426 876 425 876 381 876 380 876 379 876 378 876 365 886 340 886 231 877 232 915"/></Shape>
	    <String CONTENT="humanæ induſtriæ uirtutisq́ ſplendorem, unde nihil niſi"
                    HPOS="231"
                    VPOS="873"
                    WIDTH="839"
                    HEIGHT="62"
                    WC="0.9954106135801836"></String>
          </TextLine>
          <TextLine ID="line_16"
                    TAGREFS="LT8"
                    BASELINE="232 965 1068 959" 
                    HPOS="231"
                    VPOS="923"
                    WIDTH="837"
                    HEIGHT="65">
            <Shape><Polygon POINTS="232 965 232 988 273 986 274 986 275 986 288 977 324 977 353 985 355 986 356 986 357 986 451 985 452 985 453 985 454 984 467 976 508 983 523 985 524 985 542 982 582 975 609 981 623 984 624 984 625 984 633 981 647 975 666 980 680 984 681 984 682 985 732 985 732 984 761 979 780 975 806 978 827 980 828 980 842 977 857 974 874 977 894 980 895 980 896 980 897 980 902 976 909 973 965 973 969 975 977 982 978 982 979 982 981 983 1016 983 1016 982 1067 973 1068 959 1066 933 1022 923 1021 923 1020 923 1019 923 1003 933 933 933 901 923 900 923 899 923 842 931 826 927 825 927 824 927 823 927 822 927 813 933 785 925 783 925 782 925 731 934 690 929 689 929 688 929 687 929 679 935 590 935 572 929 571 929 570 929 541 934 530 926 529 926 528 926 493 926 492 926 491 926 463 935 356 927 355 927 354 927 353 927 344 935 333 927 332 927 331 927 249 927 248 927 247 927 246 927 231 935 232 965"/></Shape>
	    <String CONTENT="faſtidioſa hypocriſis, &amp; certa pernities indubitato naſci¬"
                    HPOS="231"
                    VPOS="923"
                    WIDTH="837"
                    HEIGHT="65"
                    WC="0.9973547746395243"></String>
          </TextLine>
          <TextLine ID="line_17"
                    TAGREFS="LT8"
                    BASELINE="229 1015 1067 1009" 
                    HPOS="228"
                    VPOS="976"
                    WIDTH="839"
                    HEIGHT="57">
            <Shape><Polygon POINTS="229 1015 229 1033 304 1026 348 1032 354 1032 355 1032 360 1031 396 1025 412 1031 417 1032 418 1032 419 1032 420 1032 424 1030 437 1025 467 1030 482 1032 483 1032 484 1032 494 1029 508 1025 535 1029 547 1030 548 1030 549 1030 556 1028 574 1024 594 1028 612 1031 614 1032 723 1032 723 1031 724 1031 736 1026 741 1023 780 1025 873 1030 874 1030 908 1023 914 1022 918 1023 948 1029 949 1030 1014 1030 1014 1029 1067 1020 1067 1009 1065 982 917 976 916 976 915 976 897 983 895 983 883 983 816 979 815 979 720 984 705 984 700 984 663 979 661 979 660 979 648 984 630 978 629 978 564 978 562 978 561 978 547 984 522 979 521 979 395 986 381 986 379 986 358 980 357 980 356 980 279 985 246 980 244 980 243 980 228 985 229 1015"/></Shape>
	    <String CONTENT="tur, animos mortalium detorquere conatur, nobis præci¬"
                    HPOS="228"
                    VPOS="976"
                    WIDTH="839"
                    HEIGHT="57"
                    WC="0.9967131018638611"></String>
          </TextLine>
          <TextLine ID="line_18"
                    TAGREFS="LT8"
                    BASELINE="231 1067 1065 1060" 
                    HPOS="230"
                    VPOS="1023"
                    WIDTH="835"
                    HEIGHT="58">
            <Shape><Polygon POINTS="231 1067 231 1081 370 1075 464 1075 472 1078 474 1080 475 1080 476 1080 477 1080 488 1078 510 1074 533 1077 546 1079 547 1079 569 1077 591 1075 594 1077 599 1080 600 1080 601 1080 602 1080 720 1079 744 1075 754 1073 759 1075 769 1078 770 1078 771 1078 813 1074 823 1073 824 1074 830 1078 831 1078 832 1078 834 1079 915 1079 915 1078 916 1078 917 1078 923 1073 932 1077 933 1077 934 1077 1064 1070 1065 1060 1063 1031 1031 1031 1031 1030 1018 1023 1017 1023 1016 1023 1015 1023 1014 1023 994 1030 992 1030 877 1024 876 1024 875 1024 874 1024 865 1030 863 1032 786 1032 775 1030 753 1025 699 1025 698 1025 697 1025 681 1030 672 1032 655 1030 631 1026 630 1026 629 1026 628 1026 624 1029 618 1033 538 1029 486 1027 485 1027 484 1027 483 1027 480 1029 472 1034 414 1029 389 1027 388 1027 387 1027 382 1029 369 1035 359 1029 358 1028 357 1028 356 1028 355 1028 338 1029 277 1033 230 1029 231 1067"/></Shape>
	    <String CONTENT="pue in hoc incumbendum est, ut fide Euangelij hominibus"
                    HPOS="230"
                    VPOS="1023"
                    WIDTH="835"
                    HEIGHT="58"
                    WC="0.9933559851212935"></String>
          </TextLine>
          <TextLine ID="line_19"
                    TAGREFS="LT8"
                    BASELINE="228 1113 1062 1111" 
                    HPOS="227"
                    VPOS="1076"
                    WIDTH="835"
                    HEIGHT="55">
            <Shape><Polygon POINTS="228 1113 228 1127 450 1123 456 1126 464 1130 466 1130 467 1131 581 1131 581 1130 582 1130 593 1125 597 1123 609 1125 643 1130 644 1130 706 1124 720 1123 727 1124 757 1129 758 1129 759 1129 761 1129 768 1124 770 1122 808 1122 826 1123 891 1129 892 1129 893 1129 906 1123 908 1123 1017 1127 1018 1127 1061 1121 1062 1111 1060 1083 972 1076 971 1076 927 1083 924 1083 921 1083 885 1076 884 1076 883 1076 864 1083 863 1083 842 1076 841 1076 840 1076 804 1081 754 1076 753 1076 709 1083 700 1076 699 1076 698 1076 667 1076 666 1076 626 1084 621 1085 438 1085 436 1084 399 1077 398 1077 397 1077 381 1084 361 1079 360 1079 359 1079 326 1084 316 1077 315 1077 314 1077 284 1077 283 1077 227 1084 228 1113"/></Shape>
	    <String CONTENT="oculi corroborentur, quouiuificos ſolis illis diuinæ bene¬"
                    HPOS="227"
                    VPOS="1076"
                    WIDTH="835"
                    HEIGHT="55"
                    WC="0.9933312977182454"></String>
          </TextLine>
          <TextLine ID="line_20"
                    TAGREFS="LT8"
                    BASELINE="222 1163 806 1163" 
                    HPOS="222"
                    VPOS="1129"
                    WIDTH="584"
                    HEIGHT="54">
            <Shape><Polygon POINTS="222 1163 222 1181 428 1175 438 1179 449 1183 450 1183 451 1183 452 1183 470 1179 484 1175 507 1178 543 1183 544 1183 579 1177 593 1175 596 1177 602 1182 602 1183 603 1183 604 1183 605 1183 659 1178 703 1183 704 1183 705 1183 706 1183 706 1182 714 1176 715 1175 716 1176 734 1181 736 1181 737 1181 738 1181 754 1175 759 1180 759 1181 761 1181 762 1181 763 1181 806 1174 806 1163 806 1138 639 1138 632 1131 631 1131 630 1131 629 1131 548 1137 535 1130 534 1130 533 1130 532 1130 520 1136 515 1130 515 1129 513 1129 512 1129 482 1129 481 1129 445 1137 408 1129 407 1129 374 1137 350 1129 349 1129 348 1129 315 1136 308 1129 307 1129 306 1129 256 1129 255 1129 222 1137 222 1163"/></Shape>
	    <String CONTENT="uolentiæ radios, rite percipere queant."
                    HPOS="222"
                    VPOS="1129"
                    WIDTH="584"
                    HEIGHT="54"
                    WC="0.9893281719623468"></String>
          </TextLine>
        </TextBlock>
        <TextBlock HPOS="86"
                   VPOS="418"
                   WIDTH="160"
                   HEIGHT="200"
                   ID="block_1"
                   TAGREFS="BT990">
          <Shape><Polygon POINTS="246 418 246 618 86 618 86 418"/></Shape>
          <TextLine ID="line_21"
                    TAGREFS="LT8"
                    BASELINE="82 604 169 604" 
                    HPOS="82"
                    VPOS="565"
                    WIDTH="87"
                    HEIGHT="83">
            <Shape><Polygon POINTS="82 604 82 648 119 648 119 647 120 647 143 634 153 630 169 630 169 604 169 578 120 575 116 572 107 565 106 565 105 565 104 565 82 568 82 604"/></Shape>
	    <String CONTENT="bus."
                    HPOS="82"
                    VPOS="565"
                    WIDTH="87"
                    HEIGHT="83"
                    WC="0.999973326921463"></String>
          </TextLine>
        </TextBlock>
        <TextBlock HPOS="461"
                   VPOS="118"
                   WIDTH="434"
                   HEIGHT="54"
                   ID="block_3"
                   TAGREFS="BT18">
          <Shape><Polygon POINTS="895 118 895 172 461 172 461 118"/></Shape>
          <TextLine ID="line_0"
                    TAGREFS="LT10"
                    BASELINE="461 157 888 155" 
                    HPOS="460"
                    VPOS="117"
                    WIDTH="428"
                    HEIGHT="56">
            <Shape><Polygon POINTS="867 124 856 124 846 124 836 124 825 124 815 124 804 124 794 124 783 124 773 124 763 124 752 124 742 124 731 124 721 124 710 124 700 124 690 124 679 124 669 124 658 124 648 124 638 124 627 124 617 124 606 124 596 124 585 124 575 124 565 124 554 124 544 124 533 124 523 124 512 124 502 124 492 124 481 124 480 117 476 117 475 117 474 117 460 121 461 157 461 167 672 173 673 173 674 173 696 167 731 171 732 171 733 171 734 171 734 170 740 166 746 166 874 171 875 171 876 171 888 165 888 155 886 124 877 124"/></Shape>
	    <String CONTENT="MARTINI BVCERI"
                    HPOS="460"
                    VPOS="117"
                    WIDTH="428"
                    HEIGHT="56"
                    WC="0.9999374619552067"></String>
          </TextLine>
        </TextBlock>
        <TextBlock HPOS="59"
                   VPOS="1179"
                   WIDTH="171"
                   HEIGHT="411"
                   ID="eSc_textblock_75a76715"
                   TAGREFS="BT990">
          <Shape><Polygon POINTS="59 1587 59 1179 230 1182 224 1590"/></Shape>
          <TextLine ID="line_24"
                    TAGREFS="LT8"
                    BASELINE="61 1320 218 1315" 
                    HPOS="57"
                    VPOS="1274"
                    WIDTH="160"
                    HEIGHT="67">
            <Shape><Polygon POINTS="59 1319 59 1335 109 1341 111 1341 112 1341 168 1327 170 1327 201 1338 203 1338 204 1338 206 1338 208 1338 208 1336 217 1325 217 1314 212 1274 57 1278 59 1319"/></Shape>
	    <String CONTENT="Quib-ar¬"
                    HPOS="57"
                    VPOS="1274"
                    WIDTH="160"
                    HEIGHT="67"
                    WC="0.9651666507124901"></String>
          </TextLine>
          <TextLine ID="line_25"
                    TAGREFS="LT8"
                    BASELINE="57 1370 218 1366" 
                    HPOS="54"
                    VPOS="1327"
                    WIDTH="163"
                    HEIGHT="64">
            <Shape><Polygon POINTS="56 1369 56 1381 156 1391 158 1391 159 1391 181 1380 204 1389 206 1389 208 1389 209 1389 211 1389 211 1388 217 1381 217 1364 214 1330 54 1327 56 1369"/></Shape>
	    <String CONTENT="mis ſuper."
                    HPOS="54"
                    VPOS="1327"
                    WIDTH="163"
                    HEIGHT="64"
                    WC="0.9923421740531921"></String>
          </TextLine>
          <TextLine ID="line_26"
                    TAGREFS="LT8"
                    BASELINE="56 1419 218 1416" 
                    HPOS="53"
                    VPOS="1381"
                    WIDTH="164"
                    HEIGHT="58">
            <Shape><Polygon POINTS="54 1417 54 1430 92 1439 93 1439 217 1430 217 1414 214 1383 53 1381 54 1417"/></Shape>
	    <String CONTENT="orib ſæcu"
                    HPOS="53"
                    VPOS="1381"
                    WIDTH="164"
                    HEIGHT="58"
                    WC="0.9996368620130751"></String>
          </TextLine>
          <TextLine ID="line_27"
                    TAGREFS="LT8"
                    BASELINE="54 1471 218 1467" 
                    HPOS="51"
                    VPOS="1430"
                    WIDTH="166"
                    HEIGHT="62">
            <Shape><Polygon POINTS="53 1469 53 1489 132 1492 134 1492 179 1483 190 1491 192 1491 193 1491 195 1491 197 1491 217 1480 217 1466 214 1435 51 1430 53 1469"/></Shape>
	    <String CONTENT="lis oppu¬"
                    HPOS="51"
                    VPOS="1430"
                    WIDTH="166"
                    HEIGHT="62"
                    WC="0.9988446036974589"></String>
          </TextLine>
          <TextLine ID="line_28"
                    TAGREFS="LT8"
                    BASELINE="54 1524 218 1518" 
                    HPOS="51"
                    VPOS="1477"
                    WIDTH="166"
                    HEIGHT="67">
            <Shape><Polygon POINTS="53 1522 53 1544 120 1535 131 1536 159 1543 161 1543 162 1543 164 1543 164 1541 173 1532 175 1530 217 1527 217 1517 214 1489 161 1477 159 1477 158 1477 156 1477 137 1491 51 1492 53 1522"/></Shape>
	    <String CONTENT="gnata ſit"
                    HPOS="51"
                    VPOS="1477"
                    WIDTH="166"
                    HEIGHT="67"
                    WC="0.9450684719615512"></String>
          </TextLine>
          <TextLine ID="line_29"
                    TAGREFS="LT8"
                    BASELINE="53 1573 218 1568" 
                    HPOS="50"
                    VPOS="1533"
                    WIDTH="167"
                    HEIGHT="63">
            <Shape><Polygon POINTS="51 1572 53 1596 79 1586 165 1588 167 1588 168 1588 170 1588 170 1586 172 1586 176 1580 215 1588 217 1566 212 1533 50 1535 51 1572"/></Shape>
	    <String CONTENT="ueritas."
                    HPOS="50"
                    VPOS="1533"
                    WIDTH="167"
                    HEIGHT="63"
                    WC="0.9967339187860489"></String>
          </TextLine>
        </TextBlock>
        <TextBlock HPOS="234"
                   VPOS="1179"
                   WIDTH="834"
                   HEIGHT="408"
                   ID="block_0"
                   TAGREFS="BT988">
          <Shape><Polygon POINTS="1068 1179 1068 1587 234 1587 234 1179"/></Shape>
          <TextLine ID="line_22"
                    TAGREFS="LT8"
                    BASELINE="275 1216 1062 1212" 
                    HPOS="274"
                    VPOS="1174"
                    WIDTH="788"
                    HEIGHT="58">
            <Shape><Polygon POINTS="275 1216 275 1223 298 1231 299 1231 300 1232 339 1232 339 1231 340 1231 354 1224 385 1229 386 1229 414 1224 415 1224 417 1224 435 1231 436 1231 437 1231 438 1231 466 1224 472 1223 478 1224 504 1230 505 1230 537 1224 547 1223 561 1224 594 1228 595 1228 678 1225 734 1223 743 1225 754 1229 755 1229 756 1229 794 1225 811 1224 828 1226 863 1229 864 1229 896 1226 943 1221 966 1226 976 1228 977 1228 1061 1226 1062 1212 1058 1174 1033 1182 989 1182 981 1175 979 1174 978 1174 977 1174 976 1174 975 1174 974 1174 973 1175 965 1182 942 1176 941 1176 940 1176 905 1182 875 1177 870 1176 869 1176 868 1176 866 1177 849 1183 825 1177 816 1175 815 1175 814 1175 813 1175 807 1178 798 1183 743 1183 733 1179 726 1175 725 1175 724 1175 723 1175 713 1179 701 1183 691 1179 684 1177 683 1177 682 1177 681 1177 674 1180 660 1185 644 1180 639 1179 638 1179 636 1179 593 1181 522 1185 508 1182 471 1176 470 1176 413 1177 412 1177 411 1177 403 1185 401 1186 389 1185 337 1178 336 1178 335 1178 334 1178 328 1183 301 1179 300 1179 299 1179 274 1186 275 1216"/></Shape>
	    <String CONTENT="Quemadmodum enim Paulo benignitatem Dei omni"
                    HPOS="274"
                    VPOS="1174"
                    WIDTH="788"
                    HEIGHT="58"
                    WC="0.9920634329319"></String>
          </TextLine>
          <TextLine ID="line_23"
                    TAGREFS="LT8"
                    BASELINE="227 1265 1061 1261" 
                    HPOS="225"
                    VPOS="1219"
                    WIDTH="835"
                    HEIGHT="64">
            <Shape><Polygon POINTS="226 1264 226 1283 1059 1277 1060 1260 1057 1231 923 1231 912 1219 849 1230 815 1219 802 1231 757 1230 697 1220 655 1231 638 1220 602 1231 517 1222 492 1233 461 1224 419 1231 408 1222 372 1233 298 1222 225 1227 226 1264"/></Shape>
	    <String CONTENT="ſtudio attollenti, Satanæ ſatellites prædicando circum¬"
                    HPOS="225"
                    VPOS="1219"
                    WIDTH="835"
                    HEIGHT="64"
                    WC="0.9943077033216303"></String>
          </TextLine>
          <TextLine ID="eSc_line_f8aa1fdc"
                    TAGREFS="LT8"
                    BASELINE="227 1315 258 1314 1059 1311" 
                    HPOS="225"
                    VPOS="1270"
                    WIDTH="832"
                    HEIGHT="66">
            <Shape><Polygon POINTS="226 1314 228 1336 267 1327 289 1335 322 1327 367 1335 392 1327 483 1335 583 1327 613 1335 625 1335 691 1325 735 1335 910 1335 926 1325 1013 1333 1037 1324 1052 1331 1057 1310 1056 1280 1031 1270 991 1280 955 1270 943 1281 904 1281 888 1270 880 1270 871 1281 822 1281 777 1270 755 1280 724 1270 700 1280 413 1272 403 1281 384 1274 297 1281 287 1272 245 1272 225 1281 226 1314"/></Shape>
	    <String CONTENT="ciſionem, Sabbatha &amp; idgenus externa, ad quæ homi¬"
                    HPOS="225"
                    VPOS="1270"
                    WIDTH="832"
                    HEIGHT="66"
                    WC="0.9764458322525025"></String>
          </TextLine>
          <TextLine ID="eSc_line_6b669ab8"
                    TAGREFS="LT8"
                    BASELINE="227 1366 299 1364 1058 1361" 
                    HPOS="226"
                    VPOS="1322"
                    WIDTH="831"
                    HEIGHT="66">
            <Shape><Polygon POINTS="226 1381 301 1377 330 1388 356 1377 433 1386 478 1377 488 1386 530 1378 581 1386 707 1375 718 1385 761 1377 912 1385 944 1375 1012 1383 1056 1372 1057 1360 1052 1325 522 1331 508 1324 342 1330 323 1322 247 1331 226 1324 226 1381"/></Shape>
	    <String CONTENT="numuires poſſunt pertingere, negocium faceſſebant, ſic"
                    HPOS="226"
                    VPOS="1322"
                    WIDTH="831"
                    HEIGHT="66"
                    WC="0.9959679709540473"></String>
          </TextLine>
          <TextLine ID="eSc_line_316f38ae"
                    TAGREFS="LT8"
                    BASELINE="227 1416 364 1413 1053 1412" 
                    HPOS="225"
                    VPOS="1372"
                    WIDTH="827"
                    HEIGHT="63">
            <Shape><Polygon POINTS="226 1414 226 1435 337 1427 373 1433 375 1433 377 1433 378 1433 378 1432 384 1425 403 1433 405 1433 406 1433 408 1433 431 1425 488 1425 495 1432 495 1433 497 1433 499 1433 500 1433 502 1433 503 1433 513 1425 616 1433 624 1433 625 1433 627 1433 628 1433 652 1425 663 1433 664 1433 666 1433 668 1433 672 1433 719 1425 1049 1430 1052 1411 1051 1375 225 1372 226 1414"/></Shape>
	    <String CONTENT="poſtea adſerentibus candem, ſanctis Dei confeſſoribus,"
                    HPOS="225"
                    VPOS="1372"
                    WIDTH="827"
                    HEIGHT="63"
                    WC="0.9940601896356653"></String>
          </TextLine>
          <TextLine ID="eSc_line_13ce233b"
                    TAGREFS="LT8"
                    BASELINE="227 1467 396 1463 1057 1463" 
                    HPOS="225"
                    VPOS="1421"
                    WIDTH="831"
                    HEIGHT="64">
            <Shape><Polygon POINTS="226 1466 228 1485 259 1475 514 1483 536 1475 549 1483 596 1475 980 1483 993 1475 1052 1483 1056 1461 1052 1421 999 1428 971 1421 948 1430 736 1430 710 1421 688 1428 658 1421 619 1428 596 1421 531 1428 505 1421 469 1428 461 1421 394 1421 319 1428 278 1421 225 1430 226 1466"/></Shape>
	    <String CONTENT="&amp; liberæ electioni eius, bonitati́ omnia accepta ferenti"
                    HPOS="225"
                    VPOS="1421"
                    WIDTH="831"
                    HEIGHT="64"
                    WC="0.9796790093706366"></String>
          </TextLine>
          <TextLine ID="eSc_line_9cca6f7c"
                    TAGREFS="LT8"
                    BASELINE="227 1517 340 1513 1055 1510" 
                    HPOS="225"
                    VPOS="1467"
                    WIDTH="829"
                    HEIGHT="61">
            <Shape><Polygon POINTS="226 1516 226 1528 1052 1522 1054 1508 1051 1478 1001 1469 982 1477 971 1467 963 1467 952 1478 866 1478 852 1469 827 1477 819 1467 761 1478 752 1471 708 1478 699 1469 649 1477 608 1469 588 1478 525 1471 516 1480 495 1472 436 1480 422 1471 337 1471 330 1480 306 1471 286 1480 225 1477 226 1516"/></Shape>
	    <String CONTENT="bus, hoſtis ille ueritatis, ſimilibus instructos armis ſuos"
                    HPOS="225"
                    VPOS="1467"
                    WIDTH="829"
                    HEIGHT="61"
                    WC="0.997948408126831"></String>
          </TextLine>
          <TextLine ID="eSc_line_4caf3066"
                    TAGREFS="LT8"
                    BASELINE="227 1568 344 1564 1056 1561" 
                    HPOS="225"
                    VPOS="1519"
                    WIDTH="829"
                    HEIGHT="83">
            <Shape><Polygon POINTS="226 1566 228 1596 255 1589 267 1600 303 1594 341 1602 356 1591 364 1597 370 1597 405 1589 495 1602 514 1589 539 1602 718 1602 733 1593 840 1599 946 1586 1052 1589 1054 1560 1051 1528 854 1519 846 1530 775 1530 768 1521 725 1528 711 1528 677 1521 611 1528 591 1521 500 1530 422 1522 225 1527 226 1566"/></Shape>
	    <String CONTENT="ohiecit, qui libero arbitrio, noſtrisis́ operibus nihil non"
                    HPOS="225"
                    VPOS="1519"
                    WIDTH="829"
                    HEIGHT="83"
                    WC="0.9685007929801941"></String>
          </TextLine>
        </TextBlock>
        <TextBlock HPOS="928"
                   VPOS="1575"
                   WIDTH="134"
                   HEIGHT="62"
                   ID="block_2"
                   TAGREFS="BT17">
          <Shape><Polygon POINTS="1062 1575 1062 1637 928 1637 928 1575"/></Shape>
          <TextLine ID="line_30"
                    TAGREFS="LT8"
                    BASELINE="927 1615 1055 1612" 
                    HPOS="925"
                    VPOS="1574"
                    WIDTH="130"
                    HEIGHT="77">
            <Shape><Polygon POINTS="927 1648 968 1651 969 1651 970 1651 990 1645 1013 1638 1053 1641 1055 1612 1052 1580 968 1574 967 1574 925 1580 927 1615"/></Shape>
	    <String CONTENT="tribue¬"
                    HPOS="925"
                    VPOS="1574"
                    WIDTH="130"
                    HEIGHT="77"
                    WC="0.999015714441027"></String>
          </TextLine>
        </TextBlock>
      </PrintSpace>
    </Page>
  </Layout>
</alto>
